customer_id,msisdn,national_id,first_name,last_name,gender,date_of_birth,registration_date,plan_type,status,state,balance
154f1646-cab1-4523-86c6-bc79474aba99,09122181960,01338908386,Mustafa,Osman,M,1979-10-11,2023-10-27,hybrid,active,Kadugli,32.49
3c24319c-ef34-44f8-92d7-394eba6e9f70,09123511615,59407816184,Leila,Idris,F,1992-06-11,2024-11-28,prepaid,active,Khartoum,3306.32
d0452ad8-9aca-4f89-8c22-ffea89311753,09164752553,41928327648,Ali,Hassan,M,1979-09-14,2022-10-04,prepaid,active,Khartoum,4025.23
a321d0dd-f9cb-4984-8715-c7b8d37625f1,09185376724,23884969653,Hassan,Mahjoub,M,1972-05-29,2024-05-02,postpaid,active,Khartoum,4305.51
f6917e40-0ac1-4140-9bf7-934019537ea3,09126697848,01845146270,Omer,Suleiman,M,1983-08-18,2024-04-04,prepaid,active,Omdurman,4352.59
3caeb520-3a46-4e61-901b-a28c50b4eae8,09128809570,15430391171,Ibrahim,Issa,M,1971-04-13,2021-02-02,hybrid,active,Wad Madani,825.63
856e28d5-3e58-4ae5-b842-6d0358a0a40a,09183465787,13315098393,Sara,Bakri,F,1960-08-23,2020-08-08,hybrid,active,Port Sudan,337.0
f9308e7a-5ed6-4091-85ff-21ddcd54e503,09124738299,73763116566,Huda,Nour,F,2001-11-24,2020-06-17,hybrid,active,Dongola,-1359.66
a90a0266-823b-4c61-8703-24b89ed59896,09128726247,31781080132,Ali,Ibrahim,M,1996-06-17,2024-02-17,postpaid,active,Nyala,4512.21
56952a66-9e6d-49bc-b5fe-a60cc64928a2,09164687234,30980500978,Salah,Idris,M,1974-02-14,2020-06-25,hybrid,active,Bahri,342.61
a105de05-8243-427b-a015-446c5171ea8f,09183990916,99854353462,Salah,Hassan,M,1986-11-30,2023-11-21,postpaid,churned,Ed Damazin,-1894.82
582df250-f9a9-48ae-9168-14e6d2827bb2,09128425135,42784980841,Khalid,Bakri,M,1972-01-18,2022-04-01,prepaid,suspended,Sennar,2766.12
f066f5c7-311e-4526-ab83-5c53af1312a7,09184874016,40052427868,Osman,Ibrahim,M,1960-11-12,2020-12-13,prepaid,churned,Sennar,4519.64
2948d1cc-f517-451b-826b-03d9855d1651,09126204505,33158692322,Intisar,Bakri,F,1996-12-27,2020-03-18,prepaid,active,El Obeid,3911.93
409150be-5a8c-4c17-a04b-e8a807598ebd,09181607337,54330365414,Mustafa,Ali,M,1991-07-03,2025-06-16,hybrid,active,Kadugli,2681.08
e9408c00-dc10-469e-8906-8136cb2fb358,09184019655,69816934060,Mustafa,Ali,M,1977-09-04,2023-02-05,postpaid,active,Dongola,4603.85
d2843e39-f7c1-4b16-b862-efca5795738b,09166564823,66299468044,Abdalla,Nour,M,1978-11-09,2023-08-28,hybrid,active,El Obeid,2324.94
f0bf95c4-2629-460e-91cc-cf4647812396,09182148951,34332003791,Tariq,Fadl,M,2000-11-09,2023-07-11,hybrid,active,Sennar,3481.77
6223d4c3-6c21-4e10-a9f7-05c19761aad5,09126328708,31727889579,Ibrahim,Adam,M,1998-04-14,2024-08-29,postpaid,suspended,Sennar,4307.47
2e1ae942-2a3f-4677-9239-a72bebefb62a,09163471434,55812236231,Mustafa,Nour,M,1997-03-21,2023-06-20,postpaid,active,Nyala,311.33
7c1c6391-9920-4185-886c-e88dd5153ee7,09186705466,88937346706,Intisar,Adam,F,1990-02-26,2023-06-10,hybrid,active,El Fasher,4597.71
6b503642-ec82-4a52-b886-d491574e49d2,09180162720,46537556464,Salah,Mahjoub,M,1967-05-07,2024-01-01,prepaid,active,Khartoum,4999.54
3f23df54-b4a1-4bb2-82c8-e09cccc6df44,09123092327,19374529912,Mohammed,Adam,M,1987-11-27,2020-12-01,hybrid,active,Kassala,2878.98
f8804035-294f-411a-b0aa-6d8a6a716031,09129314919,05865185067,Hala,Ibrahim,F,1969-06-20,2023-09-08,postpaid,active,Kadugli,2298.7
2d6aac55-3998-4981-b47c-ea8c98936edb,09188776945,31473799650,Tariq,Idris,M,2004-05-06,2022-10-06,prepaid,active,El Obeid,3989.16
52f48b42-687e-4223-b160-0e2c5e49c07d,09183136783,77701436349,Abeer,Adam,F,1993-02-08,2024-01-10,hybrid,active,Nyala,4983.16
f6d1c153-730c-4edf-bc20-58d60787380b,09164313518,23374989413,Widad,Idris,F,1986-07-30,2021-12-07,postpaid,active,Khartoum,3540.09
685a931a-2928-43fb-817f-cffe3f3ffe11,09162710947,77520471167,Mohammed,Bakri,M,1966-08-24,2024-11-27,hybrid,active,Bahri,745.99
588a88fe-54aa-4f34-9b22-8a64dc4effc0,09128699938,67749649909,Huda,Osman,F,1968-11-25,2021-10-07,hybrid,active,Dongola,405.94
d90d25f9-7668-4644-96bf-b5e6b06962f4,09167974034,47134936183,Yousif,Adam,M,1973-05-14,2022-04-05,prepaid,active,Bahri,3963.14
38c45d31-5542-4430-81d5-759a84c801d7,09164648877,19065940139,Widad,Hassan,F,1961-11-10,2022-04-17,hybrid,active,Gedaref,875.95
7b2d0de5-75a4-47fd-8ce5-02885e5cfc35,09186717565,51256746807,Nadia,Ali,F,1967-11-25,2022-09-04,postpaid,active,Gedaref,2020.88
e545418e-66b0-4593-bad2-fa102da147ba,09160385977,03482477109,Jamal,Bashir,M,1981-06-20,2021-05-07,postpaid,active,Wad Madani,2039.95
23f2d720-38c1-4eab-b66f-0348abb2b018,09182748467,73782639821,Abdelrahman,Hassan,M,1984-10-13,2023-07-13,postpaid,churned,Wad Madani,1335.86
5242c023-9354-4b0d-8c58-bf1fcca2bb72,09187278755,88675339636,Intisar,Mahjoub,F,1963-12-01,2022-09-15,hybrid,active,Ed Damazin,-58.92
80038563-dc29-4efa-84f4-4fbfe24cd263,09128951718,70262174596,Mahdi,Mohamed,M,1967-03-16,2022-10-17,hybrid,suspended,Nyala,4770.7
b3a3faa9-de77-48f3-adac-2366a7a2c1a3,09181343161,17240050455,Abeer,Mohamed,F,1998-08-21,2021-03-28,prepaid,active,Atbara,3409.0
f6c6cf80-d5b1-4a62-bc1e-6ddeac012e27,09169379237,47407482175,Khalid,Suleiman,M,1986-11-02,2025-06-08,postpaid,active,El Fasher,4226.52
af22869d-fd5c-4f94-a7fe-aa4d886eced3,09126959440,64090974395,Nahla,Hassan,F,1979-08-25,2025-05-31,prepaid,active,Dongola,3777.89
7ca817f0-50d7-4a42-9798-1ae72cb3840f,09167095214,56232858842,Omar,Mohamed,M,1983-01-20,2024-02-06,postpaid,active,El Obeid,4021.16
ae6215a5-8d9c-4e14-bf14-c31d02c8a04a,09186851604,81754965137,Ibrahim,Osman,M,1962-03-31,2025-04-08,hybrid,active,Atbara,1106.84
4050b6e8-9359-4196-921c-0785384d99dc,09122004711,38267586926,Samira,Hamid,F,1968-11-18,2025-11-18,hybrid,active,Kassala,163.58
8b10ad1b-2dba-4f29-af4d-528fc44f3b19,09185850643,17139005329,Babiker,Hassan,M,1978-05-30,2020-08-01,hybrid,active,Port Sudan,4065.26
98d23d6c-a636-4235-9db0-5b5949bf288d,09162284210,20539502402,Nasr,Adam,M,1997-10-07,2024-06-22,prepaid,active,El Fasher,2241.38
754d6fff-e95b-46f0-8c4c-563e8ee30868,09129084700,76617711592,Abdelrahman,Nour,M,1965-11-22,2021-01-27,postpaid,active,Atbara,2741.78
bda1acff-857c-4206-9580-c8d71d59f1ff,09186118367,36576615654,Widad,Nour,F,1993-07-31,2021-04-19,hybrid,churned,Omdurman,456.12
099916c1-3db1-45da-8b97-df5f3d5b68bc,09128098851,,Mariam,Issa,F,1979-02-01,2021-04-25,hybrid,active,Kadugli,541.09
d0110cc5-4e3b-4f38-9693-36e603713eea,09168998094,02445502296,Intisar,Osman,F,1966-03-30,2021-03-16,hybrid,active,Khartoum,458.79
83a8a47b-86da-4d0f-b052-dcb8ff9178ed,09162545991,02290147679,Dina,Bashir,F,1999-08-28,2023-07-10,postpaid,active,Wad Madani,569.09
8095aa97-247b-4c09-886d-0a964201017d,09184036900,34324451076,Intisar,Fadl,F,1975-10-06,2021-02-05,postpaid,active,Port Sudan,2501.31
32f93968-1c4f-4916-b674-9c71032407a9,09180607159,69664160529,Huda,Yousif,F,2001-04-11,2023-01-29,prepaid,active,Omdurman,1216.58
27be18fc-73b7-4bc7-8732-a8f53855dfbe,09185352181,88355231243,Salah,Salih,M,1975-07-26,2025-02-14,prepaid,suspended,Dongola,376.77
10d5ae44-8c1b-449d-821d-73611a626c55,09187995527,17744905814,Widad,Mahjoub,F,2001-06-04,2023-11-05,prepaid,active,Kadugli,1435.39
6aad867f-bd29-4294-8d0b-1fbce129463f,09186798079,35978207151,Nasr,Suleiman,M,1975-06-25,2020-05-01,prepaid,active,El Fasher,2620.34
c17ad546-c5b3-441e-a8c1-3051817872a6,09166590515,18644925192,Mona,Salih,F,1991-05-20,2022-08-21,hybrid,active,Nyala,644.76
84633ca1-767b-4f93-8655-b9639c597788,09165281685,05423573322,Abdalla,Bakri,M,1966-12-03,2022-07-07,prepaid,active,Wad Madani,4175.6
10b883d9-4ca2-4389-a852-066344483cf7,09129622292,70653794738,Osman,Suleiman,M,1981-06-16,2022-08-19,postpaid,churned,Port Sudan,1839.2
8ade3996-c624-4678-9fdc-5c3e8646f16c,09168862392,40758181412,Widad,Salih,F,1984-06-21,2023-10-27,hybrid,active,Nyala,458.57
35289f49-4120-4490-9e00-45628c7cf19f,09160685361,53051522047,Mona,Adam,F,1972-06-13,2023-12-28,postpaid,active,Ed Damazin,396.13
1da5d210-5f87-4ff3-a50a-c4a13cc8b1c6,09186143410,36971179808,Jamal,Suleiman,M,1981-09-14,2021-03-22,postpaid,active,Atbara,1764.08
a2f97c65-12dd-4ba3-917d-01203d1f3492,09161888880,67065405153,Khalid,Nour,M,1969-04-19,2024-12-12,hybrid,suspended,Bahri,221.68
47043ac0-a86f-4a56-b755-1d4d6cd2c0eb,09182217043,03054868740,Abdelrahman,Fadl,M,1977-02-22,2022-06-07,postpaid,suspended,Khartoum,4328.99
a2d42b19-ca46-4f71-8785-2fddbb5698bd,09167652775,84161692845,Babiker,Hamid,M,1969-03-15,2020-09-05,postpaid,active,Kassala,2229.58
0c178ffd-f268-4011-8988-4aaccdfe44e5,09160596401,65820297021,Abdelrahman,Issa,M,1981-03-04,2025-06-27,postpaid,active,Atbara,161.93
1fe9323b-f492-426a-b160-cddace70bb0e,09161928565,43102786814,Mona,Issa,F,1983-05-09,2023-10-18,prepaid,churned,Kassala,3469.9
9169eb8c-0a0b-4dd9-968a-95e9d3bf0c8f,09127271551,88442258313,Omar,Hussein,M,1972-06-16,2022-01-05,postpaid,active,Wad Madani,2861.39
33f3dcf4-55c6-49cf-ba9b-8b8080d7543d,09124678669,12517785289,Nasr,Abdullah,M,1976-04-28,2021-02-04,postpaid,active,Kadugli,277.06
7c672fba-294f-4bc8-a99d-111bd47842c4,09125358414,38424981829,Abdalla,Ali,M,1973-10-31,2021-06-15,hybrid,active,Ed Damazin,3025.69
7fc13ceb-b173-4610-9ffc-cd61d7af7e17,09129439690,78447364710,Ahmed,Abdullah,M,1974-03-07,2023-09-27,postpaid,active,Port Sudan,1700.96
feef5603-537b-43cd-96bb-d00086f02dd6,09125881537,14732104696,Mona,Yousif,F,1982-04-10,2021-05-11,postpaid,churned,Sennar,1563.57
39d1ba81-7b93-44ff-b8e4-0c8a78d0e6a5,09164701687,33950047974,Sawsan,Bashir,F,1960-09-24,2020-11-29,postpaid,active,Kassala,3637.54
3a6c0c4f-4703-4f2e-8613-143bbd0e8d08,09129835841,68784991216,Amira,Yousif,F,1993-06-24,2022-11-19,hybrid,churned,Gedaref,721.34
3616b9a7-9867-4171-b2a1-87d4912a8bd2,09120257872,98259526949,Sawsan,Mohamed,F,1990-03-06,2024-04-25,hybrid,active,Sennar,2814.62
15c5b396-2260-4b44-9c5b-7fa706c33040,09181694097,49930972896,Babiker,Musa,M,1973-04-04,2022-01-22,prepaid,active,Sennar,549.48
a1072ae7-2a0c-4301-bc3c-ebdefa183f5a,09163689702,83857865278,Dina,Hussein,F,1990-09-17,2026-06-07,postpaid,active,Kadugli,3604.62
5a9d714c-70a8-4211-a591-f4671de37a87,09163443757,58441986652,Mustafa,Bakri,M,1986-01-21,2020-05-10,postpaid,churned,Omdurman,1731.82
9dec7923-e0fb-4555-90df-c920db7f4cd0,09128484219,93308330165,Nahla,Ibrahim,F,2002-05-19,2020-11-08,hybrid,suspended,Khartoum,4822.59
38706956-ff27-44cf-a08c-c119e7a23dab,09163454019,38026206724,Omer,Fadl,M,1963-05-12,2020-01-29,postpaid,active,Omdurman,4642.27
3a12e890-986c-4a92-ab4c-a26c10acb92f,09162874315,27420549329,Abeer,Nour,F,1996-05-18,2023-08-21,hybrid,active,Nyala,3346.28
9a06475d-cbd0-497c-8046-40711014a9bc,09120463745,49904530174,Mahdi,Musa,M,1974-04-30,2023-06-13,hybrid,active,Ed Damazin,4439.01
6cb00ecd-20a8-4503-91b4-f9a2d9e1b327,09183327279,56878339187,Abdalla,Issa,M,1992-06-15,2020-08-30,hybrid,active,Kadugli,2738.25
0e8f3332-fea3-4e5c-a7f8-aa1d3a1d05f3,09187139718,70728679087,Yousif,Musa,M,1987-08-25,2020-03-08,postpaid,active,Khartoum,3729.02
31d7530b-d833-4656-8f1b-3f63a1e19f88,09181801704,62265676618,Omer,Issa,M,1971-12-06,2022-12-16,prepaid,active,Wad Madani,1965.29
6ada5852-beb7-49b1-94de-f0686300d592,09167868633,75243106903,Ahmed,Adam,M,1978-06-27,2020-07-28,prepaid,active,El Fasher,2988.92
68553157-0f0a-408b-8ef0-62058f77da00,09167383028,43959953428,Ali,Mohamed,M,1979-10-31,2023-07-08,postpaid,active,Wad Madani,4742.6
0d96c879-8931-410d-9701-869b56013414,09160568566,24628733427,Omer,Bakri,M,1965-03-03,2024-10-13,postpaid,churned,Wad Madani,2649.96
69325884-c257-415a-b38a-8d146bcbbe3b,09181751830,46990139837,Sara,Musa,F,1978-09-27,2022-10-31,postpaid,churned,Khartoum,1059.04
c631aa33-7652-42aa-b7f1-8c405fa649b0,09189363854,67854458771,Mahdi,Osman,M,2002-02-13,2022-09-21,prepaid,active,Nyala,228.58
c166d2b9-c55d-4fe0-991f-32cfecc936c3,09189964235,36937854777,Ahmed,Idris,M,1975-02-03,2022-12-30,prepaid,active,Wad Madani,2441.58
b295ac44-33e3-47c0-9ac5-456d0432bfeb,09120062312,03875099770,Tariq,Mohamed,M,1960-08-04,2024-07-11,hybrid,active,Khartoum,2647.09
7541ae0e-9a58-4ee7-8754-8bf093d443d2,09186211823,39845461567,Fatima,Nour,F,1981-10-26,2021-12-02,postpaid,active,Kadugli,403.08
03e1fa44-7d61-4102-ac48-2a2914ba7ed7,09166870021,76591803397,Khalid,Yousif,M,1984-04-27,2020-05-24,prepaid,active,Kassala,4496.56
8ff7211a-5f19-4550-9d16-eb892495498c,09123926142,93968562185,Yousif,Musa,M,1964-10-25,2020-10-30,postpaid,active,Omdurman,1702.96
2c070577-125f-4b09-82e5-d9640f171704,09184773586,62961943114,Leila,Adam,F,1973-11-01,2023-03-26,hybrid,suspended,Bahri,3698.28
21e0df23-cbc4-4f78-ab21-e43c926b37c6,09167541212,67888610158,Khalid,Adam,M,1968-05-07,2025-01-28,hybrid,suspended,Kadugli,1926.19
9461c36d-b369-4e6e-8e09-9f04f73bcec7,09129826224,44721264647,Huda,Bakri,F,1966-11-25,2023-01-26,postpaid,churned,Sennar,3125.17
d90ea0fb-36ba-4763-ae5a-2e3d1acfd9ee,09124065965,75692459375,Abdelrahman,Hassan,M,1975-12-08,2023-05-22,postpaid,active,Sennar,3164.51
72c85ab7-260e-46fe-a2b9-1eea03decade,09166519398,28073741672,Osman,Yousif,M,1987-03-03,2022-01-21,postpaid,active,Sennar,2115.64
1ba62f9c-7835-4b66-94e5-eed59a5bb042,09186886805,89113529096,Somaya,Fadl,F,1989-09-30,2023-08-30,prepaid,active,Kassala,1110.01
1e07847d-920e-4e5c-b8f7-4ce5a8ddf209,09167982507,14611254573,Abdelrahman,Issa,M,2003-04-29,2022-12-18,postpaid,active,Sennar,3483.82
c15b376f-3bb9-41f1-8f48-1b3428976698,09125123828,25867362266,Amira,Hassan,F,1962-08-14,2025-03-22,prepaid,active,Nyala,1944.18
7c3e28a3-e5d1-4e49-b85c-005d988e4e82,09181825537,14785969691,Mustafa,Abdullah,M,1991-03-19,2022-12-29,postpaid,active,Kadugli,3367.94
fa352468-eb44-4e36-a92f-ad82a53e12a6,09123412528,66929662782,Ibrahim,Musa,M,1974-12-20,2024-03-01,postpaid,active,El Obeid,4209.93
af0fa685-149d-4f8c-8ec2-12eda468213a,09123688767,67721903404,Fatima,Fadl,F,1980-03-03,2024-07-28,postpaid,active,El Fasher,2828.25
dbc39e13-1f40-47af-a6c5-86fd14238e25,09129148580,78361340745,Abeer,Nour,F,1967-10-21,2023-09-26,prepaid,suspended,Port Sudan,1049.39
f6ab443f-0702-44db-9133-f19270c2a972,09129233095,84982544948,Somaya,Hamid,F,1968-07-17,2021-02-25,postpaid,churned,Kassala,4335.24
4c86897b-56d7-4317-87f7-0ad9bc57f363,09185367294,66711684577,Ali,Hussein,M,1989-05-12,2024-12-13,prepaid,suspended,Kadugli,3663.62
77e07f19-dd8d-413f-a350-853b4dc0ad37,09186363745,45892975001,Mona,Abdullah,F,2001-03-25,2020-02-20,prepaid,churned,Bahri,2206.43
5eabd056-451b-494d-bdae-4fc7e8869ecf,,52064361103,Sara,Hussein,F,2002-10-11,2020-08-30,prepaid,active,Wad Madani,3399.91
7dfa4848-8c95-42c6-8b6e-ad99f38c973d,09996973112,15542622189,Mariam,Hamid,F,1960-10-04,2025-03-11,hybrid,active,El Obeid,3612.16
ba6cf3f4-1569-419a-81da-363afb06e5b1,09162341389,99404389836,Mona,Hamid,F,1986-07-07,2020-06-18,prepaid,active,Omdurman,1205.41
d12ae9a6-9de0-482e-adae-daff48d09453,09165269658,27109104300,Tariq,Adam,M,1995-09-14,2024-04-22,postpaid,active,Wad Madani,3835.55
bd85e2d6-21b5-47c8-8cec-3ad8dfc66a4d,09189241418,32856914630,Huda,Bakri,F,1981-12-07,2020-09-24,postpaid,active,Atbara,3044.16
52913b87-1e41-4561-8f31-fd66120a1440,09182027588,42524105648,Omar,Adam,M,1965-09-23,2022-03-27,hybrid,churned,Dongola,385.35
00e93156-2f95-432e-a2ba-b0603fea2640,09182524191,38000307562,Amira,Fadl,F,1976-01-21,2020-04-19,hybrid,suspended,Sennar,3703.33
afb0f9f3-2041-4759-966b-82d368aa093a,09185419518,02380617445,Amal,Hamid,F,1967-10-01,2024-09-14,postpaid,active,Port Sudan,1457.98
7e48f6f3-045c-4ce1-b9fb-e6b3249a719e,09187383206,03850506413,Abdelrahman,Issa,M,1981-05-14,2023-07-28,postpaid,churned,Bahri,3558.26
17499758-659b-4803-9d6f-51306852c5ed,09992912127,61990623445,Tariq,Hamid,M,1995-04-03,2022-10-10,postpaid,active,Port Sudan,373.44
19d3b3ab-14de-4ca4-a26e-5f931cff6b88,09163747411,24903521356,Mariam,Bakri,F,1964-05-23,2022-07-17,postpaid,suspended,Bahri,155.41
f88d37f3-bad4-422c-92bb-4ba029cca564,09121712100,32365199410,Abeer,Bakri,F,1965-10-13,2021-09-06,hybrid,active,Bahri,459.89
d82029dd-c077-4387-adc6-fce04b98d7df,09160296670,66253244720,Mariam,Mohamed,F,1982-01-18,2022-07-05,postpaid,active,Wad Madani,2395.15
2dbbd0e8-b418-4a31-820e-f5c4fb3f924c,09128380657,,Zainab,Hamid,F,1979-08-25,2020-04-01,postpaid,active,El Fasher,2647.16
90f158eb-96b5-4560-b300-960888557134,09183480396,52239559059,Omar,Osman,M,1972-09-30,2024-10-15,prepaid,suspended,Gedaref,4408.13
09f904b9-e569-49f7-8fa7-1732172747ca,09121039308,70593252500,Rania,Fadl,F,1973-04-02,2024-12-27,hybrid,churned,Gedaref,554.6
a7f9be2d-e46b-4f2d-9cfd-d154c1fb70e7,09186915452,26752895392,Huda,Issa,F,1993-12-11,2022-08-11,hybrid,active,Bahri,888.54
8c3b1938-d4fe-49dd-bee3-db2f37f0b49f,,25135521570,Intisar,Mohamed,F,1983-10-17,2021-10-13,prepaid,active,El Obeid,1283.29
6b3d52b7-7c81-449d-be45-963f2e385229,09186267658,61793271040,Salah,Bashir,M,1988-08-04,2022-03-22,prepaid,active,Bahri,4439.66
16791e96-b6b1-48a5-92c5-21f7f4e7dd72,09169970629,62015336884,Jamal,Abdullah,M,1985-04-03,2022-07-12,prepaid,active,Nyala,2858.85
dc659e4b-dc68-45d1-8931-468d282bfd7d,09126149731,03241714677,Mohammed,Issa,M,1983-10-10,2020-10-10,hybrid,active,Bahri,1855.1
afce1554-88a5-43fb-ae0d-5fa0a7642c56,09167743490,21158693806,Abdelrahman,Mohamed,M,1997-07-22,2024-07-21,hybrid,suspended,El Fasher,2863.57
f9f0d62a-a3ab-4133-ac94-ebc84aa22dc6,09180898992,17223320616,Huda,Yousif,F,1978-02-11,2025-05-02,prepaid,suspended,Kassala,1598.75
8be29a82-54b4-418c-a2fc-ebbfb4db8906,09186854870,99861622999,Khalid,Yousif,M,1968-12-27,2020-11-24,hybrid,suspended,Gedaref,1430.46
6d7ad43a-8e86-450a-a825-fe881d32e057,09167997024,62996065307,Dina,Idris,F,1984-02-04,2023-03-03,prepaid,active,Gedaref,1515.27
2f3fe68c-3e14-4870-b204-58fcd9c37ee5,09124754691,37367850821,Mariam,Osman,F,1987-11-29,2024-04-23,postpaid,active,Kadugli,2621.43
fcfdcad6-b4f6-44ad-bf0f-44b7d1e6b045,09123070534,57861035797,Hassan,Ibrahim,M,1975-12-07,2024-01-14,hybrid,active,El Obeid,817.57
4271ccc0-9677-414b-a50d-489919fc4766,09160293333,46800722903,Abdalla,Adam,M,1982-08-23,2025-03-05,postpaid,active,Sennar,3213.7
0d238bbe-7b0f-4288-bab6-9fa1d4f02867,09163748969,10858994417,Mona,Bashir,F,1965-09-22,2022-11-10,postpaid,active,Kadugli,1384.42
ef1d2ca3-885d-44eb-9654-a009a45685a3,09183096520,74466609935,Sara,Hussein,F,1979-12-13,2024-07-19,hybrid,suspended,Ed Damazin,4703.34
2b1bb111-de45-4980-8fed-a8abfb2c3cac,09124172482,51353465549,Rania,Bakri,F,1986-05-19,2023-12-11,prepaid,active,Kadugli,3171.98
48fc4ba0-9c70-4abd-8f24-f91e8465bff0,09181684602,23569725217,Mahdi,Ibrahim,M,1989-11-03,2025-05-14,prepaid,active,Khartoum,23.57
88a43667-0ea3-4ed0-b48b-1a6468bf5b8c,09161296666,76008350583,Kamal,Ali,M,1961-08-10,2020-01-13,hybrid,active,Port Sudan,3467.62
3ee04034-bb9e-4bb1-a3cd-2d72e766b0cd,09189421044,78985625753,Omar,Yousif,M,1974-10-16,2023-06-07,prepaid,active,Sennar,4924.4
fc9475db-8214-4770-ac77-8b1a1e89ddaa,09121506489,09010016761,Kamal,Nour,M,1982-09-03,2024-01-13,hybrid,active,Sennar,3428.7
4840e005-b131-42ca-b7eb-14ef88632d98,09997530011,14117393483,Mariam,Nour,F,1992-02-10,2023-06-27,postpaid,active,Wad Madani,2481.77
12a8e1f4-b321-4232-beb0-9ea4e54b9792,09181143744,70120455611,Zainab,Abdullah,F,1964-02-12,2020-01-31,prepaid,active,Bahri,1643.3
c19293e9-8bbf-43ad-9fb2-ab1abb9e2e63,09162166746,76212021697,Huda,Issa,F,1999-04-23,2021-07-17,hybrid,active,El Obeid,3056.79
0ede0637-71ba-4044-9fdf-c3f909b49233,09126701450,89935889163,Mahdi,Fadl,M,2003-03-27,2022-12-10,hybrid,active,Nyala,743.27
540fb5e5-462e-48d0-abef-f82f954db6dc,09187721753,54083866317,Ahmed,Ali,M,1999-11-07,2024-11-15,postpaid,active,El Fasher,2235.34
c84b9305-b7b5-4d06-859c-9569623d795c,09166088019,94883755037,Fatima,Hassan,F,1989-10-13,2024-10-06,hybrid,active,Sennar,3285.84
b9915b38-c7ee-4f4b-be9b-b8db6cac4d18,09125548851,02726149331,Omar,Osman,M,1995-04-01,2021-10-31,postpaid,suspended,Port Sudan,3583.94
01d27095-bf21-4c45-b62f-359ed885cff0,09127798270,80869782922,Amira,Mahjoub,F,1969-04-16,2023-04-18,hybrid,active,Ed Damazin,1609.22
c13c515b-4844-4b84-a5b9-923e0aebbfff,09166547226,98485833394,Somaya,Osman,F,1990-12-23,2021-02-16,hybrid,active,Bahri,2519.47
1af35029-e268-49fb-9aad-a18d80e0b0c3,09187996846,08106200342,Mariam,Issa,F,1985-09-17,2022-02-17,prepaid,suspended,Sennar,3921.79
7eeab4e5-0187-46d3-9185-9df68aec7210,09129838638,40666580043,Babiker,Bashir,M,1999-10-01,2021-12-01,hybrid,active,Dongola,1838.71
52827d57-7fae-4841-9d2a-421f15b913ac,09162122816,06484229405,Hassan,Salih,M,2001-11-01,2021-04-25,prepaid,active,El Obeid,2984.4
d1425d9a-8c20-4d75-92cf-84240a57a023,09185158328,18268861533,Nahla,Mahjoub,F,1989-10-10,2022-10-25,postpaid,active,Gedaref,3091.4
8ab43a7b-2937-4b24-9277-ec142cde4f0d,09163993056,16484085887,Omar,Issa,M,2003-09-03,2020-05-16,postpaid,suspended,Port Sudan,1601.56
9f2245bb-2a14-45d1-b186-e7f596111bc2,09180133613,86120750110,Yousif,Bakri,M,1975-12-20,2026-02-23,hybrid,active,Kadugli,1138.23
fc05f783-6fea-411a-93a4-f05162a61ce3,09126180919,01581449147,Dina,Musa,F,1994-03-21,2023-05-12,hybrid,active,Bahri,2667.34
c0148d4f-cdf1-4e8d-8a3f-8243783cf169,09182450882,10099688143,Abeer,Salih,F,1990-11-06,2021-10-19,postpaid,churned,Kadugli,2562.76
61eefb85-1bee-48dc-a63e-ee6cc5d607c3,09121290878,14141397552,Nasr,Idris,M,1981-01-15,2020-11-06,postpaid,active,Ed Damazin,967.49
e993d4db-52fb-46fa-ae6f-c6dab8cf69c1,09189299556,20533645257,Somaya,Salih,F,2001-07-10,2023-10-15,postpaid,suspended,El Fasher,2758.36
78c418d5-3920-4f87-b85f-b5cf81c6a31a,09183411080,99693084887,Mustafa,Hussein,M,1973-05-02,2023-02-10,postpaid,active,Gedaref,2948.0
7597ba8b-b054-479a-a510-49f23d1e3051,09181658039,28272299275,Abdelrahman,Nour,M,1963-08-17,2021-11-10,postpaid,active,Kassala,1847.18
d1d988ba-b2aa-4374-b711-b4cfeaa45b3b,09167700518,44989266591,Tariq,Issa,M,1982-07-27,2026-04-05,prepaid,active,El Obeid,4086.18
13e5d193-ce3d-4adb-8669-1f4da5dcfc4c,09162318432,22591365177,Tariq,Hussein,M,2002-12-22,2021-10-16,hybrid,active,Kadugli,2054.5
a980b225-fb09-4cb7-ae21-ee8d264d4d04,09122809202,42869904137,Kamal,Mahjoub,M,2002-04-17,2024-02-05,prepaid,active,Nyala,3004.19
c22fb4ec-5fc2-48f3-8199-ddc39dfae1c6,09162579913,66210388629,Nasr,Nour,M,1968-08-21,2021-07-05,postpaid,churned,Atbara,195.18
a41c72a0-844d-40c0-a473-3d04b1075400,09182980686,50863765991,Khalid,Fadl,M,1998-03-04,2021-02-19,postpaid,active,Port Sudan,4550.43
1a07e18d-315e-4877-9f93-8108e99b6b3f,09996887258,35651269448,Nadia,Ibrahim,F,1997-12-31,2024-10-20,postpaid,active,Dongola,1987.27
dc287609-a861-4a59-baa6-e00531264db1,09166213721,38658902601,Samira,Mahjoub,F,1973-01-14,2024-01-05,hybrid,active,Omdurman,1315.46
6cfe1864-c579-4a48-b647-69ca144e5459,09188490277,03843098839,Salah,Yousif,M,1975-03-16,2020-04-22,postpaid,active,Khartoum,4878.23
3697ede2-a0f0-42bd-8e2f-b835a60c5d0a,,18489554393,Hala,Issa,F,2000-10-18,2023-06-09,hybrid,active,Bahri,2035.67
ed0fc703-5813-4f41-ae45-3a838ed8ab69,09184894769,73577907141,Leila,Hassan,F,1994-05-01,2025-05-22,prepaid,active,Port Sudan,4000.81
bd29aa2f-2fe9-43b2-a724-f50b940fe253,09124341651,82755394237,Sawsan,Bakri,F,1977-11-29,2021-12-30,hybrid,active,Kassala,1033.89
d3c30d7e-8e56-47c3-8c90-94b05b2f61bc,09121117908,07595794728,Nasr,Issa,M,1985-02-21,2023-05-21,prepaid,suspended,Bahri,270.74
0501fa89-1052-4bc6-b210-e0008d933ab5,09185627187,50036915594,Abeer,Mohamed,F,1976-10-15,2024-08-31,postpaid,active,El Fasher,4792.63
51fa2fff-6944-438f-a33d-938aa743a88e,09126556472,92931438663,Mahdi,Hamid,M,1973-01-31,2021-04-09,postpaid,suspended,Bahri,2107.6
4e62963a-6f50-4540-b83f-4b2bbbb640c9,09168906120,34717545588,Nahla,Salih,F,1983-02-13,2022-12-05,prepaid,active,El Obeid,4336.84
d018b2d9-b990-4e49-b3cb-bbf0419b404d,09188245587,71694722569,Kamal,Mahjoub,M,1996-04-24,2020-08-09,prepaid,active,Port Sudan,1567.41
44e4e282-3c5f-46d3-8319-5824d5445c32,09167598762,20234132611,Somaya,Yousif,F,1965-09-21,2024-01-10,hybrid,active,Gedaref,1985.06
8c77f07b-57e3-44cd-9de6-3d02e5b51e83,09182164334,72282005577,Omar,Idris,M,1984-06-09,2024-08-31,postpaid,active,Sennar,2696.44
a4ea299b-8014-4ef2-9112-38b79ddd362f,09188457831,74564240082,Intisar,Hamid,F,1990-11-07,2022-06-09,postpaid,active,Sennar,4610.44
da9bd017-85e2-471f-b455-523f1eaee1e0,09164930853,68663266341,Samira,Adam,F,1997-11-17,2025-04-26,prepaid,active,Gedaref,4549.77
7be180d7-3d54-4316-a434-f179b871b76c,09166312241,79749735020,Samira,Bakri,F,1961-12-26,2021-07-31,prepaid,active,Bahri,3575.98
b4e156ac-5b31-462a-8304-e9b21f5efee4,09127356475,70512046187,Khalid,Hussein,M,1976-04-16,2021-08-20,postpaid,suspended,Kadugli,63.08
a9ea6aaf-ec4a-4fe5-9b8c-5d6854042a7e,09120371837,64520881474,Salah,Bashir,M,1977-10-29,2023-01-24,prepaid,suspended,Port Sudan,4866.37
aa283ea4-bf57-4830-b87b-3d20894821d3,09124916300,97925132719,Leila,Adam,F,1990-05-12,2025-04-26,prepaid,active,Dongola,769.59
80d0f39d-6514-4137-b7f4-eb974e3d15ab,09125857306,52407784873,Ibrahim,Fadl,M,1976-09-28,2024-08-15,postpaid,active,El Fasher,1376.62
cef6f12e-78d5-46a5-bebf-e60a39064be8,09127448570,86209593518,Khalid,Nour,M,1994-10-06,2021-08-12,hybrid,active,Gedaref,2757.34
8176ebfc-5cf7-4094-afeb-092c0a10ddaf,09121810220,31731096789,Dina,Musa,F,1982-12-17,2020-06-01,postpaid,active,Sennar,354.37
9762a076-be55-4ce5-b206-4e7c64d8b3ab,09160586509,48014138113,Mahdi,Abdullah,M,1994-07-27,2021-08-11,prepaid,active,Port Sudan,2850.14
394efc62-b813-43ba-8420-91e4f86afcc2,09167612286,85289755855,Mariam,Mahjoub,F,1996-12-28,2025-05-21,postpaid,suspended,El Obeid,3042.07
25f2d02a-bce8-4239-b61b-ba8feca46662,09184577600,49082404335,Salah,Bakri,M,1961-12-12,2022-05-07,hybrid,active,Atbara,4629.61
8e442823-8c99-4748-8159-9ef407f03493,09122459334,41969315727,Abdelrahman,Issa,M,1968-07-21,2025-01-23,hybrid,active,Sennar,4041.71
10aed47f-3529-4b4a-88da-abcb56668340,09166139060,48058925832,Osman,Issa,M,1964-07-13,2023-05-05,postpaid,suspended,Atbara,2523.65
5e746863-e4e2-4403-a984-3cfebd5ed386,09125179086,41686227837,Hala,Hussein,F,1995-06-19,2024-11-10,prepaid,active,Sennar,2621.24
2618f564-145a-49b3-aff3-07ebb4766629,09189116655,35590425979,Dina,Musa,F,1973-01-30,2023-09-30,prepaid,churned,Port Sudan,998.43
bd958990-0e3f-49b9-863f-78084035bf93,09129240514,77053833884,Omar,Mohamed,M,2003-05-02,2025-04-19,hybrid,churned,Sennar,3493.78
2547e70e-d971-4f16-a388-390815c598bc,09998780038,16451046368,Mustafa,Ali,M,1968-12-07,2022-09-07,postpaid,suspended,Wad Madani,440.1
a78f139f-db4c-424d-b32d-21b77b4bbd94,09125554384,04608432562,Hala,Ali,F,1967-11-16,2023-04-02,hybrid,churned,Atbara,4363.51
91856b3b-3f5f-4130-a92a-177664f3f69b,09126495782,32983248262,Amal,Mahjoub,F,1974-03-06,2022-09-13,prepaid,active,Sennar,591.94
554988d5-14f9-4b40-a529-0526fe806347,09166474231,22099499939,Ahmed,Musa,M,1980-10-30,2021-12-18,hybrid,active,Omdurman,3440.71
89e88d88-6e89-4c66-adfe-8fd9b1bfcb1b,09167722330,60463331279,Mona,Ali,F,2003-12-15,2022-10-06,postpaid,suspended,Nyala,2024.33
e5335485-92cd-4a25-865a-9536bc50dab2,09189988081,77038860868,Leila,Yousif,F,1964-06-03,2026-03-23,postpaid,active,Ed Damazin,1522.77
8721e5dd-eff6-4b88-8085-7e35df9c9f77,09188277181,29826657027,Somaya,Mohamed,F,1978-02-11,2023-11-13,prepaid,active,Sennar,3242.88
7e84addb-c56a-4b41-9b68-4bea66b6f439,09127518689,26860259222,Omar,Abdullah,M,1976-01-18,2020-06-08,postpaid,active,Sennar,3843.15
2d798c89-7561-4329-b05c-01f91f2647d6,09120940777,80973397767,Omar,Hussein,M,1967-02-14,2025-02-10,hybrid,active,Ed Damazin,2736.71
206f3e58-8fb9-436d-a6fe-dfecca5bbf94,09120502099,45101622499,Mohammed,Ali,M,1975-12-01,2023-11-15,hybrid,active,Ed Damazin,179.2
2563b232-1bff-482a-947b-5c97250cb5ad,09126814721,45868339019,Mona,Yousif,F,1967-11-12,2024-02-11,hybrid,active,Ed Damazin,3940.92
fa00eff6-ae2f-4761-9c0c-2e403ae2c024,09168995299,78772934301,Somaya,Musa,F,1962-02-24,2023-12-15,hybrid,suspended,Sennar,4240.35
109a5ef4-cce0-43b7-9e06-70d82cc82600,09165830344,14488501556,Dina,Mohamed,F,1962-08-12,2021-06-29,prepaid,active,El Obeid,4611.4
a5ef6e70-b432-4ca8-9b25-352341bfb1f8,09162785760,84958803955,Amira,Hussein,F,1965-12-09,2021-04-08,postpaid,suspended,El Obeid,4918.09
1a981f63-d085-4d21-9e16-9c86fffdfc91,09162914504,61735743842,Kamal,Suleiman,M,1970-01-25,2023-03-08,prepaid,suspended,Ed Damazin,463.02
7e84046b-33bc-4db3-9305-ec06b615705b,09125784521,82307681040,Sawsan,Hussein,F,1967-10-24,2022-11-01,postpaid,suspended,Omdurman,2602.89
d1a3b808-9d23-49f9-bc5b-2ab8a3dff97f,09163533448,57142241098,Fatima,Mahjoub,F,1969-03-08,2021-10-03,hybrid,active,El Obeid,1355.26
61282b2b-7a96-4253-ae2e-e0835faaaa1a,09121495870,20701601662,Intisar,Osman,F,1999-12-31,2025-03-29,postpaid,active,Kadugli,990.74
fdd62ac7-b8e1-470c-8f73-2cbd660a7647,09121717477,33294562557,Abdelrahman,Mahjoub,M,2003-09-26,2020-04-04,prepaid,active,El Obeid,2393.26
ab0c97a3-4ed9-43b6-8c5f-1c9fe6feb020,09182816158,14876963938,Mona,Suleiman,F,1974-04-07,2024-02-07,postpaid,active,Port Sudan,4069.58
a1ccae9c-6bc6-47fe-ad6b-0f0aff88d04c,09183219719,97581724619,Intisar,Musa,F,1969-10-03,2025-01-26,postpaid,active,Dongola,3300.82
85d11513-5813-46c0-b2ea-74a05e3a4502,,73354946519,Kamal,Adam,M,1960-09-23,2025-03-14,hybrid,active,Bahri,4262.53
333f8d10-22dd-4640-861a-0dc978e07e96,09161403696,56666832723,Ahmed,Bakri,M,1994-07-03,2023-01-24,postpaid,active,Kadugli,3350.33
b3e09c79-e01f-4ee8-8fb8-66aa7bfca945,09187621267,96927868765,Ahmed,Hussein,M,1980-04-02,2021-07-31,postpaid,active,Atbara,2490.78
ffb0a442-434e-4ee6-a113-a999ea91e5cf,09185009751,97128478189,Dina,Bakri,F,1967-12-08,2022-01-31,postpaid,active,Dongola,4802.06
0b6abffa-737b-4488-a294-3a2988b6f136,09168077879,56544209494,Somaya,Mohamed,F,1965-07-05,2026-06-14,postpaid,active,Atbara,258.1
3fdc4ce4-f396-40cd-83d5-5bcc7f3e6d5d,,40192927524,Huda,Hussein,F,1981-03-10,2024-02-15,prepaid,suspended,Kadugli,165.45
34d8e370-de37-48ec-8205-046a19e091a1,09163723950,41027674783,Mahdi,Hamid,M,1994-01-27,2023-04-26,postpaid,active,Wad Madani,4351.39
4b6511a1-9fc5-406e-a256-d7a7402b7c72,,54414967393,Hala,Musa,F,1990-04-09,2021-07-12,postpaid,active,Dongola,42.38
b7b24de1-1fb9-46ce-8d39-ad81b90e19c9,09991244717,09109391119,Tariq,Hassan,M,1971-08-27,2023-03-14,hybrid,suspended,Dongola,2830.34
23e26000-2d42-4a69-a988-a5e7c880ccc9,09162140665,04427173962,Dina,Musa,F,2004-02-22,2020-12-02,prepaid,active,Nyala,1091.93
9a41e0e2-0541-4ee9-a871-12b3d9179740,09121194707,20064256908,Nadia,Hassan,F,2004-01-08,2024-01-25,postpaid,active,Sennar,3904.69
d735bfba-dd9d-4ac0-94f2-4507a228d2ed,09187198554,60158517432,Ahmed,Yousif,M,1963-07-12,2023-04-08,hybrid,active,Sennar,1950.52
1ed9289b-5c6d-4f65-9aca-00c1130e172f,09187320309,37618478700,Nahla,Abdullah,F,1990-06-09,2020-06-23,postpaid,suspended,Khartoum,2027.54
f129e54d-628e-439c-8f67-005a60bbf858,09189310270,79032020417,Abeer,Hussein,F,1975-04-25,2025-01-10,prepaid,suspended,Omdurman,570.9
299e9b69-864a-4892-9f63-35bc1093a3da,09165651982,53092511426,Khalid,Ibrahim,M,1975-01-28,2023-02-23,hybrid,active,Port Sudan,4628.38
60b520e3-cc23-4373-aaf7-f7d47890c73d,09120710021,94672324876,Nasr,Yousif,M,1981-06-18,2021-06-26,hybrid,active,Atbara,-1940.36
ed39b28a-8244-4c7e-9f7e-fd7219bd5e4e,09128331819,58837340312,Mona,Hamid,F,2002-07-24,2025-12-22,prepaid,active,Ed Damazin,215.58
a588e95f-63e3-456d-bbbf-2c4c33261f75,09160108220,78113799563,Leila,Suleiman,F,1989-03-21,2021-12-15,prepaid,active,Omdurman,1185.59
75b13d5b-8c25-46cf-acfc-da2fdfa93d91,09127970623,97265273543,Salah,Osman,M,1990-02-18,2021-01-30,prepaid,active,Khartoum,1403.02
eb9dac46-0ce5-46b1-81ac-32c19fda7b35,09125349292,98316873977,Widad,Hamid,F,1985-01-16,2020-02-15,hybrid,active,Kadugli,1233.27
8cfd2863-0276-46a6-bb49-a23c179e5e67,09180600780,68671773180,Kamal,Hussein,M,1996-06-24,2021-11-08,prepaid,active,Port Sudan,3238.2
7234644b-6165-48bd-9744-380a41ac1cc3,09991950850,62570165804,Samira,Ali,F,1998-03-17,2022-04-18,hybrid,churned,Wad Madani,2876.15
5fbfedfa-1b5e-4412-8b13-1f463cdcbef5,09125528183,25381793355,Widad,Suleiman,F,1983-12-26,2024-04-13,hybrid,active,Khartoum,316.85
a3c6c2e0-ab23-482e-8c08-08b165687728,09127884795,13711624112,Sawsan,Nour,F,1984-10-03,2020-12-14,hybrid,active,Bahri,4374.97
cf3540dc-0397-421d-a342-fed58be9191f,09188275670,43103856955,Abdalla,Hamid,M,2003-08-13,2025-01-17,hybrid,active,Kadugli,2742.34
a053e30d-9f46-45b9-a333-d29399140f3b,09163754025,47292842222,Abdalla,Ali,M,1981-05-05,2020-12-29,prepaid,churned,Atbara,632.37
45d246bb-4cb6-418c-8822-ef54bdee3858,09180552578,28410672752,Hassan,Bakri,M,1960-05-20,2024-08-23,hybrid,active,Sennar,1477.78
44870151-5512-461d-bc89-ab83ac6dc9bd,09161702814,06937515093,Kamal,Bashir,M,1979-12-06,2022-05-13,prepaid,active,Wad Madani,4247.26
fc04f2c9-c3eb-4568-8a68-e03a3204e7a9,09127599805,62656504554,Tariq,Yousif,M,1999-12-22,2024-10-09,prepaid,active,Ed Damazin,2221.1
e00ed1b7-99c3-4396-9d86-008660291457,09186629912,34785196106,Samira,Ali,F,1984-07-09,2023-07-11,prepaid,active,Sennar,2839.58
cf17a4d5-d6fb-421f-adce-e3b957da79c2,09168704947,87300244714,Yousif,Yousif,M,1997-06-04,2021-07-11,postpaid,churned,Dongola,1223.75
d8fcf2c3-a258-46ce-8e3a-50d72c8c02eb,09185979647,15890429025,Nahla,Abdullah,F,2001-05-12,2021-02-24,postpaid,active,Kassala,1805.82
b99fa0f5-25e7-495a-bf3e-000c581dfa46,09168183219,28554451895,Amira,Salih,F,1972-11-22,2020-02-10,prepaid,active,El Obeid,3894.04
52ae408d-386e-4ba2-9c17-547d770cb42c,09128338988,81671120754,Omar,Ibrahim,M,1992-07-11,2021-03-07,postpaid,suspended,Atbara,2615.61
39aaed5f-f6fb-4031-a3d0-91ffd7492247,09181322342,32161107603,Abdalla,Adam,M,1969-09-02,2020-04-11,hybrid,active,Khartoum,2345.41
955b7058-f158-4e0e-9e38-67e3e585a1f9,09180119393,25012495528,Khalid,Salih,M,1981-09-11,2024-04-17,hybrid,active,Kadugli,2890.67
50b2d2dd-efac-47c7-a8e0-4f5956d39bbd,09128013875,92712566383,Hassan,Salih,M,1996-07-25,2020-12-16,postpaid,active,Omdurman,-1189.39
281f3515-f1fd-4713-a982-4047a27a82f5,09161647947,38646317520,Khalid,Musa,M,2004-02-09,2020-11-22,postpaid,active,Dongola,3382.59
93a78035-5b6b-4912-86cf-324a141c7ad5,09122153539,61367499465,Hala,Mahjoub,F,2002-09-08,2025-02-16,postpaid,churned,Wad Madani,1394.45
82b2a52f-4375-421a-bf12-0167fe95cd6c,09167320101,70269524991,Omar,Idris,M,1966-11-12,2024-06-03,postpaid,suspended,Port Sudan,1467.81
77734c74-48f7-4e09-bc9f-c9fecbb56c2c,09188006167,56770028427,Abeer,Musa,F,1998-08-21,2021-02-21,postpaid,active,El Fasher,3820.06
0d0b52ce-94c1-4840-b255-8dbf8ce11a9a,09187782806,47969545009,Abeer,Bakri,F,1964-01-18,2021-02-02,postpaid,active,Sennar,2919.83
e8c17e8d-023d-4e3b-88f0-4796cfd59326,09165565033,34911415208,Hala,Hassan,F,1989-04-04,2020-04-26,postpaid,active,Nyala,2840.25
d0d0029f-ab47-4caa-98ea-d7f88479fd1e,09180569659,17135785294,Fatima,Fadl,F,1992-08-05,2023-09-16,prepaid,active,Kadugli,4870.54
8fb9874c-f09d-406b-95cf-304b57ae26a5,09124963919,19541987635,Abdalla,Idris,M,1966-11-17,2025-11-09,hybrid,suspended,Nyala,3317.28
a1e8b465-411d-4d27-9340-0c2b0a7711bc,09168208297,37489690835,Somaya,Nour,F,2001-06-28,2021-04-04,prepaid,active,Dongola,3827.65
2736c0cf-f414-422b-8eb5-102cc02e5851,09183644249,36312303477,Leila,Abdullah,F,1999-02-16,2023-08-04,hybrid,churned,Port Sudan,796.79
d87c3ec6-f422-44b6-8175-3780e2cf1f0b,09120700159,41651623198,Nadia,Bakri,F,1970-10-28,2024-06-09,hybrid,suspended,Gedaref,4657.78
f148ea4e-bfa3-43fc-ab48-88353467cde6,09125596363,21234764907,Ali,Suleiman,M,1993-08-13,2020-12-16,postpaid,active,El Fasher,3413.69
c319fd4e-a8ca-49f2-af78-40b32f9d1755,09185409003,48645183760,Babiker,Fadl,M,1995-04-04,2022-03-04,postpaid,active,Kadugli,3783.34
5f8cfd95-bbd7-4ab9-87e4-8bc6f2f767d7,09186041776,56124815698,Abdelrahman,Musa,M,1989-04-25,2023-11-09,hybrid,active,Khartoum,3206.86
c898946a-369f-4eda-8224-8b23af78a92d,09163459112,38296577242,Zainab,Adam,F,1989-05-22,2022-05-25,prepaid,active,El Obeid,909.45
c598dc93-b8e1-4e67-a4cc-77a2afebd092,09189317342,06969421529,Ahmed,Adam,M,1970-07-12,2020-02-13,hybrid,active,Gedaref,4599.95
c415f288-f944-4fff-9e69-344995a82d07,09183344762,63934362620,Mariam,Osman,F,1986-01-13,2022-03-24,prepaid,active,Ed Damazin,1241.59
cac6797a-7204-418a-a9e3-82f8d10dcd8d,09162563669,41180053759,Huda,Adam,F,1964-01-31,2020-01-17,postpaid,active,Nyala,1512.54
ad2ce6f8-d393-4dee-8de2-35c428e2c82a,09129242875,72158624150,Zainab,Bakri,F,1971-06-22,2024-03-30,postpaid,active,Ed Damazin,2150.43
7924c0b4-8812-4f27-bd24-2cafbfaf27b1,09185625728,70320320742,Somaya,Idris,F,2001-11-28,2023-09-17,prepaid,churned,Ed Damazin,2474.55
8458e2a4-6853-4326-9fae-988d0d92cf97,09122151342,28499390892,Widad,Fadl,F,1997-05-11,2020-08-26,prepaid,suspended,Dongola,471.53
d0e6c2c3-a40f-409f-8cad-3f58f3b59dfc,09169152017,77490509759,Mariam,Yousif,F,1971-08-08,2021-10-18,prepaid,suspended,Kassala,1615.85
6cb486ec-36f7-400e-90f1-20212f3b4bb2,09161642361,,Jamal,Suleiman,M,1987-10-27,2025-02-18,prepaid,active,Omdurman,4160.26
a2214820-3aab-4f9d-b27a-c68edfd7ece9,09169961659,26610857327,Hala,Fadl,F,1967-07-14,2022-06-22,postpaid,active,Ed Damazin,4007.72
c997afad-2705-40ee-a5fd-a48bd885ba49,09186490810,81866179454,Abdalla,Osman,M,1967-05-03,2024-04-13,prepaid,active,Dongola,2314.39
1e718d02-4b74-4dbc-942d-552759a74326,09164597794,52321941680,Amira,Abdullah,F,1960-07-10,2023-05-12,prepaid,active,Dongola,2385.6
f4ab88f3-e5a3-437f-bb30-0bb6614fd654,09185641220,31030372368,Samira,Suleiman,F,1977-02-15,2020-09-24,postpaid,suspended,Bahri,2369.95
fd2076ce-6091-4249-857d-fe67ce6c371a,09167079334,,Ibrahim,Bashir,M,1986-02-01,2020-04-25,postpaid,active,Wad Madani,2955.2
46f7d75f-ee47-494f-8a52-f05e29af6367,09180695814,67179576024,Amal,Mohamed,F,1977-03-30,2023-12-28,postpaid,active,Wad Madani,1098.51
8f647c8b-98ae-44e4-ac7c-a0ef644ce817,09124665729,34172232971,Somaya,Bashir,F,1997-04-26,2024-03-13,postpaid,active,Wad Madani,235.25
99ce33de-f795-4124-864f-93ee84208dc2,09128015619,31837455084,Mona,Ali,F,1973-07-24,2024-05-20,hybrid,active,Sennar,-1005.86
67c62a06-18bb-4916-bbd5-691e781748de,09181808121,35247871255,Omar,Suleiman,M,1972-05-11,2021-01-17,prepaid,active,Nyala,3846.1
dc8bc76b-bda1-4b01-85ef-abf7b7d7be09,,28632666785,Leila,Salih,F,1962-09-02,2023-10-07,prepaid,suspended,Sennar,4031.23
e4def562-460e-4acd-af9c-ab7e4ded6602,09160602908,,Hala,Ali,F,1973-03-05,2023-06-08,postpaid,active,Ed Damazin,2722.13
e22f9e5c-1219-42ff-ac31-2b8016d48d1e,09161085628,84318848520,Hala,Ibrahim,F,1962-07-02,2024-08-04,hybrid,active,Kadugli,3870.79
bd3440c4-5cec-43d3-af76-41417cecb435,09168510174,90753998935,Mohammed,Issa,M,1986-11-04,2022-06-03,hybrid,suspended,Sennar,2863.83
3ce95c92-75d1-4dc8-b593-6c67324d9d31,09125893571,26611062737,Sawsan,Osman,F,1967-01-02,2023-02-21,hybrid,active,Atbara,2794.84
e8068367-2285-4593-adcb-23579a28b2a3,09186776228,27728813770,Intisar,Fadl,F,1974-01-26,2024-10-02,postpaid,churned,Omdurman,3008.0
02f6c055-164c-42c6-9587-68d96deef266,09160821545,44702296044,Babiker,Mahjoub,M,1979-05-05,2021-07-22,hybrid,active,Omdurman,2737.69
4e513c2b-514f-4df9-b21b-278a73b0cdeb,09184975679,22877725199,Omer,Fadl,M,1996-09-30,2023-04-18,prepaid,churned,El Obeid,-1321.17
1693e1b8-c83e-4d8b-9fd8-e3fe19db3f90,09184818139,89098378018,Ahmed,Mahjoub,M,1976-02-15,2020-02-28,postpaid,suspended,Port Sudan,4148.45
1d47c352-014f-4fdb-a723-f0179b488b2c,09185690705,62608564111,Huda,Bakri,F,1975-02-01,2022-06-05,prepaid,active,Gedaref,448.14
4b319c23-3b4f-4a7b-8316-4952475991a3,09185200461,52654610339,Rania,Mohamed,F,1981-03-20,2024-03-11,hybrid,suspended,Nyala,4746.79
fe0b991d-b39d-4c10-8725-167f04c55a41,09161706304,89138249671,Widad,Bakri,F,2004-11-23,2021-09-24,prepaid,active,Bahri,3910.12
e9de7cf3-851b-4cab-97e5-c52af634b5a8,09120794200,74946539840,Abeer,Bashir,F,1974-06-25,2024-07-17,hybrid,active,Omdurman,1976.52
6e07c138-40f6-47db-869a-cf76b585d95f,09163985547,43553795020,Jamal,Idris,M,2002-10-01,2020-01-14,prepaid,active,Nyala,2778.95
99128c84-2b36-452b-92ed-a8e7c7745061,09121807156,95620175370,Hala,Bakri,F,1979-11-15,2020-03-02,postpaid,active,Sennar,1789.11
c5e4c2c1-7b5f-4b43-b988-fca6d0a31ce8,09165047930,,Amal,Osman,F,1975-09-30,2020-07-22,hybrid,active,Omdurman,637.15
553b4c21-ed6c-4f8b-86ea-0159f48e25b0,09188948706,05664187758,Sara,Adam,F,1963-11-25,2021-11-28,prepaid,active,Nyala,2662.05
d40bb53c-9731-44a5-8738-c34c4532b03c,09129036133,25411076095,Sara,Musa,F,1982-06-19,2022-02-06,prepaid,active,El Obeid,4162.59
f856d218-37a9-4a97-b715-4fbc6ac689b0,09187179110,06512070496,Khalid,Suleiman,M,1965-11-25,2020-11-12,hybrid,active,Khartoum,1474.58
c886e503-8c8e-491e-b07e-710e06acac11,09129907676,99150785931,Nasr,Hamid,M,1969-03-18,2020-02-08,hybrid,active,Atbara,3947.08
24be0016-ba9c-407a-a8c1-dc46449d7628,09166797232,00249685498,Tariq,Idris,M,1973-01-23,2021-04-02,postpaid,active,El Obeid,1455.32
d77e82aa-2a9a-42ac-b1cc-d31a57c45fb7,09188065333,15377959959,Mohammed,Osman,M,1986-11-18,2023-07-24,postpaid,active,El Fasher,4380.53
5a909ba6-fa20-4b2b-8cb8-e06146c70fe9,09183379337,56362050150,Amal,Adam,F,1970-05-02,2021-03-18,postpaid,active,Dongola,2928.43
4e7d6bf8-784e-46eb-b65b-7df45deddc66,09124234258,32302410261,Ahmed,Ibrahim,M,1990-05-11,2021-10-15,postpaid,active,El Obeid,4047.44
233a7311-9705-4e52-a4dc-6641f8b05d12,09122338655,96309938425,Huda,Hassan,F,1982-03-05,2020-06-14,hybrid,suspended,Kadugli,632.29
096999aa-c4fd-46b9-bed5-f4335d9f2b0f,09169128685,78725587774,Sara,Abdullah,F,1995-12-21,2025-06-05,hybrid,active,Port Sudan,1097.63
7e59cf41-1315-49a0-8bf9-8d30ccd0ab84,09166692548,12147853907,Salah,Ibrahim,M,1990-03-06,2023-08-16,postpaid,active,Nyala,1837.56
ff8290c1-2e3c-4820-b8d3-7000146f3343,09127341514,88814311150,Hala,Adam,F,1977-12-20,2022-11-02,prepaid,active,Kassala,1513.58
3b67e988-e71a-4315-a980-de1ad52eba80,09128404456,69078263337,Sara,Suleiman,F,1980-12-19,2024-05-21,hybrid,suspended,Gedaref,2343.69
a1632a78-830b-42c2-b9cd-36411ecb1ad3,09126637780,52924075536,Huda,Musa,F,1998-03-11,2023-06-07,hybrid,active,El Obeid,2934.78
090db704-da01-43a1-a64f-746b2e22742c,09169999663,61863715974,Ibrahim,Hussein,M,1968-05-13,2021-06-16,prepaid,active,Bahri,160.3
d7d738c2-af9f-40e8-92bf-a0aa6429906a,09121643348,17058025662,Fatima,Ali,F,1969-12-07,2021-02-05,hybrid,active,Sennar,343.81
7fd7f48c-5db9-44c6-b5be-e4411e1b3178,09166729949,38743027169,Ibrahim,Ibrahim,M,1982-02-22,2024-06-21,postpaid,churned,Ed Damazin,2454.79
bf2b776d-94df-4012-a2d5-d84ccd468ad4,09187546926,32967629160,Khalid,Salih,M,1981-07-03,2021-05-05,postpaid,suspended,Wad Madani,1459.45
0e7bcfca-190f-4ba0-8415-9803db5d4128,09181511856,72438070176,Mahdi,Hamid,M,1990-10-30,2023-05-25,prepaid,active,Khartoum,1253.03
587d467a-ce03-428c-b5e9-eb6f2229b85c,09167118372,74220912418,Osman,Bashir,M,1995-01-24,2021-06-07,prepaid,active,Khartoum,3386.92
3db10850-ac0b-491f-838d-51ff7167a325,09180837081,64709006335,Rania,Ibrahim,F,1981-05-26,2021-09-13,prepaid,active,Khartoum,4946.45
00944d37-2a42-4f76-937b-86dce83d00af,09122206815,58393866133,Khalid,Osman,M,1969-07-01,2023-01-12,postpaid,active,Nyala,3269.96
a8772932-6f50-474c-bb94-243b0098f39a,09124950136,49718924195,Abdelrahman,Osman,M,1994-11-10,2026-04-02,postpaid,active,Gedaref,4419.84
735bbb40-16d8-4665-a6ca-44ad5b22235f,,09143639102,Nasr,Mahjoub,M,1993-08-07,2024-03-29,postpaid,active,Nyala,1021.93
9f368a2a-2266-47e1-bfea-f18e31072f5f,09165086403,55338033968,Leila,Hussein,F,1988-11-08,2021-07-24,postpaid,active,Omdurman,4349.33
2af472d0-7a91-4b38-96c5-bdabf2492406,09122129833,81674233629,Mohammed,Hussein,M,1982-05-03,2022-07-30,postpaid,active,Dongola,-4600.0
ebe4ed56-f28d-45ac-90b3-b5bcbc03f197,09167689627,06614982824,Hala,Ali,F,1994-02-17,2023-12-11,postpaid,active,Nyala,2810.71
9885e4b0-49a0-4f45-8daa-ebbfa1414df6,09122300857,66656749160,Zainab,Fadl,F,1971-03-02,2023-04-10,hybrid,active,Gedaref,2181.49
5c36217a-9768-4d94-8d6e-4e99e174fab6,09185066337,05024972439,Sawsan,Fadl,F,1974-06-25,2020-02-08,prepaid,suspended,Dongola,3558.05
b5e0ce32-4694-4bb2-bda2-4e79b3b250cd,09162644886,94611952436,Tariq,Ibrahim,M,1987-08-22,2020-01-20,prepaid,suspended,Khartoum,484.35
ec95a896-0820-4ed0-94b1-d7dc98c6b016,09184622522,37281793230,Sawsan,Hamid,F,1976-05-23,2021-08-19,postpaid,churned,Kadugli,2043.96
d03a750e-33f3-46a4-bff7-2ece23e2cc15,09161614150,93771004090,Yousif,Abdullah,M,1968-09-08,2021-10-17,hybrid,suspended,Nyala,3014.92
7288b092-d8e2-441e-ba7b-49a333462b47,09169655553,56690551076,Nahla,Fadl,F,1972-06-16,2020-03-20,hybrid,active,Wad Madani,1397.34
9cb1c9c0-a992-42bd-b583-a5c4f4cc6d9d,09187863050,50573976915,Babiker,Bashir,M,1998-05-22,2024-01-19,hybrid,suspended,Ed Damazin,502.28
08fa4777-7640-4fad-9c62-1a31cc5d0094,09188027148,72717833321,Ibrahim,Nour,M,1969-06-18,2023-09-13,hybrid,active,Ed Damazin,4644.84
d36e181a-5deb-441e-ba97-b21b76a629e5,09187128715,39915668633,Amal,Idris,F,1983-03-30,2020-12-25,postpaid,active,Omdurman,1701.19
38ab9b10-2e3e-44d0-a35a-d04c4fdc8842,09162569040,98366552899,Omar,Mahjoub,M,1979-12-06,2020-11-27,postpaid,active,Kadugli,2303.01
b8083585-14c1-4fa3-b1d2-e03f05e289ba,09187294209,54814973746,Amal,Fadl,F,1965-04-11,2022-11-01,prepaid,suspended,Port Sudan,4240.35
acf1439c-4055-47c0-94de-f6a99c26658a,09166420865,67566184438,Mohammed,Ali,M,1995-04-30,2020-10-29,prepaid,active,Gedaref,2901.92
dcc99e74-88d3-4ed1-b1ed-35f726494cb7,09182774233,30591266201,Widad,Ali,F,1991-11-25,2024-01-12,prepaid,churned,Omdurman,4901.38
62469ac6-d5ad-4c1e-bba3-85952e835e01,09120136749,26176475011,Zainab,Yousif,F,1967-05-31,2021-01-14,postpaid,active,Ed Damazin,2548.74
ee9c06ca-8195-4831-9b29-f751009ec1f5,,15182606888,Nadia,Hassan,F,2003-10-31,2020-07-17,hybrid,suspended,Wad Madani,3568.75
847af758-737b-497e-b74b-ba14291b1041,09182087510,29321840118,Omar,Ali,M,1986-10-14,2023-02-03,hybrid,active,Dongola,0.43
43fff3af-2e31-4a62-bf7b-3c3a37189b67,09129758598,83103032432,Abeer,Bashir,F,1979-05-20,2025-01-12,postpaid,active,Sennar,3111.56
acc236e3-2b58-4e4b-85a4-b0f4b03e9cb3,09182671462,83143598926,Nadia,Yousif,F,1973-10-08,2025-10-01,postpaid,active,Atbara,1237.49
51f58e06-c1e2-4bd0-8418-549169fa359c,09181554234,01636112849,Huda,Musa,F,2003-12-04,2020-10-23,hybrid,active,Atbara,4326.99
ad4b3745-a2dc-48dd-a4fc-dc57ca8049c4,09166258896,79240822269,Mohammed,Ali,M,1983-12-27,2020-06-13,hybrid,active,El Obeid,3537.51
523b4984-35cc-4697-9a71-fad195f43244,09165784468,34146511131,Widad,Ali,F,1974-10-24,2024-11-22,prepaid,active,Kassala,2770.8
fd21c3d7-25e4-4b94-adcb-5fbd5a2e2f0a,09182778816,09306853890,Omer,Nour,M,2000-04-01,2021-06-07,hybrid,churned,Gedaref,2617.58
f26375cc-0a46-47c6-b740-b34fcb9b2bc5,09185067625,15381447443,Babiker,Hussein,M,1960-03-14,2025-05-14,hybrid,active,Ed Damazin,1524.1
33629fc7-22bb-43d7-9481-e92130293a38,09160509754,51052650167,Abdelrahman,Suleiman,M,1977-09-21,2020-09-20,hybrid,active,Bahri,2053.6
785904ac-0642-42a0-bda1-c32704580995,09127654562,84177225605,Ibrahim,Idris,M,1977-10-21,2020-12-09,prepaid,active,Bahri,1972.73
4e232467-eed5-4a24-84d0-0707ab621b8c,09164167872,56862110225,Yousif,Ibrahim,M,2004-11-09,2020-02-12,hybrid,active,Dongola,4149.18
b3987d1c-2d22-4cf0-b2c9-027e7e0d2562,09164716392,82341436371,Omer,Fadl,M,1976-04-03,2021-08-09,hybrid,active,Bahri,1146.92
d11390e3-b4f8-461a-8b28-d040e4436b9a,09126093106,68433567086,Mustafa,Ibrahim,M,1964-08-19,2022-08-03,prepaid,active,Kassala,4714.99
9e367bf2-2bfe-4771-ad8d-6706f5aab069,09120005347,49162475541,Osman,Mohamed,M,1968-09-09,2020-02-12,hybrid,active,Kadugli,651.54
39f5723f-e2b7-436a-a8d1-61d25f24d82f,09185343961,12910933711,Intisar,Nour,F,1990-10-06,2022-07-25,hybrid,active,Gedaref,1010.0
b08495c2-58ca-4222-9e5d-40eb912b03f7,09168485571,61768802942,Ibrahim,Ibrahim,M,1985-12-26,2020-05-21,hybrid,active,Sennar,950.95
a56c567d-3ded-47fa-baa5-428f52e4c104,09122786866,94320293908,Abeer,Nour,F,2000-11-09,2024-04-14,hybrid,active,Kassala,1517.05
b991bc6b-a275-4265-948e-335abedafb17,09123083402,42403381059,Abeer,Hassan,F,1993-02-11,2022-10-05,prepaid,churned,Ed Damazin,2746.38
67ec07a0-3a50-4b44-86f3-433c09fbac41,09160053424,08916498373,Somaya,Salih,F,1989-02-02,2022-04-15,prepaid,active,Gedaref,4291.11
b810f8d3-da9a-4fa8-85c7-bbc602657e77,09162717272,23972404226,Amal,Hamid,F,1976-11-07,2020-08-03,prepaid,active,Port Sudan,2275.12
0993a5ac-efcd-4fb9-b7ab-3b6db978e2b8,09120916601,00231429001,Mariam,Nour,F,1990-05-11,2020-09-20,prepaid,active,Gedaref,2814.26
e34fedfb-f280-475b-8319-d74fc77f18a5,09162308481,00184186203,Abdalla,Musa,M,1962-02-25,2021-12-05,postpaid,active,El Obeid,3276.82
ce40c076-8ec1-4739-bc93-92f15c084774,09121314519,51510922685,Mariam,Fadl,F,1976-04-08,2023-08-14,prepaid,suspended,Dongola,1507.82
9f1a4e48-baf9-455a-a521-734d15d47e9b,09165410225,26771196421,Mariam,Idris,F,1988-12-24,2021-01-31,prepaid,suspended,El Obeid,1596.58
132305ef-1070-4053-9039-44b422a4d677,09123668788,78836196893,Somaya,Musa,F,1967-10-30,2021-12-31,postpaid,active,Kadugli,85.77
5bc2e078-8196-49cf-9fec-c9d53de8a4ab,09165247286,33302126065,Omar,Mohamed,M,1964-11-07,2020-11-25,hybrid,active,El Fasher,4187.19
47146017-cb60-4fd7-b845-93bf36488fa8,09121310962,27284765704,Ibrahim,Issa,M,1969-12-24,2021-04-29,prepaid,suspended,Khartoum,3020.87
1dd35e9b-da84-4b9d-a1e2-90443711401f,09167849843,62418623690,Ahmed,Yousif,M,1979-08-22,2023-05-03,prepaid,suspended,Wad Madani,3025.42
629ca19a-46c8-45f3-81ff-eb4b396ca80c,09998303419,41115950342,Nahla,Musa,F,1969-07-20,2020-07-21,prepaid,active,Gedaref,4548.44
24548e5d-9879-4a9d-85ef-d54262ae67ed,09161405468,35652156818,Amira,Mohamed,F,1973-06-22,2020-03-14,hybrid,suspended,El Fasher,2931.79
7dd88b72-e2c3-4768-a173-077f15320a3a,09187113322,88985725459,Rania,Hussein,F,1998-08-28,2020-05-04,hybrid,suspended,Nyala,1195.55
544718b9-4c7e-42eb-a2eb-86ec671ef839,09187102481,71752421495,Ibrahim,Mahjoub,M,1991-09-14,2020-10-04,prepaid,active,Gedaref,2303.71
d266d776-01ee-4b3f-b8cd-aa875d12e0ce,09129705466,92758955168,Widad,Hussein,F,2000-05-18,2022-03-27,hybrid,active,Dongola,285.29
ac67e5a4-23b1-489a-b362-18a2116f6c94,09166296136,71577871121,Ibrahim,Hassan,M,1995-08-12,2023-09-07,prepaid,active,Omdurman,1586.42
2561365e-cd2d-4195-bc04-75b1d012f42c,09124708272,35909605673,Sara,Fadl,F,1964-11-07,2021-10-19,prepaid,churned,Dongola,2114.6
a1e877ca-1131-45a1-81b2-5ee0bcf885b5,09124614768,34201654235,Khalid,Hussein,M,1997-08-07,2024-02-05,postpaid,active,Gedaref,803.45
f2716b66-93bf-4bd4-997f-baef70e1c3a9,09128931992,55027275164,Intisar,Yousif,F,1960-04-30,2023-10-31,prepaid,active,Dongola,4847.29
0f16a1a1-2f82-430a-aeb2-955ef10683d0,09188296353,,Hassan,Hamid,M,2000-11-28,2023-07-10,postpaid,active,Kadugli,2712.34
7768905a-2378-417c-97c4-541cf5b62053,09166528928,66464911110,Mariam,Ali,F,1996-11-23,2020-11-18,postpaid,active,Atbara,4636.14
7a1225c7-d0f0-4b3c-914c-4fbff2d09832,09124633786,13715766053,Sawsan,Mahjoub,F,1985-06-11,2022-04-11,hybrid,active,Kadugli,-1634.17
e097c26d-cced-4bc0-a06e-edd91deff5b3,09122589552,96386396096,Amira,Adam,F,1971-07-24,2026-04-20,postpaid,churned,Bahri,2015.6
7c025260-25f9-4567-b1f0-e71b08e4f611,09181964825,31106092098,Omar,Hussein,M,1967-01-25,2024-11-11,postpaid,active,Sennar,652.74
4cce0b72-032d-4f8c-9837-a503cb11c42b,09183438364,04120911791,Rania,Osman,F,1969-08-09,2021-03-16,postpaid,active,Bahri,463.89
0650ef60-5ceb-41c8-ad0e-279a475fd7e8,09127061713,66572240299,Sara,Yousif,F,1962-10-27,2020-12-30,postpaid,churned,El Fasher,4974.58
740678dd-341b-4533-bef3-99186da2b25d,09184139080,88235130523,Yousif,Nour,M,1967-06-27,2021-01-28,postpaid,active,Port Sudan,4766.15
8575ecd5-62a2-455f-94bc-a7addaf047b1,09168634234,61994237676,Widad,Fadl,F,1984-05-16,2022-09-17,hybrid,active,Nyala,2146.56
19a2473f-eea5-4c2f-9e94-308a2d0bed6f,09120849649,85601256253,Huda,Bashir,F,1966-07-08,2021-10-30,hybrid,active,Bahri,3897.57
b580cc62-883d-4115-904c-be7ad7584215,09127953816,49383184919,Fatima,Musa,F,1997-11-01,2023-09-14,postpaid,suspended,Port Sudan,985.62
b0204317-1706-443d-8368-8ec01af30a21,09161172959,63904090742,Amira,Idris,F,1996-02-20,2020-04-24,hybrid,churned,Khartoum,1686.95
63bba6b4-096e-4b3c-81f0-285da32ae85f,09184455618,57906477159,Mariam,Hamid,F,1969-03-20,2026-03-10,prepaid,active,Khartoum,693.67
9ab1f2c7-a5f0-46f3-8cf8-993dfdcde353,09180040104,14596422971,Hassan,Issa,M,1971-05-01,2022-09-19,prepaid,suspended,Ed Damazin,4250.77
7574908d-431d-4b35-a585-73cbdb4210f6,09183977457,31441583311,Mariam,Nour,F,2004-05-16,2020-07-06,prepaid,active,Port Sudan,2340.75
5048232f-78c8-47d3-8db0-db213348f118,09129885472,81235679836,Mariam,Musa,F,1976-11-10,2020-08-01,postpaid,active,Dongola,1535.73
73210938-21b4-443b-8edb-6c2bd078e2a1,09121307240,78754181563,Ibrahim,Bashir,M,1973-07-06,2023-05-18,hybrid,active,El Obeid,265.79
777bd0ba-155c-4ff6-9145-3a777dbb42a4,09186343629,48978610313,Mohammed,Yousif,M,1970-05-02,2020-06-14,prepaid,active,Port Sudan,329.24
878b628e-29e2-4975-a99d-c1e314387219,09166134732,35494012897,Nasr,Yousif,M,1987-05-23,2022-01-11,prepaid,active,Omdurman,833.23
517a06ea-ca06-4a25-a7fd-1fa9487f269e,09187650241,20957907371,Zainab,Adam,F,1964-01-20,2020-02-24,hybrid,active,Kassala,4176.8
0619d629-ef5a-4781-916a-cdc965c0d669,09124577584,74570545897,Ibrahim,Hassan,M,1970-02-11,2022-04-18,hybrid,active,Dongola,103.64
2d11334f-af67-4516-b058-0e12079b9d85,09160396531,36148782455,Ibrahim,Issa,M,1995-01-30,2025-01-04,postpaid,churned,Kassala,1546.62
225dc204-69f8-4c98-9cae-5b933be3c2c2,09167954107,,Somaya,Hassan,F,1965-10-18,2022-07-04,prepaid,active,Port Sudan,1415.09
504233e1-c334-445e-af38-113527c0f2f8,09165004254,88214236914,Samira,Adam,F,1979-08-20,2020-04-09,postpaid,churned,Port Sudan,4058.55
3e8f93fc-c07d-4919-8419-2f2a989c6685,09164942965,92342683441,Hala,Hassan,F,1986-09-04,2024-10-26,hybrid,active,Bahri,1879.83
f100c726-8001-4086-9a83-19abe6ce4bc0,09187585756,76670806129,Mariam,Hussein,F,1987-02-16,2022-01-23,hybrid,active,Bahri,3104.45
ffe7795b-0b91-44e4-b9b5-08c62ef500ea,09126078701,04159149750,Amira,Yousif,F,1970-11-23,2024-12-21,hybrid,active,Sennar,265.1
6ae0a1e6-6b62-4b1f-8112-8d11b6078987,09123244079,31102918133,Jamal,Fadl,M,1969-04-17,2024-01-11,prepaid,suspended,El Fasher,1953.57
1f04fe9d-fafb-410c-b90c-2def9267f1d9,09123849791,62022328837,Hala,Fadl,F,2003-02-07,2022-06-20,postpaid,active,Atbara,2464.82
f72a9936-2e54-4526-8e09-6056c0be8132,09166620471,96094097052,Hala,Hassan,F,2001-12-23,2023-11-25,postpaid,active,Bahri,1788.74
1a4430fc-3aa4-45e7-b7e7-29c9943c6e15,09168122595,72446176792,Babiker,Nour,M,1983-04-04,2021-02-06,hybrid,active,Atbara,1740.48
27d64ac8-359d-4f15-80c1-ea6b89942a5e,09122311775,33126610941,Huda,Mohamed,F,1963-05-11,2020-08-14,postpaid,suspended,Atbara,3156.47
c593bb4c-3501-4aeb-b83c-bca05b950cae,,47743326831,Osman,Hassan,M,1962-03-05,2025-05-08,hybrid,active,Khartoum,4050.04
5909e5d4-dd36-457d-97e2-a388a7b17e5f,09125287339,78559821766,Intisar,Bakri,F,1966-05-11,2024-11-03,prepaid,active,Wad Madani,1491.13
7fd04311-4f69-4c1e-ae24-9294e6e3eff9,09185034465,12418938984,Mohammed,Suleiman,M,1995-10-25,2025-04-06,prepaid,active,Ed Damazin,554.37
20ea0e08-69a9-4141-826a-a9c7db600bd9,09166435023,85037199051,Fatima,Mohamed,F,1997-05-05,2025-02-01,hybrid,active,Omdurman,4437.59
b49c4a84-4007-4254-9d9c-c000582f410b,09120783567,43000389608,Mustafa,Mohamed,M,2003-04-04,2020-06-10,postpaid,suspended,Sennar,626.19
a42d4f65-99b9-4486-919d-10b6ba33343d,09129553560,33190368900,Omar,Bashir,M,1982-06-03,2020-06-25,prepaid,active,El Fasher,902.97
047fa814-21b1-49eb-b394-8c12c56974a8,,48375374584,Somaya,Osman,F,1981-11-28,2024-06-24,postpaid,active,Wad Madani,2517.23
5fa5d8e0-4c1d-4835-b2da-08e3e423dcc2,09161328348,31520377107,Somaya,Fadl,F,1963-01-11,2022-04-19,postpaid,active,Kassala,4135.89
38942c43-560f-4e34-b8a8-262ded61e714,09160667033,,Somaya,Yousif,F,1990-03-01,2022-03-26,hybrid,active,Khartoum,1704.72
ddbe35f3-e1a7-4158-9dec-9d3818024405,09186487699,84267320441,Amira,Hassan,F,1982-06-03,2024-08-13,postpaid,active,Nyala,193.03
22a8c4ff-e821-417e-9a26-7a4d9b72bd37,09121495427,70707057836,Nadia,Suleiman,F,1965-04-03,2024-12-05,prepaid,active,Atbara,2757.24
b1c4d3cf-924c-4c84-b4a5-b71210783176,09164723229,03102879508,Rania,Idris,F,1980-06-13,2020-07-07,hybrid,churned,Kassala,80.59
1a088bca-1203-4751-ae5b-785f21d80a94,09183511871,81335956164,Abeer,Mohamed,F,1972-11-01,2020-03-17,postpaid,active,El Obeid,1674.93
233efa5f-1c95-47ab-8b41-b9c555765d3e,09180250429,01935889536,Nahla,Salih,F,1962-12-04,2021-04-11,postpaid,suspended,Dongola,392.22
4a52e955-4525-4408-9120-43df5faf6b67,09997651588,78875439435,Kamal,Nour,M,1981-10-22,2023-01-29,prepaid,active,Sennar,4861.98
5c37bad5-cfa9-4057-8eb5-fd7fb38da580,09992702164,69294455116,Nahla,Suleiman,F,1997-10-09,2024-04-18,prepaid,active,Dongola,4407.21
0a930916-4938-4223-8d62-95d8b5d87be5,09126021288,66526834155,Mariam,Hussein,F,1969-09-01,2020-05-20,prepaid,active,El Obeid,4749.6
dab4856f-7674-4807-9acb-31a2d02244b7,09162298120,99576572894,Dina,Salih,F,1968-09-10,2021-12-22,postpaid,active,Khartoum,2820.66
7f78faf3-a73f-4c0e-8967-0c9e5166ea18,09165220368,49951542144,Samira,Musa,F,2003-08-29,2023-09-25,prepaid,suspended,Kassala,4696.02
565e902e-f3ec-4ef5-99ab-960a955c6994,09121388209,08830705349,Ali,Idris,M,1998-04-06,2023-10-14,hybrid,active,El Fasher,1474.71
e24bb63c-0435-4e00-95cb-deb44f615e46,09164124151,31528547815,Abdelrahman,Hamid,M,1963-06-10,2023-09-08,prepaid,churned,Gedaref,2606.48
29f61be9-ba79-41a8-a855-202b1d28eba9,09129633472,72742318306,Ahmed,Osman,M,1966-01-13,2024-03-04,hybrid,active,Sennar,890.58
48c7c1b1-f675-4c95-bcf4-3aa51fb9e2d3,09189357824,34776958741,Somaya,Yousif,F,1979-08-22,2020-12-15,postpaid,active,El Fasher,1626.99
d070f11c-c6d1-444a-a945-495ae36d21c0,09161562779,63044836085,Yousif,Bashir,M,1983-06-21,2022-09-13,postpaid,active,El Fasher,2126.0
233461d3-51f5-42df-a3ff-98e2f18dc1ee,09183504763,92831995298,Mustafa,Fadl,M,1961-10-14,2020-03-06,postpaid,active,Sennar,1666.44
5d961206-a318-4a47-808c-17f6110f9b20,09125832863,42556383000,Mohammed,Nour,M,1969-03-13,2024-04-07,postpaid,suspended,Khartoum,784.73
0cdc5a56-0428-47fd-bf40-71d999f86289,09161662411,18600892196,Ali,Mohamed,M,1977-06-06,2025-02-24,postpaid,suspended,Nyala,2561.78
3fabe46c-1d5b-4e17-bb7b-0cdc473c734f,09999063757,36847488360,Widad,Ibrahim,F,2004-08-03,2023-05-08,postpaid,suspended,Sennar,541.52
f7f63349-62cb-4d9c-864d-2ef3beb83049,09181182379,31269789307,Leila,Hussein,F,1982-08-11,2023-07-03,postpaid,active,Kadugli,753.06
8095219b-26e5-47c8-88ad-72565737fa7d,09183878753,57788116162,Fatima,Idris,F,1961-03-22,2021-05-18,hybrid,active,Bahri,986.84
9416e618-f8bb-4ee8-86a6-296fa4decfce,09162872866,04164485959,Mohammed,Hamid,M,1974-11-20,2021-03-15,postpaid,active,Port Sudan,4014.07
460d3c72-d631-4db0-bd08-ddabab51ee13,09167735228,70562271043,Sawsan,Suleiman,F,1977-11-16,2020-10-18,hybrid,active,Omdurman,305.54
27118f5f-0489-4ee7-aa26-036f796b52d2,09188350344,69459648831,Khalid,Issa,M,1973-09-03,2020-11-15,hybrid,active,Bahri,1314.69
f5f05388-c177-4240-9572-f9640308f6ce,09189497320,33192227051,Leila,Mahjoub,F,1964-09-06,2021-03-01,hybrid,suspended,Nyala,3324.21
8949f7e7-8ea3-41f7-b7d8-ffbb9da44ad0,09166675485,81932426877,Ali,Bakri,M,1982-06-23,2021-01-08,hybrid,suspended,Dongola,1740.9
10cbd867-c1f3-4e75-94d1-bf5c941ea710,,20375830945,Widad,Issa,F,1968-06-10,2023-02-20,postpaid,active,Khartoum,3033.87
aae93607-6122-4d8a-8d4d-d61bfccfb12c,09184409079,77278105092,Hala,Mohamed,F,1975-11-14,2021-02-13,prepaid,active,Kadugli,597.13
7dc81f15-39ed-4a36-9144-36bd86c7f324,09184390552,95806601382,Osman,Hassan,M,1983-12-03,2020-09-17,prepaid,active,Kassala,3042.65
9c24efe3-24a9-4aa0-9f26-116db2c2a2e1,09164851579,19711121259,Rania,Adam,F,1961-10-20,2021-06-10,prepaid,active,El Obeid,2301.75
e258b414-28f9-4e2e-b495-16a061cc3616,09182406424,29563343244,Abdalla,Ibrahim,M,1999-06-09,2022-04-01,prepaid,active,Atbara,1818.07
cc3ff9e3-5a95-4950-85e1-2489ba1a6c2a,09186289365,43588418343,Rania,Mohamed,F,2001-12-16,2022-03-21,prepaid,churned,Wad Madani,3291.66
19ccc627-6e72-42b8-ae06-52578f3a9a45,09165969051,50267551254,Abdelrahman,Mahjoub,M,1974-08-07,2023-12-21,hybrid,active,Khartoum,2195.04
f64ab8ec-9faa-4d01-bc68-8f2c2ebfc444,09124595764,03816649690,Hala,Fadl,F,1974-09-18,2024-05-10,prepaid,churned,Ed Damazin,2984.26
a84e2590-e7b9-422f-8bfa-92eeffd4efa0,09125014257,62702324412,Kamal,Hussein,M,1981-03-10,2021-09-23,postpaid,active,Port Sudan,770.69
534134ab-7399-4acd-b466-4742d0633da9,09125178637,67316252654,Fatima,Fadl,F,1998-02-03,2025-01-28,postpaid,active,El Obeid,2441.55
89f4ea2c-4028-469e-9145-497b9cc269f6,09123555809,96132730346,Ali,Suleiman,M,1968-04-30,2022-11-21,postpaid,active,Nyala,753.74
d14eae97-7247-4857-b545-5912a5b0ebe6,09162268171,51602529867,Amira,Idris,F,1961-01-14,2024-02-19,hybrid,churned,Nyala,2112.29
e5586739-fdcd-42f2-b760-57c9057e803f,09187857585,12686120594,Nadia,Hassan,F,1977-09-23,2024-05-18,hybrid,active,El Fasher,-3591.71
d7c10350-0ff1-4efa-8ca4-7e0688b56960,09129546540,84245607540,Widad,Issa,F,1970-01-07,2023-01-14,hybrid,active,Sennar,1981.07
4f3b6082-1910-4413-b79d-8cb197b61c1d,09187645793,89701550291,Ibrahim,Hussein,M,1994-04-06,2024-05-11,hybrid,active,Ed Damazin,3183.71
4546ae3f-1dd5-491a-be1a-e3833edbfb90,09184161394,49883059736,Fatima,Ali,F,1984-08-26,2021-07-30,postpaid,active,Khartoum,3023.11
a0dee9aa-8abc-4fd4-9fe1-3da7934736bb,09163062447,95133053194,Nadia,Adam,F,2001-04-29,2024-12-31,postpaid,active,El Obeid,2707.29
e37d00b1-a2b6-4642-b6d2-b9586cbb0aa4,09165727738,26460917851,Osman,Musa,M,1978-08-15,2024-07-03,postpaid,active,Gedaref,1576.69
578b1fc4-689b-4cc5-acac-0cf782ab53c7,09182959660,48736826911,Ibrahim,Suleiman,M,1995-07-03,2021-11-09,prepaid,churned,Atbara,1446.74
8a9c6d55-61ac-4d6c-a917-1add6b34fbea,09163694551,58886367747,Abeer,Hamid,F,1974-01-30,2021-07-05,postpaid,active,Wad Madani,4149.33
85a2cfbf-2a9a-46e0-a3e9-43e92d26fc29,09186663093,29981996059,Omar,Yousif,M,1982-06-04,2021-06-01,hybrid,active,Dongola,454.83
22f9fc83-df54-43d4-9e45-04a34c146add,09122753273,52410397739,Abeer,Nour,F,1999-10-20,2022-01-21,prepaid,churned,Wad Madani,3206.9
ec16ea18-4f58-4672-981f-97453bc34ac8,09161006876,16481980770,Rania,Osman,F,1986-04-13,2023-05-22,hybrid,suspended,El Obeid,1997.15
fac1d3c2-0c09-488f-ac1e-cc0b6c7999f6,09122491256,52373415177,Dina,Hassan,F,1981-12-15,2022-03-18,postpaid,active,El Fasher,1653.31
7d2620fb-7781-49e5-a07e-37f0c3511a92,09180228403,59544294774,Intisar,Idris,F,1973-11-08,2021-02-03,prepaid,active,Kadugli,1921.13
2de3b839-0c68-4a51-a3bc-b824507adf96,09162904588,67925298585,Hassan,Mahjoub,M,1993-11-28,2024-02-16,hybrid,active,Wad Madani,2410.26
668e0e62-f788-4f96-8c0f-0eefde413f8a,09163433249,13577908335,Fatima,Abdullah,F,1962-12-12,2023-05-23,hybrid,active,El Obeid,2537.08
c54b58ac-fb22-46f9-8c0f-c490d68131c5,09188334233,72094841312,Mohammed,Bashir,M,1987-02-28,2020-07-08,prepaid,active,Atbara,3808.4
10ebb129-6d80-45ad-9d60-e9eeb28120c7,09161371717,31893974909,Jamal,Mohamed,M,1998-07-22,2020-12-12,hybrid,suspended,Gedaref,3213.14
17934ece-7acb-4269-8dc1-68ec9cc1129d,09169472587,84448354884,Fatima,Idris,F,1999-06-24,2020-12-12,prepaid,active,El Obeid,4466.84
214da310-a043-4f6a-8781-2bd5725eefa8,09126417582,31334845871,Rania,Ali,F,1986-12-02,2025-03-08,prepaid,active,Bahri,1618.83
242524c0-39cd-4682-90e4-849fdb50bed6,09182587964,34745245557,Rania,Ali,F,1987-08-20,2023-08-14,hybrid,active,Nyala,28.36
984f7e14-09ba-4d09-81ef-d472c5d9d8e6,09182740334,45056658833,Omer,Issa,M,1999-06-26,2022-05-01,prepaid,active,Bahri,1627.42
26289262-5937-451d-8b10-c40ed3de156c,09187349960,10548574172,Amira,Yousif,F,1966-08-21,2022-10-05,hybrid,active,Bahri,4369.75
ff5bb954-5d10-4c22-b870-dccd093a26e5,09163598488,40215573257,Jamal,Abdullah,M,1980-06-04,2023-12-02,postpaid,active,Dongola,4857.19
6c161bc2-aefb-4232-90d2-a2d4f338b82b,09186667080,85096085874,Ibrahim,Hassan,M,1989-12-10,2025-05-24,prepaid,active,Atbara,460.72
63027517-715a-457a-a8eb-c065bed07d71,09181979316,47725129578,Jamal,Ali,M,1998-10-16,2020-03-07,postpaid,active,Khartoum,3118.45
f5202faf-8541-407a-965a-63a0a0439450,09162439587,39592323421,Ali,Musa,M,1962-05-09,2024-07-15,hybrid,churned,Khartoum,3897.32
eae3256d-5621-4235-914d-038b467816da,09123342643,35027160736,Osman,Musa,M,1964-05-31,2023-10-20,postpaid,active,Port Sudan,3854.92
6f60dda2-ef53-42ba-b8ad-76a6dd556171,09189812317,95563318574,Khalid,Ali,M,1970-01-17,2023-11-20,prepaid,active,Gedaref,2100.07
6cf37a3f-c15f-43aa-96d7-4185edf49165,09161643167,04502329028,Babiker,Issa,M,1973-12-21,2021-03-11,hybrid,active,Khartoum,305.91
d666740f-49c2-4433-8ee7-17f34b6f886b,09162622822,51207346549,Mona,Suleiman,F,1988-10-20,2020-03-29,prepaid,active,Ed Damazin,2352.51
f7689bdf-1c9c-4a70-bef1-3b5b8dc47a91,09186982210,53161177687,Omer,Mohamed,M,1972-01-22,2025-02-17,hybrid,active,El Fasher,2347.43
7f0b2ddf-eb4a-4390-9695-a03c067319a8,09169177932,38223116491,Osman,Bakri,M,1982-05-29,2021-12-03,postpaid,active,Dongola,1505.54
113ae24f-5d7b-4b4f-9a10-a30273f376e4,09189425652,90603202032,Intisar,Nour,F,1995-08-06,2022-09-29,prepaid,active,El Fasher,4288.4
e27bbd75-beff-4e97-b2a1-5dc0c88eb81b,09169487148,55245787158,Widad,Ibrahim,F,1983-08-01,2020-07-15,postpaid,active,Khartoum,4823.77
23d2e08f-4f3b-4195-b47a-b6596235813b,09128425476,81826832303,Abdelrahman,Hassan,M,1991-10-02,2024-06-20,hybrid,suspended,Atbara,4299.63
e5a5b114-a4da-4037-b6fc-834f06f149ab,09188252129,32896340646,Abeer,Osman,F,1997-10-16,2024-01-20,postpaid,active,Sennar,4690.72
7ea273d3-06e0-4d1b-857d-0d531cb12357,09129910622,,Abeer,Salih,F,1966-04-30,2021-12-04,postpaid,active,Nyala,617.36
feab298d-2add-4032-879d-d4b41724da15,09124501848,19737418972,Hassan,Bashir,M,1966-04-25,2022-11-26,postpaid,churned,Khartoum,1907.51
abf30777-ad9a-4795-aa21-88768190fc30,09182743811,99537660144,Abdelrahman,Hamid,M,1982-07-30,2025-06-12,hybrid,active,Dongola,4181.48
c439b7b8-61c9-4d3d-98ea-89893417ea54,09187397396,41789969860,Ahmed,Hassan,M,1969-09-02,2025-01-08,hybrid,churned,Atbara,474.57
a1fdc65d-6995-4fe5-9d7c-8687282cb462,09189660577,98066039205,Babiker,Mahjoub,M,1968-11-11,2022-06-27,postpaid,suspended,Sennar,2283.12
9f317e33-9609-45b4-951c-3de7ad43fc9c,09124705742,38856527155,Mona,Issa,F,1980-06-01,2022-09-10,postpaid,active,Sennar,452.16
05a4a9f4-447a-4eca-b9dd-fae2df84b6f9,09124755752,25013948848,Rania,Yousif,F,1975-12-17,2023-05-21,hybrid,active,Port Sudan,466.82
b737d0db-d563-4a9f-9250-f1af144f3baa,09185856261,49915370382,Nadia,Hussein,F,1984-07-24,2020-03-22,postpaid,active,Sennar,4916.31
3c309772-8152-440a-a88f-b57c7d9060bd,09120430977,68893628969,Abdelrahman,Ibrahim,M,1994-09-23,2022-03-23,hybrid,suspended,El Obeid,4017.13
87f1e6a9-7143-4450-bb7c-42a927c6eece,09168512538,92187851935,Mona,Osman,F,1980-02-03,2023-12-16,postpaid,active,Khartoum,2301.19
7923a735-c287-47f0-953b-55cf9cc36f7d,09128780572,15149409762,Huda,Ali,F,1995-07-20,2021-10-30,hybrid,active,Wad Madani,3486.03
82433d12-c9fb-4248-bb20-7bcd978fbc60,09162895090,59119186233,Kamal,Nour,M,1976-02-02,2021-07-17,prepaid,active,El Fasher,3643.34
d4b26232-5c68-4fb1-9a13-0e8c611d1120,09186667252,14526471246,Salah,Mahjoub,M,1977-12-30,2021-12-05,postpaid,churned,Dongola,407.84
45fb95cf-db58-40d5-86c1-54fd31399f31,09129080512,08005640995,Tariq,Idris,M,1966-03-23,2021-06-19,prepaid,active,El Fasher,908.93
3c885e29-1dcf-4915-960f-cbee20a886e4,09185927282,70908144152,Mariam,Hussein,F,1975-01-06,2020-11-05,postpaid,active,Bahri,4986.71
74517c78-49c5-4003-8f98-be3ca353943a,09161815352,37360507918,Abeer,Yousif,F,1968-02-28,2022-09-22,hybrid,active,Sennar,2659.63
2e8126f5-d79a-4458-8ac5-92bd4366715e,09127346666,17071587964,Abdalla,Musa,M,2004-08-22,2022-06-11,hybrid,active,Wad Madani,4156.29
db53c0eb-87dd-4471-8195-e9303eb88c3d,09189825080,04635806882,Abdalla,Mahjoub,M,1993-04-08,2020-05-18,prepaid,active,Bahri,4461.78
adeea502-275f-42c3-8749-0afca519ff37,09129900631,40352635602,Hassan,Fadl,M,1972-09-16,2025-02-03,prepaid,active,Kassala,4409.72
8fb47ad9-6b8d-4c93-a420-9c7fc2f3d0a0,09160666437,49060723111,Sara,Idris,F,1974-04-04,2024-02-26,prepaid,active,El Obeid,836.83
2e4ec898-b091-40cc-9b79-079c9f3e4414,09164941163,18732807711,Samira,Bakri,F,1980-07-06,2020-04-28,postpaid,active,Gedaref,3468.08
2c8c821c-891c-4055-ae04-7a00a14d9154,09992357071,50902542573,Somaya,Issa,F,1965-01-23,2023-04-30,postpaid,active,Kassala,2527.97
44ac3d8a-4408-472f-8b24-27fe0694d4db,09128501168,80925502130,Abeer,Ali,F,1994-03-14,2020-01-11,hybrid,active,Nyala,3843.48
962e4cce-0109-49f2-a0a4-0c96f228bfcf,09181079649,67379457727,Mohammed,Mahjoub,M,1992-04-22,2021-11-26,prepaid,active,Sennar,871.77
62b24050-b582-471a-a34f-e49de520fed1,09180642076,83625366677,Rania,Issa,F,1999-10-28,2023-04-21,postpaid,active,El Obeid,3326.87
039095bf-73af-46ed-8a1a-b7e8fc2a70be,09183939578,65436271874,Ali,Ibrahim,M,1996-12-21,2020-06-07,prepaid,active,Wad Madani,4449.62
dfc692a4-82c0-442d-8656-85775f7ec44d,09123692492,69326573275,Rania,Bashir,F,1963-03-02,2020-10-28,prepaid,active,Khartoum,4600.86
1062a3ab-585a-4b72-8502-faed61c25e9b,09163234159,59775244182,Huda,Musa,F,1973-08-21,2021-05-22,postpaid,active,Ed Damazin,3091.44
9535d2d6-3da8-4a0e-aadf-77481261eb98,09122710267,67209579927,Nadia,Osman,F,1961-10-12,2024-03-07,hybrid,active,Ed Damazin,1698.88
1c8e988b-814b-413c-ac96-fa14c47355cb,,41597099625,Huda,Ali,F,1982-09-02,2021-08-19,hybrid,active,Wad Madani,4521.4
1051d4b8-deb2-49bd-aa26-98643ddf3660,09184476504,71580290904,Mohammed,Osman,M,1994-02-24,2021-09-12,postpaid,active,Khartoum,3476.44
464b8a8e-703c-4434-a856-168bbc42d458,09186652548,37441715810,Leila,Issa,F,1971-07-13,2020-11-28,prepaid,active,El Obeid,324.8
66d1f7b5-5f8d-4093-a54f-af45abbc9177,09120591297,51910231211,Khalid,Abdullah,M,1960-05-05,2023-09-07,hybrid,active,Khartoum,3584.9
3f350dfb-8470-426e-a09a-7b9cc6bb2609,09187927490,72801234289,Mahdi,Ibrahim,M,1976-12-26,2021-01-20,hybrid,suspended,Port Sudan,935.24
af8922a1-076d-4e39-898e-d7b548ffd533,09189496843,64538044210,Yousif,Yousif,M,1965-08-19,2024-03-14,postpaid,churned,Khartoum,3099.23
fdcc9ad3-c80f-49ac-b14c-747499f16f8a,09181595919,45757574758,Abdelrahman,Adam,M,1977-01-26,2021-12-09,hybrid,active,Sennar,1764.47
56c8bcb8-8f7c-4b46-8cd4-9000f34971cd,09167722660,25626506229,Leila,Yousif,F,1976-07-01,2021-11-05,prepaid,active,El Fasher,749.5
edf9885b-a52f-4b62-b383-c2281cc1c846,09124843379,76627051157,Mahdi,Yousif,M,1985-12-15,2021-03-15,prepaid,active,El Fasher,4018.11
c6be5e86-9d95-493e-b241-8b42662cfd4b,09164969192,84552597107,Abdalla,Ali,M,1993-03-12,2023-07-19,prepaid,active,El Obeid,3441.41
2042a220-a643-4b19-b9cc-f84353cabf78,09185953259,39933797058,Nahla,Idris,F,1968-07-29,2023-04-08,prepaid,active,Omdurman,2646.18
2e5805bd-c601-4c66-952b-12e9fbc7b64a,09163425073,30559782457,Huda,Bashir,F,1988-03-08,2025-02-21,hybrid,active,Gedaref,3229.21
c393b3f5-5e45-4761-b3d3-b9261a52628b,09183884366,04432400615,Abdalla,Mohamed,M,2001-09-17,2021-04-03,postpaid,active,Wad Madani,784.89
bc3a361f-4d74-4db6-b0fc-0381c7887b79,09164397429,25010587525,Mariam,Idris,F,1993-08-23,2024-09-05,prepaid,active,Dongola,1619.42
a5893156-bf52-4ce8-b3a6-688a079a941b,09189080271,12218231555,Abdalla,Musa,M,1967-04-13,2023-07-06,postpaid,suspended,El Fasher,2002.8
f822fd1a-fa1c-4da0-abb2-17f8fbdc0a21,09181372143,30800370033,Hala,Hussein,F,1973-09-10,2021-03-03,hybrid,active,Nyala,-4903.74
148b365f-d39c-4e64-af30-6673cf5c59e7,09181039033,97051958263,Fatima,Hamid,F,1973-08-29,2024-07-24,prepaid,churned,Sennar,3113.96
6ac7662b-444b-4d45-a584-fd4f90e991f8,09123945354,61470798632,Sawsan,Yousif,F,1970-02-09,2020-05-09,postpaid,suspended,Sennar,4665.42
60cee553-5c38-45a4-9066-a865903bac59,09165703943,80403253765,Sara,Mahjoub,F,2001-01-28,2023-04-29,hybrid,suspended,Ed Damazin,2458.41
e02652d1-ae39-46e4-892d-7ed149aaa9d3,09181009004,04769210533,Amal,Abdullah,F,1997-12-18,2023-03-04,prepaid,active,Dongola,111.97
2a4a935f-6552-4863-8981-47648abcc3e2,09167310720,11379844097,Abdalla,Hussein,M,1965-09-04,2021-04-21,prepaid,active,Dongola,1887.13
e1fdffd4-bc51-4d88-a32e-fb7ba287c970,,34043370096,Widad,Hamid,F,2003-10-30,2021-12-20,hybrid,suspended,Khartoum,1432.59
0f7e032d-6483-41c2-9027-32102456b59c,09125588255,62965754278,Nahla,Bakri,F,1996-08-02,2023-01-24,postpaid,active,Kassala,4423.86
c356c567-8db2-4333-95ab-e9b0c4224a1f,09182058295,82923616188,Widad,Bashir,F,1963-10-07,2024-06-02,prepaid,active,Kassala,4672.53
698e6f9a-6723-44d5-8dd6-4c98520e5d1a,09161558686,39561372308,Ali,Musa,M,1969-09-02,2024-03-18,prepaid,churned,Sennar,4750.55
c109c880-7d9c-437c-8401-ea3b759d4bd6,09181300041,32114716560,Samira,Ibrahim,F,1986-12-07,2022-12-02,postpaid,active,Kassala,2142.62
2327dea2-4b76-4b45-9372-e73645a12940,09127075504,76816995706,Somaya,Mahjoub,F,1963-06-21,2024-02-23,prepaid,active,Wad Madani,460.24
4ccf2584-0216-4301-9582-a6f575dd0818,09185397054,87396102908,Abdelrahman,Yousif,M,1999-11-15,2020-08-02,hybrid,active,Kassala,3485.66
874a78ca-1c6c-4a51-a921-11f31ede0e2e,09128727420,49561213773,Mustafa,Mahjoub,M,1960-07-05,2023-04-18,hybrid,suspended,Ed Damazin,883.16
ff45485f-3036-4667-9d18-ec9b85867a9b,09169737112,22990775608,Rania,Osman,F,1993-01-15,2025-05-26,hybrid,active,El Fasher,167.68
ebe28949-ce36-40de-9b78-eb3b71401028,09124576832,10219237858,Huda,Abdullah,F,1983-08-06,2024-01-24,prepaid,churned,Dongola,927.55
ff303040-e5b6-4fff-831f-4595d30e6ce4,09124260508,01849804253,Ali,Ibrahim,M,2003-02-05,2021-10-25,prepaid,active,El Fasher,2393.67
b76d6e11-28fa-4b1b-afa9-d9b05c29576d,09122282178,19236534606,Abeer,Bakri,F,1963-11-07,2026-02-15,postpaid,active,Dongola,3632.48
35cae19f-be0c-41c9-bdb8-d211a8573867,09188623984,71690618120,Ibrahim,Fadl,M,1993-02-24,2022-05-11,postpaid,active,Dongola,4034.06
b6b92491-2345-4e1a-9afe-12e798b0e55d,09164787698,99927517588,Abeer,Suleiman,F,1965-08-24,2022-02-20,hybrid,active,Kassala,4373.76
971be746-4769-4d38-865a-fc18619aec88,09129354358,64496392435,Osman,Musa,M,1988-10-23,2021-09-27,postpaid,active,Bahri,586.05
b0360651-34be-4a6a-be82-534673059639,09185275367,49785249141,Amal,Ibrahim,F,1993-10-13,2024-09-06,postpaid,active,Port Sudan,4059.96
44a1f432-e3ee-49ae-93e7-160e39ddf2e7,09184896340,67917665122,Widad,Bakri,F,1971-01-10,2023-01-27,prepaid,active,Omdurman,1386.78
a9e7706c-fcc3-471f-931d-54118dbd5ce5,09186309001,59446333999,Zainab,Hassan,F,1983-12-06,2024-09-12,postpaid,suspended,Bahri,114.77
c3e957d6-0344-4a3a-bf6a-d6fa68c08906,09128902199,47113633792,Yousif,Yousif,M,1975-07-27,2021-11-15,postpaid,active,Port Sudan,3355.81
2aa50baa-426d-495e-ad1e-90de19c44b3f,09121167726,96084376855,Widad,Ibrahim,F,1961-11-09,2024-03-30,hybrid,active,Kadugli,2210.95
c681f1cd-71f7-4197-aef7-b64692364128,09186263355,64343697093,Khalid,Suleiman,M,1965-10-20,2023-11-06,hybrid,suspended,Nyala,2858.28
2982a114-17d2-4d78-a755-90c6983bca67,09187616453,45472239898,Mahdi,Hamid,M,1977-07-23,2020-04-22,postpaid,active,Gedaref,1142.9
42f56bc4-9653-47b6-90ad-4dc5b36c4ebe,09188041847,24264236428,Khalid,Suleiman,M,1965-12-28,2021-12-21,prepaid,active,Atbara,3273.11
c4c1ecf7-8a3d-4bdd-b9a2-00faaa845a31,09166230391,11428178522,Abdalla,Bakri,M,1976-10-04,2022-02-02,prepaid,active,Bahri,3831.75
349a9f56-56f7-4903-ab8b-b3cbf6e2b75a,09126220722,39594737213,Tariq,Nour,M,1974-07-17,2025-06-11,hybrid,suspended,Omdurman,4914.28
87a30fce-8350-43c1-afe7-a229e5125860,09166886878,59964862872,Widad,Nour,F,1963-04-08,2021-10-04,prepaid,active,El Obeid,4209.73
6ca4f028-1353-4941-a7d3-4c2e5b2945d9,09165057303,62792463203,Hala,Yousif,F,1999-05-22,2022-02-24,postpaid,active,Sennar,2326.02
e9d4e3c8-2190-4a40-ba71-4da14e8baf27,09123214505,76619458870,Zainab,Hamid,F,2003-01-05,2020-07-29,postpaid,active,Kassala,4609.93
661ba3bf-0536-4b75-bc1e-7d20fafd9add,09160083850,76597595450,Ibrahim,Bakri,M,1971-01-23,2023-09-24,postpaid,active,Wad Madani,180.78
594aa274-fd0d-4cd0-83fd-4e02a9c36f53,09167422319,64630040236,Ibrahim,Yousif,M,1977-05-16,2023-07-21,prepaid,active,Atbara,1275.74
c5b26db8-976c-4799-90ac-e355ff9505c7,09124713727,11759574988,Khalid,Ali,M,1989-08-29,2025-05-16,hybrid,active,Bahri,3338.76
5aa97830-dbd0-41f5-9533-43854cc7132f,09120674584,76094412833,Somaya,Osman,F,1982-04-25,2023-12-13,prepaid,churned,Sennar,2711.05
e09ebb2b-c3ed-466f-a5a6-0a892790e290,09164132971,50666267055,Dina,Mahjoub,F,1970-08-10,2022-08-14,prepaid,active,El Fasher,4639.18
2185cd98-0971-424d-a503-b1823162216f,09124392529,59611110286,Salah,Hamid,M,2004-03-13,2020-10-13,hybrid,active,Khartoum,10.44
84e17d17-232d-4a79-9dc1-6b6edc186de4,09185910245,10910903267,Abdalla,Issa,M,1969-08-24,2022-04-10,hybrid,active,Kadugli,2630.44
e3d37ba7-438c-4085-8dee-c44e0c265d99,09169428179,34065277584,Zainab,Abdullah,F,1986-05-06,2023-05-31,postpaid,suspended,Port Sudan,3971.29
bc335b6e-e8ca-4b8b-9e11-cc0cd3b51810,09162201091,21722145593,Sara,Osman,F,2003-03-16,2023-09-14,postpaid,active,Dongola,3341.35
6427e719-e023-4ef9-b252-9551bea2e086,09180526351,00462776572,Sara,Fadl,F,1989-04-30,2023-08-05,hybrid,active,Ed Damazin,3757.57
88930e2a-c48d-4e5d-9d9a-f01d16b4dd73,09166175202,38974326005,Ahmed,Ali,M,1990-10-08,2025-03-25,postpaid,active,Omdurman,2413.99
06721ca3-93e1-46f9-ac58-ea1e4bf88a2d,09168486899,93607984870,Hassan,Hussein,M,1985-07-10,2022-10-30,prepaid,active,Dongola,4825.43
7539ebbe-8476-4519-865d-1d53690ed0a9,09183593744,03946408303,Widad,Suleiman,F,2000-04-21,2026-04-30,postpaid,active,Khartoum,4793.19
aab829bf-0de3-47fe-b322-8fc3586bbfe6,09184907938,84136852830,Fatima,Nour,F,1998-07-13,2020-09-04,postpaid,active,El Fasher,103.45
210b5440-0bfc-422f-b4fa-1def3eea8f2a,09184626325,14488112103,Rania,Salih,F,1965-12-02,2022-04-19,prepaid,active,El Fasher,1687.65
d1b15374-0ae1-419f-b019-36acc17865b9,09169415152,63840911225,Sawsan,Hassan,F,1974-05-21,2024-06-10,hybrid,active,El Fasher,4955.57
2df59259-80b9-4644-a177-0515e8efc2dd,09166186323,97913787655,Fatima,Musa,F,1977-11-11,2020-05-10,prepaid,active,Khartoum,2854.7
bbf22fad-9f29-4758-aa9b-3a8a14ec75f2,09180571219,88192778851,Leila,Hamid,F,1962-11-30,2025-08-18,postpaid,active,Wad Madani,4110.82
14d3b112-4b87-46c0-8fbd-fb1d6f52aca6,09184624561,85174460045,Abdalla,Hussein,M,1976-07-29,2020-10-16,prepaid,churned,Atbara,2997.73
8017680f-2da4-4b01-ae35-258bd4079530,09165129391,30448818984,Omar,Idris,M,1986-09-10,2020-11-08,postpaid,suspended,Khartoum,1559.46
1d740d4d-179c-4bf3-90a0-ea79845e432b,09180211901,70756814298,Osman,Idris,M,1982-03-18,2020-09-11,postpaid,active,Dongola,4590.82
f6e0e9ee-21ba-40e3-bc7c-58ac23a526ae,09122283608,49378306396,Ahmed,Fadl,M,1977-04-07,2024-06-27,postpaid,active,Nyala,4868.61
cdfc849d-5e0f-463a-a4ee-366488885ce0,09181649701,69342929132,Nadia,Osman,F,1963-08-10,2021-12-18,prepaid,active,Sennar,361.0
0927b7df-8908-4ccd-b639-b8ab6004a650,09180310615,37221556684,Mustafa,Hassan,M,1999-10-12,2021-09-18,hybrid,active,Nyala,1765.89
34eb9571-2eaf-4c48-8aee-f1cc2f55bf00,09166040672,00784361424,Mahdi,Fadl,M,1985-01-22,2021-07-04,postpaid,suspended,El Fasher,3928.48
be77ccb3-5a7f-42e6-8f5b-817b4586b654,09183734764,27372037638,Mona,Salih,F,1972-12-24,2020-12-07,postpaid,active,Wad Madani,1274.06
ec3131f1-9079-4f75-b1de-830e450681ad,09129134438,99827802058,Hala,Adam,F,1997-08-27,2026-03-04,postpaid,active,Port Sudan,936.86
f0826d60-f988-4531-9bf9-318f58996534,09186999516,79335055738,Intisar,Ibrahim,F,1989-11-29,2024-03-12,prepaid,active,Wad Madani,82.16
251b088f-d172-442a-9e32-369510589e45,09991539114,72333510409,Ali,Hamid,M,1996-09-14,2021-01-08,postpaid,active,Ed Damazin,2249.18
df983dbf-d21a-4e8d-8ae9-6e8e7014d0ff,09184820736,51189394065,Mohammed,Fadl,M,1992-01-07,2023-11-06,hybrid,active,Khartoum,3694.5
a7ebc812-3086-40bc-acb8-7fccbcdd2434,09122302333,24707392013,Mustafa,Ibrahim,M,1992-11-22,2025-05-02,postpaid,suspended,Nyala,769.65
123ccb2d-d938-4a5f-9050-7662a7344be1,09122508261,,Mahdi,Yousif,M,1989-08-11,2023-11-08,prepaid,suspended,Atbara,2664.24
87cdb4f5-61bc-4e94-8494-1fc620e56965,09187454930,36468719120,Dina,Ali,F,1980-08-11,2024-07-15,prepaid,active,Nyala,4546.66
0fb9ea00-6ebc-424f-8317-8428ecd4cdeb,09128323089,81388158814,Mohammed,Nour,M,1983-06-06,2022-10-28,hybrid,active,Bahri,220.09
62d2e12c-68d8-4920-af2f-28c6a1b0f957,09181829716,81572450000,Ibrahim,Osman,M,1962-03-04,2020-04-04,prepaid,active,Gedaref,3710.99
e0b95954-5bf4-425d-98fe-2e122d23d967,09161785090,25561844421,Khalid,Ibrahim,M,1973-04-09,2025-02-08,hybrid,active,El Fasher,1435.92
e6d0a57e-f459-42d2-be46-837458b4c27e,09168905670,86700900436,Ibrahim,Ali,M,1990-12-25,2025-06-01,postpaid,active,Sennar,2579.45
0b9a353d-cdb6-4ee6-8031-ea4e50d5d994,09123624835,50542960807,Hala,Mahjoub,F,1964-10-03,2023-06-17,prepaid,active,Atbara,4280.13
fde73b46-a4d7-4314-a27c-ef7d5dd393d0,09188221040,16481880442,Fatima,Suleiman,F,2002-06-29,2024-03-28,prepaid,active,Nyala,3590.91
63022f90-15d8-4329-87a8-1001722b0404,09122126942,89464203625,Salah,Idris,M,1998-08-28,2021-10-26,prepaid,active,Gedaref,1259.25
c91e880c-0f20-4bb6-b845-3cca86c03dd3,09186255402,63558243017,Salah,Salih,M,1993-11-05,2022-08-14,postpaid,suspended,Kadugli,1453.0
4a522696-a3dd-4979-9726-9238cefbe141,09163888245,27905040433,Ali,Hassan,M,1979-05-23,2021-10-11,postpaid,active,Wad Madani,1288.59
314f312a-2ac8-48d9-bd38-49a3a4d4818b,09121119787,18093391373,Salah,Osman,M,1972-02-01,2023-06-12,hybrid,active,Port Sudan,196.06
9e03e722-f0a7-49bd-9b7d-12061279d605,09188756178,68800230091,Khalid,Abdullah,M,1990-01-06,2023-07-13,prepaid,active,Kadugli,2985.98
79934495-cbae-4ede-808f-cc2c888c85f4,09167449160,93659520149,Salah,Musa,M,1966-05-12,2021-01-17,hybrid,active,Atbara,1434.18
565f16e1-a68d-4b91-8a9f-a64ef167f844,09187509263,22399821374,Ali,Yousif,M,1990-01-26,2022-11-15,postpaid,active,Kassala,4668.89
962b0ffb-0de6-4556-aeb7-fbed3d9aeade,09186050537,66608112600,Zainab,Nour,F,1977-04-23,2020-06-21,hybrid,suspended,El Obeid,1952.95
d8e67d1d-4aa0-4d87-9a23-e4d5ff7eb5ba,09127153123,45506882691,Ahmed,Yousif,M,2003-07-19,2025-04-30,postpaid,active,Wad Madani,3220.75
846cf69d-1300-40c4-bd2e-7eda4e52a7de,09160134808,73543788260,Tariq,Idris,M,1979-01-06,2021-12-27,hybrid,active,Sennar,620.69
2f0c9bfe-1ea5-41f2-a095-8e3c6dc778d5,09180859914,49207492699,Widad,Adam,F,1997-09-29,2025-04-24,hybrid,suspended,Kadugli,3902.59
2a4d9f6f-6e9b-46c7-9e2c-1b36e741cd59,09162859693,25914084993,Huda,Nour,F,1975-09-17,2021-08-14,prepaid,active,Gedaref,4035.39
cc441cc3-07a6-4049-b439-7a5da4e20d56,09188069087,26176072348,Omer,Yousif,M,1980-06-18,2024-06-03,hybrid,active,Dongola,3312.72
cb6b8d98-6c8b-4a32-ad76-ee76aab4ce65,09188040561,29965082695,Tariq,Hussein,M,1973-02-25,2023-09-10,hybrid,active,Gedaref,2753.07
ab215a7a-f6e7-448a-aa16-6ca144b8c5d1,09120876123,85951434682,Dina,Abdullah,F,1981-08-02,2024-12-30,postpaid,suspended,Kassala,3130.21
a95ead53-5b2f-4a27-b03c-c78a64aaad99,09120086966,10168311395,Yousif,Fadl,M,1962-04-15,2025-09-09,prepaid,active,Khartoum,3060.34
7fb701ee-1d36-4daa-9fea-2c0aa9ba5ba0,09166283976,20534407779,Osman,Mohamed,M,1985-04-03,2023-04-28,prepaid,active,El Fasher,4427.18
635d0a25-5895-4cba-abe2-44e38dfa11de,09125081776,02991406884,Zainab,Suleiman,F,1966-01-09,2021-08-29,prepaid,active,Port Sudan,445.93
545e8cac-df3e-40ef-8034-05526147b758,09125617817,03211920613,Mona,Ali,F,1997-11-06,2022-01-09,hybrid,churned,El Obeid,661.78
95eb6c1f-199c-42d3-ae56-1d6f03ff8177,09123718444,90295026480,Hala,Hassan,F,1968-06-24,2023-09-01,postpaid,active,Khartoum,1182.54
392f9a41-a576-4159-b3db-3e1e59f08ace,09168127782,21021798213,Mariam,Yousif,F,1983-06-04,2024-06-01,postpaid,active,Wad Madani,1700.69
1dcc8b78-7f13-4e90-a179-97cdb514d3cc,09128318285,60539707986,Amal,Hamid,F,1996-02-19,2021-01-04,postpaid,active,Khartoum,2013.3
ff5b3eb9-5d20-4379-a85c-bb1d7b2700b5,09120506821,22355216505,Salah,Nour,M,2000-02-16,2020-11-21,hybrid,active,Atbara,751.7
fc3cb36f-1cf3-4bbc-a0d9-313e3e0d2e88,09125967908,,Khalid,Mahjoub,M,1974-03-16,2021-01-29,prepaid,suspended,Gedaref,169.56
b15d9cdd-c159-4610-8e28-e72a76c22e27,09189484249,59881145788,Jamal,Hamid,M,2001-01-28,2020-04-21,hybrid,active,Omdurman,1784.69
95a8b002-12be-444a-8350-29682befaa0b,09163820974,61917798768,Widad,Yousif,F,1973-06-13,2025-04-21,hybrid,churned,Wad Madani,2486.13
05a6dd9d-04b9-4a65-8253-fdcab702eccb,09183708580,62350405669,Osman,Nour,M,1989-10-09,2023-11-19,hybrid,active,Dongola,624.13
a85beb11-a6b0-49de-b170-1bb8f7a18664,09164286796,32594232894,Osman,Issa,M,1995-02-10,2021-11-21,prepaid,active,Ed Damazin,4618.86
43dca950-9a1e-4760-b26c-f490f482baa4,09161528572,56292693358,Hala,Ali,F,1993-03-13,2020-11-13,prepaid,suspended,Wad Madani,531.05
eb7c9467-c91f-4295-9de2-3e87f1faae4f,09187846850,95744303491,Mona,Adam,F,1966-09-07,2020-12-17,postpaid,active,Bahri,234.45
d0f6a305-cb09-4d66-aafc-48b54c5c80b2,09160153641,54715531325,Intisar,Osman,F,1979-03-29,2023-07-27,postpaid,active,Wad Madani,486.89
6626814d-7fd7-4352-9126-a9b2c2c117d3,09129421410,52769819878,Leila,Mohamed,F,1965-05-24,2025-02-22,hybrid,suspended,Gedaref,2390.07
56939efe-f106-45fb-b743-6e477fa70ec8,09188562258,66059867874,Ali,Nour,M,1986-10-17,2021-06-04,prepaid,active,El Obeid,2551.04
b04e1d8c-793d-4b74-918c-f3951905157f,09189655942,82491165020,Abeer,Musa,F,1963-07-15,2020-05-13,prepaid,suspended,El Obeid,3195.83
30b4c369-b161-4978-bb3e-b4bec73d3177,09121551305,57083682144,Khalid,Osman,M,1985-07-06,2024-06-02,hybrid,active,Nyala,2932.17
90b098ed-4dac-43e5-8f38-0819a93848ca,09183677462,02582543183,Zainab,Fadl,F,1975-07-05,2024-08-15,prepaid,active,Port Sudan,4181.69
8170d2f1-d8e1-4f1d-86a2-fbd22a56b357,09181060183,64723875082,Ahmed,Salih,M,2002-04-25,2023-06-09,hybrid,active,Dongola,2280.14
210fbfa3-dd0f-4593-ae38-b6459f15e48f,09164584726,29052918768,Nahla,Bashir,F,1981-08-18,2020-11-13,postpaid,active,Kadugli,908.26
9319109d-cd6b-4fdb-b8ba-86c94d09421a,09127337399,20522299936,Mahdi,Ali,M,1975-05-11,2020-11-09,hybrid,active,El Obeid,3286.24
150612b3-708e-4bf2-8922-488f01610cbf,09182325539,83584461777,Amal,Bakri,F,1979-08-20,2021-05-16,postpaid,active,Khartoum,2855.22
2e41f77a-0ff1-41d9-bb8b-54a9e7697531,09181279970,29271205397,Intisar,Fadl,F,2004-08-25,2020-12-15,prepaid,active,Ed Damazin,4087.5
93080101-0ab8-4d74-9b21-326dde18c420,09121256083,20048797888,Ibrahim,Hussein,M,1999-04-30,2022-12-21,hybrid,active,Sennar,3610.22
728fadf3-4431-4b8e-8d0b-8e8d3bd7d518,09188600304,43619951715,Rania,Osman,F,1974-08-16,2021-10-14,hybrid,active,Ed Damazin,4337.96
bd0a231d-f977-4625-b46f-e38afd2e522a,,48309309671,Kamal,Ali,M,1978-11-16,2025-01-17,postpaid,active,Omdurman,725.92
b607415d-3cbb-4368-8fae-2a5b8f83ef64,09121767201,91116612201,Omar,Ibrahim,M,1962-11-11,2023-10-19,prepaid,active,Dongola,3712.9
0901313b-e0d0-4f4e-9c9f-bf5d3d587542,09183049366,53802748124,Amal,Ibrahim,F,1975-10-20,2020-11-08,prepaid,active,Gedaref,2791.93
28b511dc-bce7-4f9a-87be-773611534bb6,09185229462,09355610399,Osman,Adam,M,1990-12-21,2021-02-02,hybrid,active,Kadugli,85.44
ab1ddbd9-3314-4a13-aa29-b3e5f1ed6d8e,09163658585,,Mariam,Hussein,F,1964-10-29,2023-08-05,prepaid,active,Bahri,2396.55
9b23dff7-7712-4a81-b23b-668981b6cd08,09180716690,63224815542,Yousif,Suleiman,M,1960-09-05,2021-11-20,hybrid,active,Kassala,161.91
e0d123a0-a25e-45eb-95a5-335b9f998cac,,15795546234,Nasr,Issa,M,2003-01-09,2020-11-26,prepaid,suspended,Kassala,2308.73
906a324e-c680-441e-94a3-279bd7f87d12,09120306831,76417268080,Omar,Nour,M,1968-09-27,2023-02-11,postpaid,active,Atbara,152.41
d2fdd01a-558c-472e-8992-0e181038bc1e,09123806713,07351045847,Amira,Bashir,F,1986-12-08,2021-09-11,postpaid,active,Sennar,982.77
c8aaeddf-60a4-4851-aa2e-3839c2eb8b77,09991591832,70318053396,Rania,Issa,F,1974-01-17,2023-09-27,postpaid,suspended,Ed Damazin,1968.12
99c2b268-5388-441f-8c70-7f6be9095c14,09124666145,90110797714,Fatima,Mohamed,F,1963-05-08,2020-03-02,hybrid,active,Atbara,1179.76
f4d2e2d8-d762-4568-afc2-61315af498a0,09180531520,49980949769,Kamal,Idris,M,2004-03-18,2025-06-07,prepaid,active,Port Sudan,2316.24
01b871de-27cb-4706-9597-6189c7cd5525,09188416612,37407794332,Omer,Yousif,M,1988-11-30,2023-09-19,prepaid,active,Sennar,4835.2
3de8a2d4-b257-4a61-a735-c3bec507cb1d,09129701426,20370878211,Intisar,Mahjoub,F,1996-11-06,2020-06-19,prepaid,active,Dongola,137.15
e4051e7e-bc11-459c-aa8f-9f503b94baff,09123599898,97211708894,Mariam,Bakri,F,1962-09-27,2020-08-07,hybrid,churned,Ed Damazin,1300.18
8b79721c-c691-4bfa-bae3-9ed4b08b89e2,09168839785,70820048067,Omar,Bashir,M,1988-09-22,2024-01-10,hybrid,active,Kadugli,899.15
870cddea-a079-43f8-8c2e-ccc39f26a35f,09161128794,29688276970,Abdalla,Suleiman,M,1983-12-19,2020-05-14,hybrid,active,Sennar,589.57
883a40de-9919-4ce3-ab60-d3a144196b95,09125607832,74883565179,Kamal,Hamid,M,1995-09-20,2021-07-18,postpaid,active,Ed Damazin,3023.73
af566056-b44b-4b4c-bc3f-65285ec725d5,09168349604,78421702851,Somaya,Yousif,F,1994-08-16,2021-03-18,prepaid,churned,El Obeid,2899.99
90cff907-a617-4b97-bd5b-70facfc7a394,09182089348,68839062467,Nadia,Bakri,F,1973-07-30,2024-06-25,postpaid,active,Omdurman,2124.57
04d9110e-ad5a-43e8-8cc1-0e003952bf17,09123193592,36133760523,Khalid,Salih,M,1963-12-05,2022-03-01,postpaid,active,Omdurman,2003.04
919bdfa3-6cb3-4b39-83aa-5ccac427c9d9,09164724191,65034409661,Yousif,Issa,M,2002-03-03,2024-02-13,hybrid,active,Wad Madani,633.89
8de1f834-02fb-4fef-879c-3a423940ebb7,09180678214,17468135926,Jamal,Bakri,M,1993-10-12,2022-04-03,hybrid,active,Dongola,2692.02
a0d168b1-2c01-420b-88d0-1aa5378f0295,09189874869,41559450119,Kamal,Yousif,M,1972-02-03,2025-02-04,hybrid,active,Kadugli,3437.26
ee8df924-2974-4738-8044-f22a9ff1ec39,09180511716,03988636536,Amal,Yousif,F,1971-04-14,2020-11-06,hybrid,active,El Obeid,1861.94
b2ecd1b1-0073-4cb6-b383-82f98aa2e39c,,42046648966,Fatima,Mohamed,F,2004-08-19,2023-06-29,prepaid,active,Nyala,1310.65
66df70b6-f1f1-4579-9e89-9eb336a13036,09167758097,45338906235,Leila,Hamid,F,1983-02-26,2023-06-10,postpaid,suspended,Kadugli,3167.67
8526789d-6905-423f-8ef4-3bcab118066d,09126599530,06221224276,Samira,Mohamed,F,2002-12-01,2024-01-12,postpaid,active,Gedaref,1580.03
41606182-079f-448e-a953-dca0fb7d8ffb,09124115848,,Omar,Abdullah,M,2003-03-03,2024-03-16,hybrid,active,Kadugli,395.66
96f15644-831f-42fb-a732-83dffab929b6,09167264261,21203843753,Widad,Adam,F,1998-08-01,2022-12-10,hybrid,active,Nyala,4331.99
88c55f0c-33ec-43e0-8e73-539a51d19015,09182548242,18385454006,Abeer,Issa,F,1982-10-30,2022-08-07,hybrid,active,Dongola,2336.12
b65a2626-5bfb-465b-a7c4-2f3001fc5bf1,09123274897,91776334272,Khalid,Hassan,M,1962-10-03,2021-08-18,hybrid,active,Dongola,848.58
cbfcf7b3-230f-415a-867c-04698bbd82e5,,45306935882,Mona,Adam,F,1983-12-07,2025-04-23,prepaid,active,Port Sudan,4405.48
45da07cc-7aaf-4434-8312-214ab01f7fd1,09997810539,65244454460,Tariq,Abdullah,M,1978-11-11,2024-07-20,postpaid,active,El Fasher,3013.84
f9115f07-935f-4d86-8255-d70d30698938,09184869996,98829045792,Sawsan,Nour,F,2003-01-02,2020-11-21,postpaid,suspended,Dongola,687.65
f132e7cf-8582-4956-8bad-3536d2091971,09186424238,39728339121,Khalid,Suleiman,M,2004-11-07,2020-04-03,postpaid,churned,Bahri,4718.51
ad35affb-a7df-418c-9938-d0720eafdf84,09129832210,10232001867,Tariq,Nour,M,1998-12-07,2023-03-24,prepaid,active,Khartoum,2539.62
ac309d63-3edc-4951-bfae-4c413416e7fd,09128143561,40384531980,Hala,Hassan,F,2003-04-18,2022-05-08,postpaid,suspended,Gedaref,4281.07
44d09bcd-93e3-4072-8d57-110257f7198d,09169510030,76205459671,Osman,Salih,M,1989-09-24,2020-03-01,hybrid,active,Nyala,4862.22
ea0358f1-7a5d-4a83-99ad-338cce822de6,09120654113,40785169949,Nadia,Abdullah,F,2002-02-11,2020-05-10,hybrid,active,El Obeid,3865.03
50e8f517-e8e6-4612-aa43-3dcfda918de1,09124826899,96269708386,Dina,Bakri,F,1970-08-12,2024-01-07,hybrid,churned,Dongola,3204.19
a4c6ddf3-f295-4a53-8160-5ddd2445a3b6,09169625719,76093201265,Babiker,Adam,M,2000-10-11,2025-05-14,hybrid,active,Kadugli,4363.41
6193a2e0-4203-4b91-91a5-e0d49a32e852,09129521755,85177741274,Huda,Bakri,F,1994-07-19,2025-02-13,prepaid,suspended,Omdurman,2709.05
4fd42137-c97f-426e-845b-8c79f28af3e6,09189626422,29758917045,Mustafa,Abdullah,M,1983-11-25,2021-02-13,prepaid,suspended,El Obeid,3405.08
6cce3adb-0b18-45d6-bc02-788d0f6bd1ef,09182092257,09001635640,Osman,Hamid,M,2001-03-18,2021-06-17,prepaid,suspended,Kassala,4238.09
ca20e8d8-000a-452b-a08b-1aab43e76cbc,09189540017,88224731261,Tariq,Ali,M,1994-12-10,2024-08-11,postpaid,active,Omdurman,294.59
58253c2c-cbce-403b-9700-9ef578db4980,09185092711,52610537092,Khalid,Hassan,M,1977-11-27,2020-05-16,prepaid,active,Gedaref,2150.94
8b7a1279-95b8-4b8b-a4db-dfc2d8994c7f,09161894854,32987698936,Ahmed,Fadl,M,1990-12-01,2021-02-12,hybrid,active,El Fasher,3829.96
bae10866-6258-4bef-af61-9724dbf05c00,09127348131,04502589632,Nasr,Nour,M,1966-03-01,2023-12-25,postpaid,active,Ed Damazin,3918.36
fe010457-36cc-457e-9b0e-179167d2583b,09125268064,86067398344,Nadia,Nour,F,1977-07-07,2024-08-26,postpaid,churned,El Obeid,4001.01
39f600d0-5830-4c57-86f9-fa47d95df72b,09180550774,06579551562,Hala,Hussein,F,1978-06-24,2024-10-20,prepaid,active,Khartoum,2970.33
e9052df0-a7f5-43da-b104-980b373a7670,09127409131,11786190254,Leila,Hassan,F,1999-12-09,2023-04-23,prepaid,active,Bahri,840.95
305b7087-184f-4ccf-916a-bc4850f7b9de,09161201227,,Amal,Musa,F,1990-04-04,2021-10-28,hybrid,churned,Ed Damazin,4392.54
982ae4d7-5d7e-47d8-b06b-9a64165b7d9c,09160717327,98059503100,Amira,Bashir,F,1995-03-25,2022-06-13,hybrid,active,Kassala,3864.31
e5a5fc04-f795-4cac-9cf4-6f434e6bc4fb,09162036089,41184913599,Ahmed,Idris,M,1975-08-20,2026-05-16,postpaid,active,Gedaref,1218.15
e219a3ab-ceb0-4209-98fd-7aeb7ca6cbc9,09120067990,06968018677,Babiker,Yousif,M,1983-07-29,2020-05-16,hybrid,suspended,El Fasher,2504.77
208f89c2-b040-4ec8-aa85-d3282eb0f3ac,09184495300,67762550325,Hassan,Ibrahim,M,1960-12-28,2020-08-14,postpaid,active,Nyala,1565.52
77bf0f7d-8ae4-4ba4-8e0f-11d035053194,09127842902,92334511009,Rania,Salih,F,1963-07-29,2025-06-21,postpaid,suspended,Khartoum,1780.85
355e8987-ddfa-4bfa-938a-856b9879a747,09120211667,,Sawsan,Idris,F,2000-06-22,2022-10-01,hybrid,suspended,Omdurman,854.96
cd81b3d8-07cf-43e8-b51f-8902c132dcf7,09123362027,55821477092,Rania,Yousif,F,1960-02-05,2023-10-14,prepaid,active,El Obeid,4209.27
b0c96fc6-41d6-48cc-86b3-e0a596218861,09162192158,18970591611,Yousif,Ibrahim,M,1999-03-01,2021-10-18,hybrid,active,Wad Madani,2753.01
d53b7a99-882d-4d24-b3c4-9adda7b84ae4,09187216880,05378931869,Intisar,Bashir,F,1973-11-13,2024-04-28,hybrid,active,Bahri,4018.53
3d04a84c-2a4e-4f54-a72c-e8b14d3e3855,09182272002,83948232204,Amira,Hassan,F,1967-12-15,2022-05-11,postpaid,active,Kassala,3274.17
ef263cd1-12c2-4f3d-a861-b3752620471f,09169930202,03042322775,Khalid,Hamid,M,1971-05-30,2020-11-16,prepaid,active,Port Sudan,207.14
ff79a624-106a-4f3f-84b6-ce036359e472,09165064630,05937775691,Tariq,Abdullah,M,1980-02-13,2021-02-14,prepaid,active,Dongola,809.5
b2b55042-fe51-4065-bfc4-f2ed83e46510,09166902983,10438419662,Huda,Fadl,F,1973-07-13,2024-10-29,prepaid,suspended,Port Sudan,4694.43
844d4324-f796-45a9-953f-d7363bca16ad,09166856670,63621986550,Tariq,Mohamed,M,1987-03-15,2024-12-10,postpaid,suspended,Gedaref,1273.68
a0560732-546f-4c45-bbfc-67fbf4abb145,09124933965,04962732262,Dina,Yousif,F,1998-12-03,2020-12-30,prepaid,active,Bahri,1278.63
1a57a34a-6e52-40b4-aa3e-0c01e92ccced,09185421880,87991962341,Osman,Bakri,M,1994-02-11,2022-03-30,prepaid,active,El Obeid,4024.99
bcfcd531-643e-446d-baeb-776404afb818,09160583334,30311587605,Widad,Ali,F,1983-12-17,2023-02-22,postpaid,suspended,Nyala,4580.69
81bf998c-3442-4842-a943-844d286a833b,09166945353,65974669861,Nahla,Musa,F,1998-08-28,2021-10-10,postpaid,active,Bahri,1716.29
33894ad7-6090-4b4a-b8c6-92ac2249d5ba,09184815269,25596647213,Kamal,Musa,M,1961-03-19,2023-11-09,postpaid,active,El Obeid,3884.6
2ddd6472-cd41-4dee-81cd-fb7610562e57,09161404893,32614543079,Mustafa,Ali,M,1997-01-07,2021-11-14,hybrid,suspended,Port Sudan,521.25
90f14dc1-df95-4bc6-a7f1-b79ff1b20ea9,09181785221,15871845235,Ahmed,Bakri,M,1985-01-23,2021-07-01,postpaid,suspended,Wad Madani,3987.55
f4b0d29a-676e-4d91-88fb-cc34cfebf149,09163208652,37772966563,Amira,Hassan,F,1977-06-29,2023-12-25,prepaid,active,Ed Damazin,309.73
3507b26f-d2b9-42bb-a31a-70e73246e722,09181055800,02722142573,Zainab,Bashir,F,1970-10-04,2023-08-14,prepaid,active,Port Sudan,4838.3
c02c2935-fa77-41f2-abec-27c215d0bf39,09181720313,69552862092,Hassan,Yousif,M,2003-06-24,2022-02-03,postpaid,active,El Obeid,4831.8
8ee33fa3-3fa8-4163-b9d5-e4e80b7ca913,09122739389,92045735323,Ali,Hussein,M,1997-12-20,2023-08-19,prepaid,active,Khartoum,2347.71
45266f44-a23a-4f18-b974-7666d4fb9540,09991764846,23601071261,Jamal,Bashir,M,1991-10-12,2025-06-26,hybrid,active,Wad Madani,3388.85
b9ed3e0b-f483-482a-92fb-6a4643185324,09122332228,01944258922,Widad,Idris,F,1976-01-10,2023-01-04,postpaid,active,Bahri,4105.26
bd8bad92-6ed7-4e2f-8ace-8797a780778c,09180637311,80467413075,Sara,Issa,F,1980-07-21,2024-10-02,postpaid,suspended,Dongola,2808.42
2383efa7-2254-41eb-b6ba-86a125c9f362,09126084639,75615470554,Ali,Yousif,M,1966-07-10,2021-06-25,hybrid,active,El Obeid,432.39
b1359717-35cd-431c-8b29-5ae6a8764fa2,09185564091,96939578752,Huda,Abdullah,F,1965-05-26,2024-01-22,prepaid,suspended,Khartoum,1268.1
046c17a5-e988-42c9-b4d2-2622038aa7cf,09187121241,39369678976,Ahmed,Abdullah,M,1963-04-05,2024-10-25,hybrid,active,Omdurman,824.87
a2b008bc-a6e7-4c0a-91d0-9bec6fd3cf06,09182276075,98897865339,Amal,Abdullah,F,1987-09-13,2021-09-22,prepaid,active,Dongola,3849.82
1f3948c2-dd5c-4406-844b-8f2fa32617b7,09189523120,21915057644,Ahmed,Nour,M,2000-12-01,2022-06-01,postpaid,active,Khartoum,5.95
a9dcd39e-16a5-475d-bd49-599f565d719c,09168676497,97416365604,Hala,Salih,F,1989-08-29,2020-04-12,prepaid,active,El Obeid,1573.67
54157a1b-d54a-48b9-9cfc-5afa7471b04e,09186496927,71195296353,Mohammed,Mahjoub,M,1964-06-11,2023-02-26,hybrid,active,Khartoum,896.23
96648477-2b25-4a98-8c7b-28321f25a9c9,09166364315,94898959654,Tariq,Ali,M,1997-02-19,2023-09-12,prepaid,active,El Obeid,3768.6
884cab80-75bd-48bc-bf6c-4a2586cc29f6,09184149169,99393449743,Amal,Salih,F,1984-03-10,2023-06-27,postpaid,active,Gedaref,3380.11
446de502-7cda-426f-9e46-2b635a6ade77,09129586297,39889413210,Ibrahim,Osman,M,1999-12-21,2021-02-05,prepaid,active,Omdurman,4302.11
6b17220b-38f8-458d-8716-c337fd4b81f3,09185346557,92203004496,Leila,Salih,F,1987-04-23,2023-03-31,prepaid,active,Atbara,1117.23
cfccede5-f5f3-49a6-bb6d-0c804c5a2216,09122137565,89635957086,Ibrahim,Issa,M,1967-01-28,2026-05-08,hybrid,active,Omdurman,1305.46
57eef4bf-4851-476d-ba0c-144d4257ad7e,09163113885,03423622033,Leila,Yousif,F,1987-10-24,2023-11-22,postpaid,active,Nyala,1039.56
861228da-dc26-4332-a104-2cfe5d71b4b2,09189686800,85294690217,Amal,Bashir,F,1999-04-23,2022-06-07,prepaid,active,Port Sudan,4967.73
42e36398-7903-4fd8-b33f-049cacdb487e,09128502289,46652752332,Amira,Hussein,F,1973-10-02,2025-04-21,prepaid,active,Khartoum,672.21
56fad8b3-3c96-447e-838a-5fffb5162ec2,09123033467,71167507627,Hassan,Ibrahim,M,1991-03-01,2022-09-06,prepaid,suspended,Khartoum,867.8
f5ca9236-bbea-4042-a3db-fa53062edc13,09123984723,03420284719,Mohammed,Abdullah,M,1961-06-20,2020-10-09,postpaid,active,Bahri,3309.59
0edbc7f0-536d-4f0d-b701-70cff745d146,09166487177,54619924065,Babiker,Mohamed,M,1980-05-26,2024-07-25,postpaid,active,Dongola,2345.8
9da9c0a7-0e88-4612-a11e-8fb15fd65174,09169095668,44823733791,Yousif,Hussein,M,1976-09-17,2020-11-05,prepaid,active,Khartoum,596.13
569d36a7-c0c1-4c66-8cdf-350a7958decd,09188690170,74039251999,Ali,Issa,M,1982-08-04,2023-01-07,prepaid,active,Sennar,4428.75
401e367b-1038-4511-8007-8b3fe5d2d74b,09122764338,72205422162,Mariam,Ali,F,1993-10-23,2022-09-22,hybrid,suspended,Atbara,4395.35
8c974508-5868-44c7-befe-a6ba3710b491,09188334447,04887899504,Hassan,Adam,M,2001-09-06,2020-03-05,prepaid,active,El Obeid,3069.25
8ca314ae-13e8-42e1-b527-e2efa6ebbd58,09163774926,63295634277,Huda,Suleiman,F,2002-07-16,2022-09-17,prepaid,active,El Obeid,2836.19
99ff9d09-eaf1-40c5-a89e-e5f38031e705,09997262942,22941156302,Salah,Issa,M,1988-07-03,2022-09-08,hybrid,active,Nyala,1162.96
5562469e-6db7-42b1-a569-230424df6dcb,09991548158,33138004983,Huda,Musa,F,1974-02-01,2020-07-18,hybrid,active,Kadugli,759.2
42ed3e14-9e2a-41cc-a197-b0072595300a,09187640191,85488064420,Abeer,Hamid,F,1963-10-27,2023-04-21,prepaid,active,Wad Madani,4577.83
53870098-931a-46b3-a78e-ff2a23517872,09185664641,96234219262,Amal,Musa,F,1976-01-23,2020-08-21,prepaid,active,Kassala,3450.89
bd271d69-dbdb-4632-a9de-82f3dc855479,,17972699994,Nasr,Idris,M,1968-08-29,2021-05-14,hybrid,active,Omdurman,3676.78
1f47d085-461c-47d7-9ef9-b49a1a0a44be,,85386310505,Dina,Hamid,F,1976-02-06,2022-04-19,prepaid,suspended,Ed Damazin,1174.72
4e09dfc6-8243-428a-abd3-c658dc764d75,09129900768,62763328389,Omer,Suleiman,M,1994-07-28,2021-09-25,prepaid,suspended,Nyala,4500.64
260f0f88-99a6-423e-ad66-b94866ebe37f,09995279187,41013282339,Mariam,Bakri,F,1973-09-01,2020-11-04,hybrid,active,Wad Madani,3655.45
e7f6f758-2105-4458-a6f4-77a43b9bb077,09166106592,08814319279,Salah,Fadl,M,1999-11-20,2023-06-27,prepaid,active,Wad Madani,3473.97
6835ff51-501c-4d6b-9d82-3897e9026a38,09183845720,26656862959,Intisar,Bakri,F,1968-06-13,2021-03-05,postpaid,active,Kassala,3083.71
30a48189-76a8-4084-96f3-213a9e3cc679,09129460742,99074729669,Osman,Musa,M,1987-04-27,2020-07-14,postpaid,active,Nyala,2422.16
a331860d-bfac-46b3-8d57-63efadd02383,09168599464,18398416734,Samira,Fadl,F,2001-02-12,2024-05-31,hybrid,active,Nyala,3665.38
690b2475-b280-4a44-8981-ecdc71b2e6d1,09188044509,28605210262,Salah,Salih,M,2001-02-24,2020-05-01,postpaid,active,Wad Madani,3009.15
debc21ce-8b4e-49cc-a20e-5c502bfa7ce2,09990275000,98305748839,Mustafa,Bakri,M,2002-07-02,2022-03-24,hybrid,churned,Wad Madani,1738.16
62679c78-610e-421d-9cef-f8f43a54659b,09129953056,41849378467,Hala,Yousif,F,1964-08-23,2024-04-10,postpaid,churned,Ed Damazin,97.53
106ecc2c-df44-480a-a726-745702874300,09180013651,03444429906,Rania,Hamid,F,2003-06-02,2022-05-02,hybrid,active,Nyala,2793.13
ac8d6da9-0f33-4067-91cf-8dc7d627eadb,09126221559,96725622219,Rania,Salih,F,1960-09-16,2022-10-27,prepaid,active,Dongola,3237.58
1dbaee2b-bfe0-4870-82d3-7aedb1192fc8,09167648455,93965213835,Mustafa,Fadl,M,1960-07-19,2024-02-28,prepaid,churned,Kassala,1665.08
c459807a-8dc2-4722-a17c-1df98fe557d8,09120362211,73277264883,Yousif,Suleiman,M,1991-02-01,2024-09-22,postpaid,active,El Obeid,2770.72
0237085a-2544-4a86-b3db-2b98cc27a8cd,09125161857,59171050805,Rania,Issa,F,1987-09-05,2025-02-04,prepaid,active,El Fasher,1536.28
0b08e509-3e04-4361-929d-50daed4e8cb7,09124784171,59497344930,Sara,Issa,F,1989-11-27,2021-12-19,postpaid,active,Khartoum,1111.23
f54b3684-9740-4409-b795-8234b87b8c00,09123389260,87882815278,Omer,Abdullah,M,2002-08-19,2021-09-01,prepaid,active,Wad Madani,2173.97
a14467c5-cc73-4fd6-994a-bace2bad74b1,09127465353,78018915673,Osman,Ali,M,1986-03-30,2022-05-17,postpaid,active,Sennar,2395.95
cce32b73-e4e9-42c5-83ec-c46ba99e08af,09181433629,99466450999,Kamal,Yousif,M,1962-08-08,2020-04-24,prepaid,active,Atbara,2770.52
e4003bdc-9cfc-4d16-8f89-ed26f51b75cf,09185211896,84424648849,Jamal,Osman,M,2001-01-26,2024-12-15,postpaid,active,Wad Madani,4554.19
9c6b3caa-dbe9-4e7a-aabd-4bc27a82471c,09168281902,21797891248,Leila,Mahjoub,F,1976-10-28,2025-06-09,hybrid,churned,El Fasher,4493.57
72f89520-6d47-4386-a920-e07c3b84175c,09164514367,28681123038,Intisar,Nour,F,1990-08-28,2023-09-11,hybrid,active,Omdurman,2890.61
50fe320f-d08a-41bf-b7c1-da1c51b4b976,09165900992,17790552866,Abeer,Abdullah,F,1978-08-20,2021-11-17,postpaid,active,Kadugli,3284.96
daa05543-a749-4432-8702-d708c5edbf97,09185326011,93910382974,Abdelrahman,Adam,M,1972-01-22,2022-09-06,postpaid,active,Sennar,2132.96
5a08d65c-081c-4d1c-a24b-6426a53f69c1,09181045024,37361587366,Abeer,Hassan,F,1972-07-18,2023-09-28,prepaid,active,El Obeid,2548.29
df6972c3-102f-420b-a91c-61801bb61168,09129005856,15473156639,Hassan,Issa,M,2003-09-21,2024-10-31,prepaid,active,Gedaref,4386.1
a44015fe-de1e-4613-8613-0ab170fa0150,09189028377,27028966605,Amal,Yousif,F,1982-05-16,2022-07-05,prepaid,active,Nyala,4036.19
355fa67c-9409-4fd4-af7a-6c7b8eb892a0,09129753584,64051038802,Huda,Mohamed,F,2003-12-30,2021-10-26,prepaid,active,El Fasher,2098.49
a57fd273-4e90-4c0a-85cf-666795f99108,09184718939,53096906764,Mustafa,Idris,M,1960-04-27,2024-11-04,prepaid,active,Wad Madani,3817.66
cccd03af-5359-4af9-aede-80147c065d8f,09161358727,17430688116,Nadia,Musa,F,1984-04-23,2020-04-19,prepaid,active,Port Sudan,2953.24
72c3ed48-6f6e-471f-89f4-44efd6675184,09128775833,36477041309,Tariq,Fadl,M,1961-02-12,2025-04-18,prepaid,churned,El Obeid,965.01
f9082c71-4ae3-4c97-adfc-6b09007429a8,09182625420,41231905772,Fatima,Ali,F,1960-08-27,2022-04-14,postpaid,active,Khartoum,3536.38
717bcf60-b05f-4a61-9620-dbc2ba9320eb,09122453810,97941224870,Mariam,Mahjoub,F,2002-08-01,2021-04-14,hybrid,active,Kassala,4327.75
e50705b3-fd46-44eb-bc24-dcf54e4650f4,09161742240,43261189003,Yousif,Ali,M,1987-05-28,2023-04-03,hybrid,active,Sennar,1907.41
bb5b5239-13c7-457d-8a77-277d46fdffbd,,53662195368,Ibrahim,Bakri,M,1962-10-18,2020-01-31,postpaid,active,Atbara,1564.94
14083505-4474-4b07-bb33-36fe5ac70d0a,09992104546,30722113869,Ibrahim,Musa,M,1963-09-13,2024-05-01,postpaid,suspended,Dongola,1949.24
a406ecb1-d02c-41bc-9f0b-570b39e10712,09128170744,36023442252,Mariam,Mahjoub,F,1968-04-30,2023-05-19,prepaid,active,Bahri,1073.37
1228f465-3a96-4cc5-9e82-a4bccadc2c83,09184477269,03265513276,Ibrahim,Adam,M,1967-01-29,2023-12-17,hybrid,suspended,Sennar,2785.96
ff2d389e-580a-46db-8c73-f1b998f688f8,09185985160,21191589126,Mustafa,Issa,M,1996-04-19,2022-06-06,hybrid,active,Wad Madani,4424.48
2760c383-6aaf-4d25-8907-dbcf8246639c,09123760088,44740837819,Sawsan,Hamid,F,1969-10-29,2024-11-11,prepaid,active,Atbara,4231.85
109980dc-5170-4bc0-8cd0-3415669648b1,09126983692,35348486470,Samira,Mohamed,F,1974-02-24,2020-12-30,prepaid,active,Wad Madani,2051.09
a50744fd-847f-42dd-a644-56d3220c1a3a,09121237205,50330000886,Ibrahim,Adam,M,1982-04-23,2022-06-25,hybrid,active,Nyala,2267.19
3938f49a-32a8-4511-a805-ed04562f196a,09189911416,00916923273,Ahmed,Nour,M,2000-12-22,2024-12-13,hybrid,active,Gedaref,2885.85
47db67bb-9200-46f4-8101-09788170d791,09185481867,46300099843,Salah,Adam,M,1982-05-05,2023-09-12,prepaid,suspended,Sennar,4175.16
0f1a3ff3-99a8-4acf-b11f-565d0aa12d17,09125198545,82942034015,Omar,Nour,M,1978-04-02,2022-10-03,prepaid,active,Nyala,149.86
c2811c86-530c-4d67-b2f4-c396b6a60e6e,09184667201,08240281822,Samira,Mahjoub,F,1979-12-17,2024-05-13,postpaid,active,Gedaref,1444.93
fb3acae7-2ec5-4597-951d-e5dfb0d39da4,09185817452,,Zainab,Mohamed,F,1960-10-02,2022-07-04,prepaid,active,Omdurman,4962.45
b48f2df5-a120-4cfd-9071-b035d330d988,09126125590,46100792304,Mariam,Bakri,F,1998-04-05,2023-06-22,prepaid,active,Bahri,2807.79
26dbc33d-6a00-4a21-92ff-76eee45c9f89,09122329615,12048507665,Huda,Adam,F,1980-02-17,2022-03-14,postpaid,active,Khartoum,4853.23
ac33dac7-c043-46d4-a4e7-a1d449f4e300,09163460191,53057347243,Ibrahim,Bashir,M,1991-05-17,2024-09-30,postpaid,active,Nyala,2673.79
feaa0607-9461-492e-a5d8-10d26b3cb726,09162670866,65622419768,Mariam,Hussein,F,1999-08-27,2024-05-05,postpaid,suspended,Kassala,2366.52
8e199082-c3b9-4c8a-aa11-9daa036f3ade,09183500618,48974223543,Kamal,Mohamed,M,1987-08-06,2020-06-15,postpaid,active,Ed Damazin,3694.6
3ec002ed-1d97-4090-8a60-b160bda929b2,09125649525,49206441119,Omar,Hussein,M,2004-03-26,2021-08-30,hybrid,active,Wad Madani,733.76
eb7ee517-49be-447b-be95-af266e2d6fbf,09125948821,88496806640,Amal,Salih,F,1991-02-27,2020-11-01,prepaid,churned,Bahri,455.54
4ca19a40-5c05-4e34-83ba-5d3024dc9e4d,09184123016,04986037218,Samira,Ibrahim,F,1994-07-18,2020-06-13,prepaid,active,Khartoum,4997.51
bcfcae20-42d7-4d32-9d0c-fad8acfe825d,09189011400,34713171978,Abeer,Mahjoub,F,1997-03-23,2020-05-21,hybrid,active,Dongola,3788.35
eff946a5-3a53-48b8-be8b-828df210d26f,09128419478,55011375358,Babiker,Suleiman,M,1974-11-10,2021-01-05,prepaid,active,Bahri,2790.56
9695b8ae-2a70-44eb-a9e7-5cb65ad675d7,09162790371,61608819722,Sawsan,Adam,F,1978-03-12,2025-01-24,hybrid,active,Nyala,1256.57
4c179e34-0d5e-4487-b171-2ace89f2dbab,09165307681,02480855780,Jamal,Ibrahim,M,1961-04-27,2021-06-11,hybrid,active,Kadugli,1465.8
019b7e3c-e038-44b5-a160-707ce5e1d601,09122169069,68574670675,Hassan,Yousif,M,1965-12-12,2023-09-19,hybrid,active,Port Sudan,2890.32
262e3f88-d5d8-4e2d-af8e-78185718f777,09160164261,07033508424,Zainab,Abdullah,F,1979-01-03,2020-12-15,hybrid,active,Port Sudan,2889.44
3eaa8889-ec46-4887-a12e-9ae4828c8d62,09120041691,05302151675,Sawsan,Abdullah,F,1994-10-27,2022-06-22,postpaid,active,Port Sudan,1155.44
bc59bd7f-14a4-4019-bdfb-65a971c248b9,09181105014,76427896157,Amal,Salih,F,1982-02-20,2024-09-10,postpaid,active,Gedaref,4571.97
ae2904ac-a273-488c-840d-79966f294d64,09161239597,81554260972,Abdelrahman,Fadl,M,1980-05-16,2023-04-06,prepaid,active,Gedaref,1463.59
43b07c04-e5fb-4deb-8250-400662595de9,09167205171,07308715647,Nadia,Hamid,F,1980-08-15,2024-02-03,hybrid,active,Port Sudan,488.51
4e54a196-af0e-4ea4-9858-83284f2508c1,09127414857,26029254686,Tariq,Adam,M,1973-03-26,2023-11-01,prepaid,active,Kadugli,1501.29
09fca30f-57ce-4028-9001-74d8614ccb65,,35386762592,Dina,Idris,F,1979-07-19,2024-07-01,postpaid,active,Kadugli,2375.92
1be25b86-bfc1-4519-8836-8a0b8a882dca,09186932055,34050892739,Mustafa,Nour,M,1997-07-05,2020-09-17,postpaid,active,El Fasher,2145.32
7ec756f2-2d9e-4cca-8d8b-788d0d5f4c70,09185670789,77554261903,Osman,Ibrahim,M,1983-04-18,2021-04-02,prepaid,active,Kadugli,2012.21
b7a608a0-9c99-401a-8588-a56bbdc6a7d5,09122227111,75769171620,Sara,Ali,F,1986-06-04,2021-05-04,hybrid,suspended,El Obeid,570.1
44076938-71b2-495d-9cb0-c8a84d362e0a,09120521690,39220269801,Intisar,Bakri,F,1983-11-16,2021-07-26,hybrid,active,El Fasher,4144.13
a6be814c-6739-482b-aafc-226dd785e4fc,09160316370,50049332672,Khalid,Bashir,M,1982-10-08,2022-05-18,postpaid,active,Kadugli,-4200.61
1a0b310c-1624-4276-83ba-2c96cdd4023d,09180839065,40259985193,Dina,Osman,F,1980-03-04,2021-01-30,postpaid,active,Gedaref,2466.28
2fdc7a99-5acf-4e6e-adda-158b4cea84c5,09126350496,02667652728,Yousif,Mahjoub,M,1987-04-01,2023-01-10,prepaid,active,Kassala,3117.14
a7d54cc6-2e65-498a-aabe-bac99ab4015f,09180886406,75602080192,Fatima,Bashir,F,1964-03-02,2021-05-30,prepaid,suspended,Ed Damazin,1857.02
52258cd8-1e64-4c91-b924-cf159abc808c,09124489093,22533320235,Amal,Suleiman,F,1966-01-12,2020-05-06,prepaid,suspended,Ed Damazin,3259.88
eac5364e-2757-4f69-bb6d-4d6470e263f8,09183545036,98884393332,Omar,Suleiman,M,1986-06-04,2022-02-04,postpaid,churned,Atbara,2133.77
6318a62e-be73-4599-bd05-bf233855c657,,29075965999,Babiker,Mahjoub,M,1972-01-05,2020-06-24,prepaid,active,El Fasher,2007.44
7913d9e1-0f6a-44e2-b09c-c0a829a3f9f7,09162106294,19375919226,Intisar,Issa,F,2000-01-16,2020-08-24,hybrid,active,El Fasher,1861.89
f8c79e90-36c8-4f5a-aac3-6ee1f64744ae,09165286461,20961730099,Omer,Idris,M,1974-03-16,2024-07-14,postpaid,active,Bahri,1352.41
e22d0540-73df-4a4b-a1ba-7e0a3b29a53b,09183550514,32191430877,Khalid,Issa,M,2001-05-10,2025-06-04,prepaid,active,Atbara,4869.12
e02d6590-e29f-4335-bd11-4798981c51c0,09128834581,92048770676,Zainab,Hussein,F,1977-10-15,2021-10-11,prepaid,suspended,Atbara,2947.84
e239c374-d5ff-4f9c-94bc-8c8aef732d0c,09180257846,40858588382,Mariam,Issa,F,1988-10-06,2023-09-20,hybrid,suspended,Bahri,2022.65
9321710a-c471-47db-9483-788a5889439c,09129254355,19628222501,Hala,Fadl,F,1976-06-13,2022-12-31,hybrid,suspended,Ed Damazin,3178.15
1fcfc9a5-8138-430b-a44d-a5d69c7f76ce,09186394201,22341499290,Widad,Ali,F,1961-03-16,2025-02-24,hybrid,active,Nyala,851.2
efd5e2a3-2d3c-4c12-9e4d-8d61e0f4b779,09160450956,32174003910,Ibrahim,Hamid,M,1967-07-28,2024-11-21,prepaid,active,Gedaref,1003.96
f26d067e-1782-4185-be1e-3fb6bc152ad6,09161193600,60827705646,Yousif,Salih,M,1969-12-12,2023-07-22,prepaid,active,Nyala,4351.54
a363882e-59e4-428c-8ada-ee8376bf735f,09120953723,46176231336,Tariq,Issa,M,1970-04-15,2020-02-08,hybrid,churned,Atbara,1294.88
c48cfc6a-c079-4033-af80-0769bca7550a,09121654413,72776857606,Samira,Hussein,F,1978-09-12,2022-02-18,hybrid,active,Atbara,4873.39
8897409a-8a23-4af5-9895-53b69ce77c89,09165188701,79993242024,Huda,Fadl,F,1979-08-31,2023-10-15,postpaid,active,Kassala,388.85
d1cc7aec-c9c7-4f0b-ba0b-b5009db022c4,09165386947,90254853626,Mustafa,Issa,M,1963-09-20,2022-05-22,hybrid,active,Port Sudan,2578.59
80e6dc02-93fd-4168-86e2-b263397c9ae7,09129538557,42164359900,Huda,Adam,F,1979-10-09,2024-01-21,hybrid,active,Dongola,2136.71
280c7e9e-24f6-4e87-b082-b7d0bdf79232,09127884437,06618756467,Mariam,Salih,F,1971-10-14,2023-04-19,prepaid,active,Ed Damazin,4045.68
ef360e65-34a0-45da-9d2a-e1e67b100289,09181858990,02772910845,Babiker,Salih,M,1963-09-05,2023-11-12,hybrid,suspended,Wad Madani,1925.29
0b23d8a9-6f9e-49c4-9cf8-0d83d9483a89,09160503374,69833067730,Babiker,Hamid,M,1996-04-17,2024-01-03,hybrid,suspended,Ed Damazin,601.21
31e95fe9-c00d-46bf-8fe9-488eae42ce92,09167941908,78865385906,Yousif,Hamid,M,2002-03-25,2021-09-29,hybrid,active,Kassala,3398.69
5a02dd8d-c68e-4a7e-ba09-580b38b6172d,09185504922,17048618670,Hala,Adam,F,1996-07-10,2023-04-29,prepaid,active,Khartoum,3812.68
5b089f42-1e65-421f-bdf9-ba9475f6f73c,09163992891,98271826533,Kamal,Adam,M,2001-08-05,2020-10-07,postpaid,active,Ed Damazin,30.38
6a9cecda-8e63-416c-bb62-20ddcc37baf7,09126942039,83135490145,Somaya,Idris,F,1997-07-19,2023-10-28,prepaid,churned,Atbara,898.16
f8b7fc6b-8424-46db-aaea-8686f5ebe15c,09164982438,84302178167,Sara,Adam,F,1960-07-01,2023-04-15,hybrid,active,Dongola,1355.4
cfde79ed-bf30-4b63-904f-79a759c16687,09180164928,15037017092,Osman,Nour,M,1996-12-26,2025-05-13,postpaid,active,Ed Damazin,239.62
476889b1-44f5-463f-99e2-d828877d4e31,,82448500728,Tariq,Abdullah,M,1990-05-27,2024-10-21,prepaid,active,El Fasher,3156.73
39e9432e-96dd-42c9-80f7-5044cc855e32,09181961276,62080820391,Omer,Mahjoub,M,2000-12-07,2020-06-25,hybrid,suspended,Bahri,-4027.1
ddc6e182-c4ec-4d18-a36d-c905c144f710,09125962458,70120424253,Nadia,Idris,F,1996-08-02,2025-01-27,prepaid,active,Ed Damazin,781.05
eb431e3f-44e5-4580-a1b9-ac6c83a7246e,09128497603,96702436524,Amal,Adam,F,1963-10-09,2022-12-29,postpaid,active,Gedaref,2124.57
b3ad7ae1-2914-4cc4-a425-2fa3196c9b8c,09164036488,21597738546,Jamal,Bashir,M,1996-11-18,2021-04-18,prepaid,churned,Port Sudan,2139.44
5beea38b-8571-4208-b840-40d062cf8080,09186491259,49722042986,Somaya,Suleiman,F,1976-07-21,2021-05-30,postpaid,active,Bahri,55.4
7957f7ce-8316-416b-bcc0-4c4373543a25,09186235699,92998335876,Abdelrahman,Mahjoub,M,2001-08-17,2024-03-19,postpaid,active,El Obeid,4581.82
cc9baf5c-c512-428f-8a95-f3ae44b071da,09168208493,15398391226,Mariam,Osman,F,1960-11-18,2020-04-01,prepaid,suspended,Kassala,1487.45
2ad4b7bf-0b90-42ac-956a-247ede7b8942,09181430491,34103897528,Hala,Hussein,F,2002-03-04,2021-02-15,prepaid,active,Wad Madani,2173.89
5f3e3012-851f-42f5-b55d-655e310dc549,09182405920,82353097669,Samira,Ali,F,1969-03-06,2025-04-17,postpaid,active,Atbara,2003.39
ee832c9d-1694-4659-b0d4-7a94df1aa057,09182017530,79661869572,Babiker,Yousif,M,1986-01-19,2020-01-21,postpaid,active,Kassala,2453.76
54485b3d-c47e-42a8-a136-40df4d0840e3,09123795610,07773217503,Osman,Osman,M,1997-08-05,2020-09-24,hybrid,suspended,Bahri,4829.99
9957c16d-2202-4f94-8d9b-47a537b09beb,09181938733,70342444748,Somaya,Mahjoub,F,1960-01-03,2022-04-21,postpaid,active,El Fasher,3748.96
e6279be7-eaf5-464e-aad5-50dbc9539b6f,09120765191,70851732895,Ali,Musa,M,1967-01-14,2022-04-12,postpaid,active,Kassala,185.2
cfef5c27-c5e2-4049-b0a0-53d3dae608c9,09165811574,49653916077,Sawsan,Adam,F,1960-03-29,2020-06-06,postpaid,active,Port Sudan,4461.3
612b05fd-474e-4c33-8c0d-caaca8290ef8,09128403982,21803966203,Leila,Salih,F,1993-05-08,2024-08-17,hybrid,active,Kassala,3141.71
c2026d62-8e7e-4abd-beb2-d2f71170ec62,09180265295,16469333562,Abdelrahman,Bakri,M,1977-12-13,2020-06-21,prepaid,active,El Fasher,1499.91
be3a6f6e-aa84-470f-ab97-7956e8c3c5f6,09128987092,01991843113,Omer,Fadl,M,1973-01-11,2023-04-26,postpaid,active,El Obeid,2685.57
53016915-9b56-4490-93ea-f01a01eebf82,09163211960,47220539707,Osman,Ali,M,2002-10-30,2022-04-27,postpaid,active,Kassala,2401.24
a12feaf3-3b9c-4362-ba28-3b26bee6756d,09183171461,99539467662,Jamal,Hussein,M,1996-07-21,2021-07-12,prepaid,active,Gedaref,2881.09
a53d0995-21e0-4725-84dc-f4bf612409b4,09126184025,78703686050,Amal,Adam,F,1995-04-16,2022-01-04,prepaid,active,Port Sudan,2169.86
a18c7134-f317-40ec-ab12-541a59a946c9,09997597953,10390912030,Ibrahim,Nour,M,1972-11-04,2023-02-07,prepaid,active,Kassala,1694.83
7badedaa-977e-4714-b76e-8c22a89eb032,09129860275,74544920548,Salah,Mohamed,M,1985-04-03,2022-06-05,postpaid,active,Omdurman,621.78
d1553ee9-6127-4166-ad0b-ab68da33dd05,09165583445,66229521797,Jamal,Suleiman,M,1964-09-10,2022-09-05,hybrid,active,Khartoum,-4487.36
673151c8-8478-4152-a205-48e19ba9158e,09160704726,60235158501,Abdalla,Bakri,M,1993-08-05,2021-09-10,hybrid,active,El Fasher,1152.0
8da61551-736e-4286-8f76-67645c21d068,09125605879,05224413395,Omer,Fadl,M,1987-08-06,2023-10-06,hybrid,active,Sennar,1876.88
4c0106e3-b687-49a9-b0db-13d98445355a,09185790571,91898664693,Sara,Hassan,F,1998-07-19,2022-10-22,postpaid,suspended,Wad Madani,1175.26
dc7131b0-f19c-4d8a-b478-3dd5ff62ac20,09166805702,37718430192,Nadia,Bakri,F,1974-09-16,2020-03-20,hybrid,active,El Fasher,1209.48
71b95cbe-1454-4c55-b03d-b2853dc8ed0e,09122396440,28253267699,Nasr,Fadl,M,1976-10-05,2022-03-13,prepaid,active,Ed Damazin,1183.79
4958e989-f93d-4e07-bab9-f97c286e1e9d,09162023209,14016933284,Ali,Bakri,M,1986-04-26,2021-03-05,prepaid,churned,El Fasher,3299.21
b66ad24b-170f-4197-9959-5c2731948a48,09187551545,26075699913,Nasr,Adam,M,1979-11-03,2021-01-21,prepaid,active,Kadugli,1966.74
7ebb0f18-c93f-46f5-adde-5412d81f6bcd,09126227777,33168066470,Hassan,Hussein,M,1999-09-27,2020-01-11,prepaid,active,Khartoum,1190.2
5d37ad12-92f8-4da5-af2a-8bdfa735b6a0,09129842410,74027406758,Somaya,Musa,F,1974-12-25,2023-08-22,postpaid,active,El Obeid,2845.87
91e99357-a6ff-4bcc-8906-d54e0486cb44,09123638564,61497459793,Rania,Adam,F,1969-05-16,2024-06-12,prepaid,churned,Sennar,-1257.94
5c850a47-a74a-4c1d-864a-611b105ee3fd,09169860995,50493266432,Somaya,Abdullah,F,1971-10-28,2021-11-22,hybrid,active,Nyala,507.15
3799886d-5bea-49c4-9002-c03c78e79f72,09184853400,12762239847,Omar,Musa,M,1986-12-06,2021-06-20,hybrid,active,Nyala,3575.66
dfc973db-d3b8-43d6-ad86-501fbdc85a1f,09188223788,70584168061,Huda,Nour,F,1977-12-08,2022-03-04,hybrid,active,Nyala,1529.74
44c054ba-4cb6-47bb-9b80-6864e6f5fa0e,09185867949,63830972361,Hala,Adam,F,1964-07-19,2024-08-14,prepaid,active,Bahri,2085.9
18910e9d-e169-4b65-aedd-3b2997ffc504,09165557864,57865557512,Ahmed,Hassan,M,1982-11-09,2024-01-01,postpaid,active,Khartoum,261.52
ac567ccc-8852-412c-b9f9-4fbb45ea513d,09182405166,54512244418,Sawsan,Hamid,F,2002-05-16,2022-07-08,prepaid,active,Kadugli,4165.94
1845ed7f-df6e-41b8-96bd-8af45898e035,09128357017,03630944238,Abeer,Hamid,F,1996-11-21,2020-07-07,prepaid,active,Sennar,1663.92
3ee44dd5-ea20-4006-8be7-d6e725312b77,,19797972452,Ahmed,Suleiman,M,1984-02-09,2020-12-06,prepaid,active,Atbara,1351.51
6a32a673-82ef-4bc8-81e4-28ca6c000acb,09166748095,73940598026,Abdelrahman,Ibrahim,M,1960-02-05,2021-06-07,hybrid,active,Kassala,735.69
1ec5c4ee-a757-4cf3-8239-c944bb6129fa,09168925849,07342031977,Ali,Abdullah,M,2002-04-09,2022-06-06,hybrid,active,El Obeid,3048.31
84fad0e7-d54d-4641-85a0-faa4b92b55f1,09186482308,82958684196,Abdalla,Abdullah,M,1974-04-12,2022-01-30,hybrid,suspended,Bahri,4855.37
8d1e54e1-993b-450a-831a-251612d47553,09189427674,83173066293,Abeer,Yousif,F,1967-10-03,2023-02-28,prepaid,churned,Wad Madani,4616.61
78cb0469-3755-4d65-b856-0da6fd4a5d33,09182426559,46989062327,Abdelrahman,Bakri,M,1972-12-15,2021-11-14,hybrid,active,El Fasher,3123.37
47b833d3-4f08-4c7c-b793-540338e2a8e8,09127900654,87084779541,Ibrahim,Ali,M,1999-12-09,2023-07-31,postpaid,active,Port Sudan,2966.74
8c994c32-723a-4941-87d5-30a9371840e2,09168159157,,Abdelrahman,Ibrahim,M,1978-11-06,2024-04-19,postpaid,active,El Fasher,2055.12
e7166287-4672-4277-97c5-a46e224593a4,09161239612,19051881298,Ahmed,Fadl,M,1994-09-19,2020-11-01,hybrid,suspended,Kadugli,-4964.79
be6a6035-0f24-4ce7-9abe-3cfd624ec2f6,09169237298,26893348649,Omar,Mohamed,M,2000-09-27,2020-05-23,prepaid,active,Khartoum,2103.62
1c7aa440-b3a9-4872-8a2a-67ca570439b6,09125570773,12315550570,Sawsan,Osman,F,1992-01-26,2021-01-29,hybrid,active,El Fasher,3089.34
eaa3431b-7491-4b44-b024-62ec780a0c4f,09184404588,31141470123,Tariq,Idris,M,1988-12-13,2020-06-01,prepaid,active,El Fasher,569.15
dd78c8d8-c50f-4a27-8c8a-a2b57a33ce69,09120977978,02344568446,Abeer,Suleiman,F,2002-06-09,2024-11-19,postpaid,active,Gedaref,4948.38
7b3a04a6-99ed-40f8-a347-00369c5fda35,09121632957,37831597572,Dina,Salih,F,1973-03-19,2023-09-26,prepaid,active,Nyala,4808.66
df17b78b-7535-43d2-967e-1c17e7877ef7,09181585423,32416518548,Mohammed,Hussein,M,1982-03-14,2024-12-16,postpaid,suspended,Khartoum,4733.67
f18aa4b3-4833-4518-8009-dcae25c3c23a,09164621595,84174916170,Samira,Yousif,F,1990-03-16,2020-02-10,prepaid,suspended,Omdurman,2568.1
79ffa37b-0377-4d92-b851-4d3821e84423,09996509962,83774029286,Abdalla,Hassan,M,1985-11-22,2025-06-01,prepaid,churned,Gedaref,4671.19
5ea8c8e5-1eef-4874-b5dc-92901eb1d9b4,09167196666,10256342022,Omer,Yousif,M,1971-12-28,2021-11-15,postpaid,active,Wad Madani,198.09
513b8b35-b61e-45d4-9169-1d1430d11973,09183675901,77915244614,Abdelrahman,Hamid,M,1986-05-10,2020-03-24,hybrid,active,Port Sudan,3884.32
0bd27147-3aba-4ec0-a48a-484acaeb60df,09166426018,63726319956,Samira,Yousif,F,1990-01-15,2023-01-11,hybrid,suspended,Dongola,913.54
d21eed07-28fb-4886-9055-ed87964896c3,09169003850,25513444867,Nadia,Abdullah,F,1972-08-14,2021-07-15,hybrid,churned,Port Sudan,2863.31
c9da84a2-5898-4c08-9faf-ffa9a9d97b56,09165461574,93251149788,Ali,Abdullah,M,2001-11-09,2025-01-05,postpaid,active,Bahri,4374.24
0b32e201-766f-462f-a4cb-92ba98c1b00a,,30858001873,Kamal,Musa,M,1967-09-11,2022-08-27,prepaid,active,El Obeid,460.5
dab54b96-1d8e-44e1-9b8d-53147aa17d97,09162107818,71096856425,Nahla,Bakri,F,2000-09-28,2020-06-13,postpaid,active,Dongola,4189.26
1487c70f-65a3-41cd-b238-ffc4a7b949e4,09121542306,00230286550,Intisar,Ibrahim,F,1989-04-14,2021-03-05,prepaid,active,Omdurman,479.19
fe958c19-7a01-4f17-9cc8-cf1c2b303849,09160151459,92016633822,Salah,Hamid,M,1972-03-04,2021-02-28,postpaid,active,El Obeid,1160.54
bb2fd5dd-dae5-4084-9b0b-af1b6ad0b143,09125620190,11348433913,Yousif,Ali,M,1980-06-09,2025-06-16,prepaid,active,Wad Madani,1894.16
a498bffd-6261-432c-96f7-8b8da718d8c6,09189456452,34286449760,Yousif,Osman,M,1975-07-18,2022-03-30,hybrid,active,Nyala,966.63
768a24d5-eb17-488c-8b8e-ef0181fe68f2,09126773498,52973561526,Kamal,Issa,M,1996-04-08,2023-02-26,postpaid,active,Omdurman,1337.56
af872dad-09a8-4581-abe2-88dfc0c1d525,09128096641,47533695247,Rania,Issa,F,1984-04-17,2023-05-08,postpaid,active,Dongola,1166.63
f6e10803-19a9-467a-904d-d2450fdcdc58,09185324367,92415712763,Zainab,Mahjoub,F,1980-02-24,2022-10-03,postpaid,active,Dongola,1433.1
9b3ffd44-123c-4b82-99c6-de2a1cb85fca,09126168249,79399816153,Amal,Mahjoub,F,2004-11-12,2020-09-15,prepaid,active,Gedaref,2576.35
241e8b70-4ba7-4416-94da-ef8920685abf,09120737260,72014896780,Huda,Adam,F,1972-07-21,2023-04-16,hybrid,active,Port Sudan,589.12
65db76ef-73b3-4812-bfd2-84d46bcf3f24,09184762542,92645633917,Hala,Ibrahim,F,1972-06-10,2024-12-22,hybrid,active,Kassala,56.74
a2397e72-5c2d-4345-9d6f-8f68807e4b2f,09181266497,19670683353,Sawsan,Abdullah,F,1969-12-14,2020-04-12,prepaid,churned,Omdurman,849.04
3c5724b3-093a-4e39-a5b7-6d449417be0b,09183994901,33344376734,Omar,Yousif,M,1969-01-02,2022-05-24,prepaid,suspended,Wad Madani,3985.71
9736fda7-bab0-4be3-80bd-187313a336a5,09169301481,16049910042,Khalid,Hamid,M,1963-06-20,2021-04-12,hybrid,active,Ed Damazin,2086.15
596b735c-727b-469b-939f-9380a1337d19,09121990342,13485484203,Salah,Bakri,M,1988-08-22,2021-09-05,prepaid,active,Sennar,2390.28
8b52e85f-bcbd-427f-b525-c99206624664,09123860157,11713219402,Mahdi,Mahjoub,M,1987-03-23,2023-12-12,hybrid,suspended,Bahri,4853.25
ad773430-9d7a-4a77-9689-a81b6f74a34d,09122874527,19367857646,Abdalla,Abdullah,M,1976-10-27,2025-02-23,prepaid,active,Gedaref,4819.92
834c6538-a8d2-4435-9e1f-c40b0057cf8a,,15401315350,Samira,Suleiman,F,1996-11-13,2025-01-28,hybrid,active,Dongola,927.73
811eb6dd-1ede-4854-9594-6ae9a94ab65c,09125274102,54717989948,Mona,Musa,F,1992-03-13,2023-08-16,postpaid,active,Wad Madani,2851.07
f52ed9c3-3e54-4855-89db-4dbb7d17d3e2,09161956756,35584227172,Mohammed,Adam,M,1994-12-18,2023-06-09,prepaid,suspended,El Obeid,2025.47
7b966e79-b666-465e-b836-22798c98934e,,68624087100,Fatima,Fadl,F,1996-12-12,2023-06-25,hybrid,active,Dongola,1359.72
f33ba572-85e2-453a-b1a7-6f7f10621e9a,09162381152,23282228240,Ahmed,Fadl,M,1984-11-30,2024-01-03,postpaid,suspended,Wad Madani,963.02
008d817a-d72f-4d7b-89e3-b9247beed4b4,09161084791,35113505357,Amira,Adam,F,1973-01-23,2021-05-26,hybrid,active,Bahri,4617.68
320be265-6b57-4b26-bfe2-b95f1280a205,09998144786,30280104194,Samira,Hassan,F,1989-07-21,2022-01-23,postpaid,active,El Obeid,4357.94
2f785c43-e4eb-445c-ad53-2a79bce8af2e,09122188930,63578037891,Zainab,Bakri,F,1973-02-02,2020-10-29,prepaid,suspended,Atbara,3626.93
6034824a-1a02-42af-acc4-6f5e9c5d5f65,09189055855,75994084290,Amal,Yousif,F,1997-08-07,2025-02-15,postpaid,active,Khartoum,3447.35
dd958099-b325-433f-8c5b-81a6ed463f19,09186061065,67337457016,Tariq,Suleiman,M,1988-07-23,2021-03-23,postpaid,active,Ed Damazin,1113.35
e7d1c654-06fa-47c5-aef5-9f4b8249acb7,09180253084,37699296444,Abdalla,Mahjoub,M,2001-04-02,2024-03-30,prepaid,active,Ed Damazin,4057.96
b28fcfc9-5d4c-4110-bf78-d8c0dc26d9dd,09162348004,17241553691,Ali,Hussein,M,1989-05-23,2024-07-18,postpaid,active,Kassala,4229.22
72076926-889b-4abd-b856-0900f1694c84,09169602425,70333295945,Salah,Ali,M,1976-04-06,2021-11-21,prepaid,active,Wad Madani,4608.11
3a60f15b-a9bf-4dde-b3c1-98eaef66b9e8,09160296629,91721742922,Amal,Mohamed,F,1962-05-16,2022-07-27,prepaid,active,Wad Madani,4638.06
2fef5c66-c7bc-4ee2-b674-93e67bc7add6,09182669370,63250313928,Babiker,Osman,M,1964-01-19,2022-07-27,hybrid,suspended,Kadugli,1791.46
d6d271f3-9b2f-4165-a820-7d6962a34507,09189019333,59379719000,Omer,Hassan,M,1961-12-11,2021-07-25,hybrid,active,El Obeid,2151.43
b6378909-9f44-40ea-9da6-547bce3fa726,09184718559,40799230453,Osman,Yousif,M,1972-04-06,2021-12-29,prepaid,churned,Dongola,3137.62
eff3f0d1-225e-4597-a554-4dc1dddc3c8c,09164743701,94539117766,Abdalla,Musa,M,1998-05-26,2022-11-22,prepaid,active,Dongola,2354.66
2084743d-0216-4741-8c7d-057ef472a5d3,09129281578,06190223116,Huda,Hussein,F,2002-12-04,2025-04-29,hybrid,active,El Fasher,120.2
e3cfd1da-639e-4c3e-92a0-44420241a335,09163223718,59212684856,Dina,Ibrahim,F,1979-10-18,2024-03-27,prepaid,active,Kadugli,761.11
bfc3c248-dd6d-4cc6-8e70-234bc55080c0,09183753989,23132465986,Mohammed,Adam,M,1994-02-02,2025-03-18,prepaid,active,El Fasher,3774.83
2db5d5b4-6f73-45ed-8254-abf20156b6ff,09188376591,53820114065,Mariam,Fadl,F,1974-09-07,2023-08-22,postpaid,active,Nyala,2225.58
d6ff4f76-e624-4481-9b32-6b246fe2f371,09127245533,75656976487,Babiker,Abdullah,M,1986-05-01,2025-01-02,postpaid,active,Kassala,4070.73
e5c37f70-2413-4456-bd3d-edfc61028f10,09166250692,96568512062,Mariam,Adam,F,2000-02-17,2023-07-22,hybrid,active,Atbara,4723.29
830b8c29-1b51-4e1f-8750-8e497432989e,09183442129,14650223477,Nasr,Bashir,M,1960-07-23,2022-06-10,postpaid,churned,Sennar,2836.19
8fc9fa67-1308-40c6-80d9-93145859e1cc,09184070339,82147823372,Babiker,Hassan,M,1965-01-12,2024-10-28,hybrid,active,El Obeid,320.16
245e9821-9745-4649-a519-1d4a8753f838,09126363286,30112200848,Hala,Bashir,F,1984-01-30,2021-01-28,postpaid,suspended,Gedaref,4823.45
2036efb8-15ca-4cf3-a473-f2efce000abf,09169608289,67136054946,Hassan,Hamid,M,1971-12-09,2020-03-15,hybrid,churned,Ed Damazin,2096.53
7be49c7d-b4b4-481a-a65e-63b6364d7239,09124951935,00115461758,Omar,Ibrahim,M,1965-05-20,2024-08-07,prepaid,active,Wad Madani,3668.74
239508e0-7720-4c0c-a92e-367d41a02c83,09181040431,56685135381,Abdalla,Idris,M,1984-08-14,2024-05-19,hybrid,active,Kassala,2290.41
7b9cb988-530b-42a6-a77b-96f47196efa5,09180168564,71778401902,Hassan,Mohamed,M,2001-07-02,2020-11-15,postpaid,suspended,Wad Madani,3469.57
bf78773e-9d87-4b82-9708-658d354afbb4,09161158668,61199767598,Mahdi,Hassan,M,1978-02-12,2021-09-10,prepaid,active,El Fasher,4348.93
953db5c0-04fc-4df2-869f-83842031e389,09125345819,56572853533,Osman,Bakri,M,1974-08-19,2022-05-27,prepaid,active,Dongola,710.13
fa21d2fb-27ba-45c1-aa5c-1905015635c6,09121584668,79303028532,Leila,Bakri,F,2001-06-13,2021-07-09,postpaid,suspended,Nyala,2962.63
4a9044b6-572a-4020-9207-cae17e984d4a,09125025285,46130873089,Mustafa,Musa,M,2002-05-03,2021-01-23,hybrid,suspended,Dongola,2283.4
c2d68ce7-f45d-4b7d-aa2e-178b09ffabf9,09167118425,27863090071,Mahdi,Fadl,M,1973-02-19,2020-08-15,prepaid,suspended,Sennar,4287.75
3c765d8b-f438-4e1f-b736-b42ce79fd324,09120577719,61997165965,Samira,Fadl,F,1995-10-10,2023-06-04,postpaid,active,Khartoum,3036.28
da2d1761-5122-46f3-8717-4d8721090cb8,09124400952,24265379322,Sawsan,Osman,F,1967-12-01,2024-12-05,prepaid,suspended,Port Sudan,4920.37
338b67fc-8f1e-4d9f-903f-fc3d2da6921d,09184736015,79115010162,Fatima,Issa,F,1997-08-05,2020-01-28,prepaid,active,Bahri,2006.63
1c6d91d5-ccc8-4969-b272-41eceed44bd1,09169783354,88357192149,Mustafa,Bashir,M,1996-02-23,2024-01-06,hybrid,active,Kassala,1922.02
55d6ab3c-8a9b-4f6e-9cf3-bdb93f67caa1,09183203172,66528246854,Hala,Salih,F,1974-12-07,2024-03-27,hybrid,active,Khartoum,196.99
a61e5e21-d77b-492f-a97a-b04a8f48bea0,09160146051,90854327163,Ahmed,Bakri,M,1965-02-11,2025-06-26,hybrid,active,Port Sudan,-775.77
0a0a9ee5-31c1-4478-86f4-a672710b44bb,09121000908,99318781048,Somaya,Ibrahim,F,1964-01-09,2021-06-23,hybrid,active,Port Sudan,1679.61
99c26cf8-9c33-4c78-b0ca-c888e46e2861,09182909304,37661366280,Osman,Bakri,M,1967-05-22,2021-03-11,prepaid,active,Nyala,2599.56
58ddd929-f35b-4793-9626-c2c66a7fadec,09160531105,83309673979,Widad,Idris,F,1986-01-13,2021-03-09,prepaid,active,Omdurman,3734.98
d084ed4d-7bd2-4a30-ac67-49548c6a53c7,09166501676,71877628836,Somaya,Osman,F,1981-03-10,2023-09-05,hybrid,active,Dongola,3333.84
78b8575f-6acd-435f-a650-fe145f43355b,09162922666,,Rania,Bashir,F,1975-03-01,2021-08-04,hybrid,churned,Atbara,3379.89
efa4a994-22f4-444c-a7d0-20ca1535f01d,09189359812,55977726597,Abdelrahman,Salih,M,1994-02-08,2022-07-09,prepaid,active,Port Sudan,4560.67
68f58637-32eb-47c3-a592-9acce4076dfc,09124171657,89391295651,Osman,Adam,M,1999-08-07,2020-09-06,hybrid,active,Kassala,2627.91
c73d4fdc-3007-4a83-a2ca-8ac292caf304,,78757030293,Amira,Adam,F,1961-08-13,2021-01-18,prepaid,active,Bahri,1699.48
b4e253b8-9bdb-4b7c-b5b0-beee793b3673,,22336931806,Amira,Fadl,F,1975-01-31,2020-05-10,prepaid,suspended,El Fasher,3194.69
3b917c76-60ef-439f-aadb-a184e6180563,09186249753,74057144695,Rania,Yousif,F,1996-08-08,2024-03-21,postpaid,active,Nyala,2713.75
3280d792-8735-41db-93e2-1789b529fbf2,09165345146,68865834834,Babiker,Salih,M,1980-07-06,2023-01-02,hybrid,active,Nyala,3149.91
91142010-95c1-453d-95c9-80f8b4331d13,09164853207,75870894326,Sara,Hamid,F,1979-08-06,2022-02-21,postpaid,active,Sennar,2153.12
b35eae5c-c974-4883-a1a8-80b1a0ba4d35,09160450509,28467200734,Abeer,Mohamed,F,1975-06-14,2025-02-18,prepaid,active,Sennar,2337.2
34aa7543-50ae-410b-b549-3b0a0a9a76fa,09164503801,62585150204,Zainab,Mahjoub,F,1990-10-25,2020-03-12,hybrid,active,Wad Madani,471.07
117d4afc-70d6-453f-bf87-c10eeb4c9ebd,09169433795,31112359042,Khalid,Hussein,M,1995-12-26,2023-01-17,prepaid,suspended,Kadugli,1320.96
be167a99-3ae0-4c7b-a15b-32954f836103,09120857383,85545146091,Rania,Issa,F,1980-10-29,2022-10-04,prepaid,active,Dongola,4509.39
6bcafecc-046f-462c-a8bd-f37cfa9455b9,09187062728,16733746121,Leila,Osman,F,1988-06-24,2024-01-17,postpaid,churned,Sennar,3609.57
d5000939-5a4e-443d-9198-b541a599c05f,09122608481,87620990693,Omer,Idris,M,1967-07-10,2025-02-18,postpaid,active,Gedaref,4220.41
edfc0544-764d-4739-be91-0e54f7ba56d3,09187045059,98226731234,Huda,Hamid,F,1980-07-22,2024-07-07,hybrid,active,Khartoum,1542.88
9e0e930e-527e-4423-9987-6385beb2ddf8,09122593645,02823134275,Abdalla,Hussein,M,1993-04-16,2023-10-03,postpaid,active,Atbara,3048.17
3c1d26cb-22d7-42d3-9072-88ef5c7e4170,09124431834,36953102977,Samira,Mahjoub,F,1970-08-25,2025-06-19,prepaid,active,Nyala,735.39
ba6ebb97-9440-435d-ab4f-fc670c6718d0,09165173281,62910873922,Somaya,Hussein,F,1968-10-14,2025-01-18,hybrid,active,Atbara,4499.46
8bf3fc47-2caa-4898-a9c9-7da4b4c6ee51,09167105298,77074599153,Sara,Bashir,F,1965-01-24,2022-03-01,postpaid,active,Khartoum,4044.32
521c624f-b9c3-4979-a10b-7412f92f2ca5,09128789034,50295867603,Salah,Nour,M,1964-04-06,2022-04-25,prepaid,active,Sennar,3943.4
fa7a7c61-416e-4e28-8ea3-814417ed47f5,09181823688,10138272105,Mona,Salih,F,1968-12-25,2022-01-27,prepaid,active,Khartoum,502.75
c865eaee-c08d-4e9f-b7b3-445b068ff3cc,09128825320,83168163603,Ahmed,Hassan,M,1967-09-17,2024-01-27,prepaid,active,Atbara,63.15
72fa87d0-2326-4091-9ae8-2079d2bfebc2,09162000521,41070716348,Nahla,Hamid,F,1992-10-05,2020-03-26,hybrid,active,Kadugli,3033.28
69ac75b1-ccea-4873-85b6-373cb852b8b8,09185119194,45456972965,Abdelrahman,Adam,M,1990-05-12,2023-04-25,prepaid,active,El Fasher,2138.93
922fe9ef-bfef-456b-b116-e0c30cbbe692,09188862639,,Widad,Hassan,F,1992-08-09,2024-03-16,prepaid,active,Port Sudan,2722.35
7b7df958-39f0-4ed8-9314-22c62e14bd12,09182346144,66276330411,Amira,Ali,F,2001-01-02,2023-07-16,prepaid,active,Bahri,3131.05
850fe5df-2190-42dd-998a-6888a89d2721,09121968636,47046568969,Abdalla,Nour,M,2003-05-03,2020-03-08,prepaid,active,Wad Madani,3897.05
61b9d6f3-7f19-4d5a-aed9-1772d1c424dd,09127936315,92291270659,Mustafa,Bakri,M,1980-01-05,2022-05-20,prepaid,active,Kassala,249.4
960f0b1b-59ba-4ab5-8a7b-94cb3f265896,09128722824,71830181796,Kamal,Hassan,M,1964-10-16,2024-02-01,postpaid,active,Wad Madani,3064.11
f4c898ba-c2ee-42b1-9303-0fa69d698ff3,09169979905,22171148656,Intisar,Fadl,F,1991-12-07,2024-05-24,hybrid,active,Atbara,2672.69
e1793953-91ba-4e61-a153-5aa6f7f0036c,09163563163,12975572616,Omer,Abdullah,M,1987-05-16,2025-03-06,postpaid,active,Ed Damazin,2802.77
611b76c7-3fab-439b-bc58-f01f60ccbc87,09991798549,13071675321,Tariq,Mahjoub,M,1994-11-25,2021-11-20,hybrid,active,Ed Damazin,602.67
d3738b35-3445-4897-a969-809a56f0bc0c,09992551741,85835639981,Abdalla,Suleiman,M,1973-09-27,2024-02-05,postpaid,churned,Port Sudan,3018.78
5ada61a5-f22a-4b30-83ba-2420fdb67723,09124762123,60186399454,Osman,Bakri,M,1968-10-05,2021-10-07,hybrid,suspended,Kassala,1591.7
4aa16b60-1ada-46b3-a47a-717357126630,,90964598724,Sara,Mohamed,F,1962-11-18,2024-10-13,hybrid,active,Kadugli,879.21
784882b5-3bc0-4709-a6a2-746cb86dd9eb,09166811339,73670721734,Osman,Abdullah,M,1961-01-02,2021-07-14,postpaid,active,Bahri,3231.7
2a9db952-3835-4bf2-bb29-758d9794bdd5,09183063236,54018144424,Mariam,Suleiman,F,1984-04-15,2021-04-27,hybrid,churned,Khartoum,786.71
a5244b0a-6c75-4b9c-aaca-f172d05b5c3c,09167651186,15640994147,Fatima,Suleiman,F,1991-07-16,2021-08-20,hybrid,active,Sennar,324.77
9a4cfaf7-0ad3-422a-a85f-e9eac909f62b,09182451908,26110356594,Osman,Salih,M,1976-04-04,2024-11-30,hybrid,churned,Khartoum,3170.87
4d98f5c0-d554-4941-88ff-fdbc0f84b69f,09169692295,33861941183,Hala,Yousif,F,1961-06-16,2025-04-13,prepaid,suspended,Kassala,634.08
375856ba-6339-4064-8d4f-b34a71a625ef,09166283463,34889334375,Abdalla,Adam,M,1969-03-13,2024-06-24,postpaid,active,Atbara,1272.01
2a0aad8f-4e8f-4532-bc54-34e93d7ec088,09124382692,85507435095,Mona,Salih,F,1974-08-19,2026-06-06,hybrid,churned,Wad Madani,4034.8
c9daba60-52cf-4806-9fbd-1d3974a38519,09186964535,91765047188,Fatima,Osman,F,1978-01-25,2020-01-15,prepaid,suspended,Gedaref,2943.51
28b1bade-4d98-4350-af3a-675fedc00eaa,09169668667,98994706170,Sara,Idris,F,1998-11-13,2024-12-20,prepaid,active,Kassala,3106.13
7ba03aa2-8047-4ac7-b552-3f0b06ff4493,09184715675,66505188601,Ahmed,Ibrahim,M,1994-06-25,2024-03-06,hybrid,active,Atbara,4434.09
89f82342-6c27-4bc2-8adc-01fd3501ff3b,09169698504,50566937540,Abdalla,Ibrahim,M,1972-03-05,2022-04-01,prepaid,suspended,Nyala,360.5
1082d4a1-d40f-4a6c-91f4-b814c44239a2,09124025038,57626481638,Osman,Bashir,M,1985-10-17,2024-11-15,prepaid,suspended,Nyala,4297.26
4bc91224-74f1-4f22-a1bd-9a13dc3debbc,09185301012,78969519304,Sara,Musa,F,1993-02-03,2021-04-03,hybrid,active,El Obeid,2620.9
78542907-9330-4902-b0c8-e706ec8e3159,09166203634,44394689633,Hassan,Yousif,M,1969-06-01,2024-07-27,prepaid,active,Bahri,980.88
6263b86b-8027-4b62-9014-e2fb22d1776a,09180731744,57762626367,Huda,Fadl,F,1988-02-04,2020-05-07,hybrid,active,Ed Damazin,2771.34
636d6b5a-c8e4-434c-a585-6c94018abd2b,09165944348,52953774037,Nahla,Idris,F,1994-12-04,2023-12-17,postpaid,active,Kassala,125.11
791fc997-272a-4b26-99fa-2049a281b109,09165149753,41157330990,Mahdi,Hamid,M,1962-11-25,2025-06-21,hybrid,active,Kadugli,1388.82
9f089819-fbc2-456d-b57a-566b9baa86da,,85653523266,Mona,Yousif,F,1962-11-11,2025-05-15,hybrid,churned,Dongola,3813.46
873bde81-b93e-4790-9e81-2d8ad61eb303,09120349561,19989965118,Kamal,Abdullah,M,1969-02-17,2022-09-15,hybrid,active,El Fasher,3937.78
6fb0ea5d-5a91-4c45-8441-eba3fd5cf663,09184776186,87047966682,Huda,Salih,F,1961-06-02,2023-03-04,hybrid,active,Nyala,1715.47
ad5b8c47-acf6-4cbf-985e-d93e743e1760,09189142330,29276405473,Fatima,Nour,F,1997-11-20,2021-06-26,prepaid,active,Khartoum,1772.77
10a17603-8cc8-466d-b33e-da8079a5ed50,09160474733,89147852474,Jamal,Yousif,M,1987-02-18,2021-02-02,prepaid,active,Atbara,1312.28
ba2ed466-33ea-4721-816b-501bc3405459,09163518664,77413135183,Ali,Nour,M,1960-10-10,2021-03-15,postpaid,active,Port Sudan,1337.68
0e87d7ae-7494-4b68-b896-e576f8466980,09125398852,17895599098,Leila,Bakri,F,1987-03-27,2020-08-24,prepaid,churned,Wad Madani,4896.03
c8135e10-7d03-4dc4-b5bf-0528c1e50fd9,09169238319,34891800381,Salah,Bashir,M,1983-03-01,2023-04-11,prepaid,active,Sennar,3033.5
eaee289e-a4d6-4a5c-a617-cdb32e703007,09189597309,12185273411,Rania,Hassan,F,1986-07-13,2023-06-01,prepaid,active,Omdurman,1661.7
356fe04d-72a2-4b3f-9e80-1c8e1a12dd02,09125303044,07781109659,Sara,Mohamed,F,1987-03-11,2022-08-30,postpaid,active,Sennar,4197.05
556eb42a-ac48-4d12-be4d-e5f272d46c59,09128299126,99452064191,Leila,Salih,F,1962-01-20,2023-07-26,prepaid,churned,Sennar,1912.23
3a306b26-b595-482c-8821-ff547ef0a9a7,09188224216,82682217562,Ahmed,Mohamed,M,1994-03-08,2025-04-04,hybrid,suspended,Bahri,152.38
37bfdf65-9179-4c1d-bf92-2e63f4dacc02,09181005932,57228703220,Nahla,Mahjoub,F,1964-03-07,2025-06-28,hybrid,active,Kadugli,1336.66
e535889b-1c85-4e7e-8845-92ab10584cab,09128712951,45205802860,Zainab,Idris,F,1994-02-06,2020-05-16,postpaid,active,Bahri,3956.47
efa6d738-0446-4189-b559-13cd8a9aa5c2,09164747695,09041898566,Fatima,Hamid,F,1983-04-16,2021-09-26,prepaid,active,Nyala,1646.14
5692c7d4-3093-4f4c-8746-a8e305324872,09188788876,56993136062,Zainab,Osman,F,1972-05-20,2025-01-11,prepaid,suspended,Omdurman,3996.82
aa6072d0-2e81-48c1-8b07-ff3ea523a024,09169471990,38035148953,Fatima,Idris,F,1975-02-12,2024-11-04,postpaid,active,Atbara,3556.49
057d8772-0461-4940-9e5f-c101a1635179,09163472839,51673095326,Intisar,Mohamed,F,2004-04-07,2020-01-25,hybrid,active,Wad Madani,3795.7
bd57c7e7-648c-4186-9844-bbbecd915b4c,09182925822,82801832353,Leila,Yousif,F,1963-09-29,2023-09-19,hybrid,active,Nyala,2675.89
940acb02-d7b0-45e2-bf06-205aae93db72,09187809645,83744959752,Nahla,Hamid,F,1967-02-13,2021-12-18,postpaid,active,Omdurman,4688.14
898b1b90-6564-4fc0-a620-80f553285254,09182897487,41148626751,Leila,Suleiman,F,1970-07-27,2025-04-01,hybrid,active,Kassala,1673.23
0e706cef-6122-4531-9e2f-3155c042fa40,09125641967,89630093582,Mona,Musa,F,1965-06-22,2020-12-08,postpaid,suspended,Kadugli,188.2
43e7d5ab-a7fb-4fd0-950d-e0b80a7532df,09182242284,83492766809,Intisar,Fadl,F,1982-10-16,2023-09-16,hybrid,active,Omdurman,4022.32
734cad3a-753c-44fb-ba44-a33d5085639e,09123480153,73586671554,Mustafa,Adam,M,1984-06-14,2023-07-19,prepaid,active,Atbara,771.21
f96893ab-fc6d-449f-afb4-8949ae0607c6,09186272053,64991192856,Nahla,Idris,F,1999-11-15,2025-04-30,hybrid,active,Wad Madani,1822.15
5839efac-d15a-440b-aa09-76aeb9620f27,09183830775,58212626439,Babiker,Musa,M,1993-04-06,2023-05-20,postpaid,active,Kassala,-4987.36
465456df-c751-4bbe-9368-e39e9bbf5528,09129919817,75512944149,Mahdi,Musa,M,1974-10-27,2022-11-19,prepaid,active,Nyala,4588.26
e0b7ced9-255b-466d-9a80-9c9962d925b7,09185974776,56590705549,Tariq,Osman,M,1983-08-16,2021-10-15,hybrid,suspended,Port Sudan,4919.95
cf57ac0c-a9d3-4a21-bcbc-bb731d9b8d93,09166922094,90763415359,Nahla,Hassan,F,2001-08-11,2023-12-20,prepaid,churned,Dongola,238.69
84e76e34-7dd0-46eb-a7bc-fcfb980f2ded,09163494314,87225578564,Nadia,Bashir,F,1969-04-26,2021-11-24,postpaid,active,Sennar,3169.4
b9008690-bca5-4acb-85d2-9d5012886257,09185739523,28555809579,Abeer,Musa,F,1987-01-15,2024-02-24,postpaid,churned,Omdurman,3268.11
d9209b7f-9757-4e31-a66a-ce00f7315f0c,09181362334,70407146971,Tariq,Idris,M,1982-10-30,2024-03-10,hybrid,active,Sennar,4046.79
028d888a-6d79-4666-9a5d-441ed487617c,09185595083,74560170396,Abdalla,Hassan,M,1969-01-15,2020-02-29,prepaid,active,Atbara,3389.02
6d16d566-bb27-4d62-a0ec-1e30f244a79d,09180679490,78692855162,Omar,Bashir,M,1969-11-08,2023-02-08,hybrid,suspended,Port Sudan,3322.91
fce606b3-56f2-4be9-b91c-f3d55d7bb754,09183536735,58960707228,Widad,Yousif,F,1979-03-27,2022-04-19,prepaid,churned,Port Sudan,4004.23
4d539688-d919-4603-ae7c-65313b2a258f,09124309742,74936635796,Nasr,Adam,M,1999-08-15,2020-07-13,hybrid,active,Khartoum,980.09
c5fe9d29-5095-4f8d-8aa8-f1cae1f5c60e,09183565826,08252637941,Mohammed,Bashir,M,1972-09-10,2024-04-22,hybrid,active,Atbara,518.43
272da74b-f69c-432a-b796-c3d7d7b67d46,09124252611,97892594657,Hassan,Ali,M,1983-09-11,2025-05-08,hybrid,active,Ed Damazin,1861.51
c7e3376e-b205-4868-b78f-e4871f681948,09161181851,36738052038,Leila,Idris,F,1968-12-29,2025-01-16,prepaid,active,Sennar,2144.2
5a67f671-1c6e-4845-adf7-5ab1e0b94183,09161462201,48333540112,Jamal,Idris,M,1999-09-26,2021-06-09,hybrid,active,Nyala,57.09
fb0d0d7f-1fd4-4e89-a0a5-bb98ef8e9740,,18376295076,Hala,Salih,F,2003-04-24,2020-07-23,hybrid,active,Omdurman,2494.94
b6950c96-29c0-4aa8-8560-e90e8f644c83,09184186930,32645649674,Abeer,Mohamed,F,1969-10-17,2025-01-03,hybrid,active,Khartoum,1614.51
29962e2a-f1ce-4b66-b923-4b8fd7b03fd0,09164909703,42519701815,Nasr,Adam,M,1968-12-15,2021-08-06,postpaid,churned,Bahri,2897.89
f3e22d6f-5e3e-4f18-b528-d988d65d4963,09121531936,25260221690,Abdelrahman,Idris,M,2000-11-11,2023-02-13,postpaid,active,Bahri,4324.2
c3f7be7e-e4f1-4d33-a707-94d90b3c6fb8,09183843910,65735174546,Hassan,Issa,M,1979-07-12,2022-12-08,prepaid,active,Bahri,3672.02
9cfe90b5-18f2-4a98-ad33-ec509e38f37c,09123195589,79903597177,Ibrahim,Bakri,M,1967-04-22,2024-02-18,hybrid,active,Khartoum,1727.0
a466511a-40e3-4d91-924a-d4ebc9709d02,09122460516,48389533768,Kamal,Salih,M,1983-03-23,2020-12-24,hybrid,active,Kadugli,2018.56
cdbdc2e0-2ffa-4691-82ad-2541fbd480ed,09164345973,17303324967,Amira,Adam,F,1989-11-26,2024-04-02,postpaid,churned,El Obeid,581.55
53784e90-b3dc-4c6d-a200-753d7495f2d8,09184731815,60542707995,Abeer,Mohamed,F,1986-10-25,2024-01-22,postpaid,suspended,Omdurman,-234.14
89d558b4-075c-41ef-b60b-b8b966f13301,09164565728,97226934854,Samira,Bashir,F,1962-03-21,2021-09-23,hybrid,active,Wad Madani,1289.11
94c3b809-8860-4e78-8063-b823894d39c6,09166992613,82687097777,Dina,Adam,F,1993-08-09,2023-12-26,prepaid,suspended,Port Sudan,2847.52
7f779fdc-644a-49c1-8010-e131e2b5f4d8,09127792711,07351289622,Zainab,Yousif,F,1962-11-30,2023-06-18,hybrid,churned,Dongola,4581.43
799344f9-4b0a-4844-bd3c-bbe3deaf4a4b,09183023993,44606069430,Ali,Ibrahim,M,1995-10-12,2025-03-16,postpaid,active,Port Sudan,1705.12
111f27b2-5e79-4554-8664-cab2f5b52499,09184128537,00644885487,Leila,Hussein,F,1990-07-24,2022-02-01,prepaid,active,Atbara,3158.76
85c3be70-9bc6-474d-94c5-0260b5e5c7c6,09165428053,76425507868,Mustafa,Ali,M,2000-01-26,2024-08-18,postpaid,active,Bahri,210.22
6c2dd618-10c5-4018-b1f9-02fd03728560,09121701958,66399287987,Yousif,Hassan,M,1974-04-22,2024-06-01,postpaid,active,Gedaref,3498.34
f9df303e-c130-44b3-93cd-422ac4f79189,09166291796,44160332888,Abdalla,Mahjoub,M,1960-08-05,2024-01-03,prepaid,active,Omdurman,3507.92
2493a229-eccb-4cb6-9114-2ebefee5435b,09181202201,75454164879,Samira,Musa,F,1972-05-02,2020-07-30,prepaid,suspended,Kassala,2028.95
b2cc8ec2-e3a9-40bc-a4d6-b6ae0bfe3c38,09125269744,20360785483,Leila,Adam,F,1978-02-03,2020-02-11,hybrid,churned,Wad Madani,4761.74
2c57e7ac-840e-4b67-ac6e-2db5a920d77e,09168060145,79232671485,Jamal,Ibrahim,M,2004-11-14,2020-11-05,hybrid,active,Khartoum,478.27
5ba6bebd-1433-4b47-866d-e6af1d714a34,09169720925,,Kamal,Hamid,M,1980-05-08,2021-04-09,hybrid,active,Khartoum,4156.7
b57f6d87-f3c4-4531-9e9f-448f3b8aeca9,09168291585,51163971492,Mahdi,Mahjoub,M,1961-09-27,2023-12-20,postpaid,suspended,El Fasher,1513.52
ee3ddd94-4ef0-4847-a415-eb3e2cc04d0d,09187396262,59188312497,Rania,Salih,F,2000-04-30,2022-01-02,hybrid,active,Gedaref,2305.44
ae37601d-cdbd-4ba3-b366-8ddf36a15a12,09184354978,72965715643,Samira,Ibrahim,F,1963-11-10,2021-05-01,hybrid,churned,Khartoum,3814.5
f7b855c6-b4ea-4ff5-aa2f-9116e62fa3d2,09167960009,40916573762,Abdalla,Hussein,M,1985-11-01,2021-06-05,postpaid,active,Gedaref,4845.03
7d239a65-4f0c-442a-9f56-d85ebe1de94c,09182036930,91401527311,Babiker,Idris,M,2001-04-12,2021-07-26,prepaid,active,Ed Damazin,329.17
d4ab14e2-68cb-40ee-afdc-527ba973386e,09120184293,35984742298,Dina,Mahjoub,F,1981-09-28,2022-09-30,hybrid,active,Nyala,4557.97
318763c5-0f1d-42b9-b965-d260a0c04b28,09129022624,73650032990,Huda,Issa,F,1963-05-28,2025-05-30,prepaid,active,Kadugli,2266.41
c9414de6-4ae6-4c0b-9dc2-09092f285c3a,09168735540,42316979206,Samira,Hussein,F,1999-09-25,2025-11-25,postpaid,churned,Port Sudan,3109.86
9d1028cb-976f-483b-ac61-bb762a438b51,09165392528,78357338133,Intisar,Adam,F,1961-10-07,2024-02-04,prepaid,active,Port Sudan,3145.36
a0fca9c4-7cdf-4a62-9ad3-e5cbca073890,09126412247,40985372033,Mohammed,Ali,M,1991-02-12,2020-05-19,postpaid,churned,Nyala,240.99
59a03cbf-e6d6-4ab9-8343-d54c884cc204,09127155587,09404224564,Osman,Hassan,M,1966-05-22,2020-09-01,hybrid,active,El Obeid,4065.06
a53a6cd2-9acb-486a-96be-7a5848f7213f,09180781913,50534941971,Osman,Osman,M,1989-11-21,2024-03-24,postpaid,active,Omdurman,4470.68
ab2ac1bc-1904-49f2-8a8d-fcf540d21f5e,09182463061,62185635200,Yousif,Nour,M,2001-02-08,2023-09-16,prepaid,active,Kassala,769.21
732bb5b6-f814-404c-872a-e5c0adc0ffbf,09186977143,36080901014,Sawsan,Issa,F,1997-06-18,2020-10-25,prepaid,active,Atbara,744.0
959d6709-fba3-4dd7-8f60-883a4d7f3b86,09120461638,81687851856,Jamal,Suleiman,M,1964-02-08,2022-12-25,hybrid,active,Atbara,1909.05
950829a6-7beb-4770-abd5-ffb8dbd1cc4a,09128007272,08147237356,Salah,Fadl,M,1985-05-13,2020-02-25,postpaid,active,Sennar,3622.15
c8e30963-efa7-4947-804f-91419e50d064,09187899951,45498367146,Mohammed,Yousif,M,2003-02-19,2022-03-29,hybrid,active,Nyala,1894.59
9673c2b2-428d-483d-9a64-3eff55dda24a,09128571164,56059563431,Widad,Issa,F,1964-05-18,2025-04-28,hybrid,active,Atbara,4659.99
a44369b0-0862-4e96-b4e0-83c06e870dd2,09990124025,73031678719,Ibrahim,Issa,M,1974-06-07,2023-07-15,prepaid,active,Wad Madani,2402.43
a429351f-11f5-4a88-b568-a27d1971ec55,09120549080,99839767388,Leila,Musa,F,2002-11-29,2021-02-23,postpaid,active,Nyala,1072.78
4898f67e-2da4-4c47-be56-fbab5c179f83,09120009143,52949307417,Amal,Nour,F,1997-01-11,2022-09-02,postpaid,active,Nyala,763.02
30e47cdb-9a94-4203-8c68-61c42aee27b6,09189622527,56002230234,Babiker,Hassan,M,1963-06-30,2023-03-02,postpaid,active,El Fasher,4265.58
bde8b9db-148f-4bdf-917a-c6b42cd72210,09125890418,28051666081,Yousif,Issa,M,1976-02-14,2021-11-06,hybrid,active,Wad Madani,2766.63
e130ec9f-c0c7-4c45-8457-947d11a48bcf,09188636152,76958444202,Somaya,Mohamed,F,1974-05-12,2022-03-17,hybrid,active,Kassala,2683.46
11bf6b55-e70d-4ab0-904a-31cb8cfbf891,09163714503,11802669141,Khalid,Osman,M,1982-04-19,2024-11-17,postpaid,active,Omdurman,122.54
56b39a78-da90-4cdf-aba7-480e6b271e61,09181199256,92476883410,Tariq,Mahjoub,M,1979-10-11,2022-03-24,prepaid,active,Port Sudan,3778.09
e06d5293-d2f2-4df5-a681-a94f779ca0b1,09160513251,79044708560,Jamal,Hassan,M,1984-08-29,2020-05-28,postpaid,active,Kassala,3302.91
fd68907b-42dd-4548-ad39-79203f8df86e,09121456457,22757940740,Khalid,Adam,M,1979-12-17,2021-10-29,postpaid,active,Atbara,3136.94
fa995014-8a8c-4f8e-906c-e888f94205f9,09123913694,12641060326,Fatima,Suleiman,F,2000-06-14,2022-12-25,prepaid,churned,Sennar,3229.52
8b6822d5-ff82-4a59-8262-e6bb1259c4b1,09120108965,,Hala,Osman,F,1965-07-06,2022-05-22,postpaid,active,Wad Madani,2000.03
4a3a302c-5748-4044-9bfa-caa69fb19f76,09184848170,36100770177,Intisar,Nour,F,1979-11-28,2024-02-01,postpaid,active,Kassala,2977.59
50e2bc8f-b7f7-4306-84cf-4965e6991c5a,09121171960,04902144415,Abdelrahman,Nour,M,1989-12-24,2025-01-13,postpaid,active,Port Sudan,1161.81
53f5bda7-443f-42b7-b851-ba429304dd58,09185523917,03353004999,Intisar,Hamid,F,1976-02-27,2023-04-10,hybrid,active,El Obeid,1072.21
d3d83bca-aa71-4f48-b79c-102746c17e2b,09187317394,62487238586,Nasr,Fadl,M,1989-07-26,2022-01-26,hybrid,active,El Fasher,3294.27
bc8b8b8d-f9ec-4521-bb8f-2c561c80ea8d,09181349317,96706055817,Huda,Idris,F,1980-07-17,2022-09-19,postpaid,active,Omdurman,4404.18
bcbd3a95-9b14-43ff-925a-0fb0233d2a4f,09169893546,46398970145,Osman,Adam,M,1992-05-08,2024-02-18,prepaid,suspended,Port Sudan,2996.5
aaf33e02-7b06-4f72-8f04-7889a036bec3,09188669255,29050926000,Mahdi,Hassan,M,1967-03-13,2020-12-11,hybrid,suspended,Khartoum,415.82
38a7e317-3485-4bc4-ab4a-a85b20928736,09187384498,12130088238,Omer,Abdullah,M,1987-03-07,2023-03-12,hybrid,active,Gedaref,3402.0
f06efb07-6a15-418f-88f7-8ced527a15ce,09123104481,77365561922,Nahla,Hussein,F,1966-06-11,2024-07-05,hybrid,active,Bahri,104.96
90f465e3-c4e0-4608-ba9a-76f565c1ac26,09161761302,36416936835,Tariq,Yousif,M,1965-12-06,2023-07-09,postpaid,active,Khartoum,4183.01
ffd41a8d-64c1-4892-ba64-e094c4bead65,09182528267,12693794999,Kamal,Osman,M,1988-10-14,2021-05-28,prepaid,active,Ed Damazin,3074.5
708ff539-0cb5-4c1f-9aa6-41cfdaaf026b,09163686811,14330640980,Samira,Nour,F,1988-10-01,2024-10-11,postpaid,active,Kadugli,1669.72
d8d6d038-709e-4269-943b-1ce8b19b7189,09168790259,12046372162,Salah,Ali,M,1995-08-08,2023-05-13,hybrid,active,Bahri,951.31
db59732d-fbf6-481b-8912-d6bc1bc387d9,09129559997,73793957955,Jamal,Adam,M,1966-01-19,2024-10-19,hybrid,suspended,Kassala,3599.06
fa0f2666-d938-42ee-9638-4a4328cc3eea,09163670386,25676112584,Khalid,Abdullah,M,1974-05-21,2021-09-29,prepaid,active,Khartoum,2715.2
d4ce5bc8-49a4-49b7-ac96-a2f021b18387,09182924828,73210788312,Mohammed,Nour,M,1999-08-07,2021-12-14,hybrid,active,El Obeid,3812.48
b515ab70-bffd-4ac5-92da-15409be71366,09127201970,84287416279,Zainab,Ali,F,1998-07-26,2021-10-12,hybrid,active,Omdurman,785.05
8a9ed140-a91d-4569-8e6c-00b46d4e16cf,09120051081,94842262300,Mona,Musa,F,1978-10-27,2023-07-23,prepaid,churned,Bahri,645.01
e3f42a39-2d52-49b3-84b4-cf8828009cc7,09123424375,39169280916,Tariq,Osman,M,1995-07-25,2021-11-17,prepaid,active,Ed Damazin,3922.8
da79a0ba-327e-478b-8395-6b0d2a949752,09123045441,06166497008,Samira,Adam,F,1985-10-13,2022-06-20,hybrid,active,Khartoum,499.26
9d96b5b1-8d63-44ea-8a71-6a8f0156ca68,09162962809,24115050969,Mahdi,Hamid,M,1997-04-17,2020-11-02,hybrid,active,Port Sudan,610.85
38197f18-423c-4ab5-ace5-cd5b63d10cb6,09183228058,83774354047,Mona,Ali,F,1996-04-18,2021-06-25,postpaid,active,Dongola,992.39
76fb8489-c9fd-44f7-9e0f-4edb8c3da277,09162558627,78882603174,Khalid,Hassan,M,1961-09-04,2022-01-09,prepaid,active,El Obeid,4011.71
286abb4f-a382-40d1-8fe1-be70b68cbc1e,09128614229,35545920559,Kamal,Fadl,M,1996-06-28,2023-10-08,postpaid,active,Atbara,3036.33
c916d63e-8bc5-4346-8bdf-bcadd2299c9c,09188304576,27451160895,Hassan,Bashir,M,2001-09-11,2020-05-01,prepaid,suspended,Dongola,4641.83
08e0dc73-6ed2-4fd8-ae57-144ae9cd451b,09168960083,47612898993,Hassan,Ibrahim,M,1960-08-18,2024-03-20,postpaid,active,Omdurman,3702.37
dc6eb4f4-3b65-4b40-85f0-dd685df268b3,09127156033,87885285898,Intisar,Suleiman,F,1995-07-30,2024-05-11,hybrid,active,Gedaref,3834.95
dca4aa2a-cfb8-4845-a84f-8e0b94c9085b,09129007379,49994457444,Hala,Osman,F,1969-11-23,2020-05-14,postpaid,active,Ed Damazin,4141.69
427975e4-2c8c-4c40-89e5-f6fbbc23d606,09163475916,04359839859,Salah,Musa,M,1964-11-10,2023-12-06,hybrid,active,Atbara,4830.63
26dc95c1-06c1-4aeb-9c16-318ed8d954b7,09127568167,84340730717,Widad,Nour,F,2001-10-11,2023-04-20,prepaid,suspended,Dongola,3184.1
caeb7913-38ed-410d-abe4-c3b1ba84685c,09188369223,38540336999,Ahmed,Fadl,M,1990-07-05,2021-02-07,hybrid,active,Gedaref,216.09
4e3669e2-3556-4da1-a615-91cb87701c18,09163273551,49724903223,Ibrahim,Yousif,M,1984-01-11,2024-02-06,postpaid,active,Nyala,3961.05
40d2aaf9-b84d-44a2-83dd-15e1730a28bb,09185555702,00617413644,Kamal,Osman,M,1992-05-03,2024-10-17,postpaid,suspended,Gedaref,1958.14
04a8967a-a387-461e-8e60-472e9dce697c,09129127065,07612228305,Jamal,Mahjoub,M,1994-08-25,2022-07-08,postpaid,active,Sennar,1763.51
d57f1e8f-22cd-44a5-b74b-9e6cfee15fbe,09165950263,56077789433,Mona,Issa,F,1972-04-12,2024-02-25,postpaid,suspended,Port Sudan,2882.79
ca598c53-7820-4f1e-b02b-c6be5768f4b8,09128236962,69022209755,Dina,Mohamed,F,1962-02-04,2023-05-29,prepaid,active,Atbara,185.63
3423c527-b14f-44d5-b772-7327b33d4c60,09161200393,44907697216,Fatima,Abdullah,F,1976-05-10,2020-08-17,hybrid,active,Dongola,1188.35
e0e301eb-824e-406e-acad-e717ece01afc,09189296921,05307122600,Kamal,Abdullah,M,1971-04-19,2021-03-27,hybrid,active,El Fasher,2222.36
8d85d344-4de7-4ecc-ae09-b4d6def549b0,09169857887,28206322801,Amira,Musa,F,1975-01-07,2023-08-02,hybrid,active,Ed Damazin,1455.68
21f4baec-c7ef-4c72-ad93-8773c60218c2,09185247609,60647245257,Mona,Nour,F,1979-07-07,2023-11-08,hybrid,active,Kassala,2346.37
23f48570-3a6a-4689-aa6b-162be378e461,09129465777,06129889728,Fatima,Bashir,F,1987-06-25,2021-04-26,postpaid,active,Gedaref,2993.7
bf291e9e-0edd-42e1-b2b8-b0eef2ce8240,09186417005,37186056688,Salah,Abdullah,M,1960-12-12,2021-09-17,prepaid,active,Dongola,2007.1
a91271d1-7190-4b28-b0ec-dbc0a579a7a0,09181279831,24285354160,Intisar,Issa,F,1967-08-08,2024-11-27,hybrid,active,Atbara,2781.83
912b132c-2c50-4449-ae3e-8acdf190b375,09121708671,52077107404,Tariq,Bashir,M,1980-04-13,2021-11-29,postpaid,churned,Atbara,1864.95
6e407bba-87ce-4108-99fb-8890c562fd0e,09184610511,09007017850,Widad,Hussein,F,1975-11-05,2020-02-06,postpaid,active,El Obeid,3325.62
43e1fa74-217c-4f54-8ea8-bbd5ce562edf,09120102975,99747539659,Ali,Suleiman,M,2000-06-27,2022-08-18,postpaid,suspended,Bahri,1732.74
04ad9fc8-c8a8-44b1-a76f-bbac53d9936a,09161641537,40513379376,Rania,Mohamed,F,1995-06-24,2024-11-16,hybrid,active,Nyala,2667.87
732f69ae-3a97-43e0-9e81-7c73f6cd8a7f,09165717490,58496881449,Fatima,Nour,F,1963-02-16,2024-05-20,prepaid,active,Kadugli,3984.82
89e456b9-e216-45e6-b0bd-f0ec04712593,09185744509,99863245352,Abdalla,Mohamed,M,1999-08-06,2025-01-10,prepaid,active,Omdurman,452.65
04b9efb0-09f8-4bef-a632-f538fa477086,09166689859,32135961830,Huda,Bakri,F,2000-09-22,2021-09-08,hybrid,active,Ed Damazin,4257.11
d1c8d3b2-98a6-40d6-96e6-3b67979aa6fc,09186425972,,Ibrahim,Hussein,M,1972-08-22,2020-07-18,postpaid,active,Dongola,1276.92
0ee4f95c-0cb7-4a58-88cc-2ea2db1f5eae,09162937178,47214617275,Hala,Adam,F,1964-04-02,2022-04-23,postpaid,suspended,Atbara,4160.9
5969ea36-f9cc-4c46-bf16-cee1d21886dd,09188979887,75445847413,Dina,Suleiman,F,1984-11-27,2020-01-14,prepaid,churned,Ed Damazin,4975.58
6d996891-aab2-4271-8479-a6199bc840a3,09185962751,93463890124,Omer,Adam,M,1985-09-08,2022-07-04,postpaid,active,Nyala,3593.83
ddda0e1f-3b27-420b-83f1-ac33e73137d2,09166862230,70659480531,Mariam,Abdullah,F,1993-12-24,2020-04-19,prepaid,active,El Fasher,3178.33
28a79017-6d33-4014-a4b2-3058d9c4abb4,09162718624,47563112138,Mohammed,Ibrahim,M,1961-04-14,2024-03-07,hybrid,suspended,Wad Madani,4520.39
1b9ec520-bc0e-4b4c-8d11-e5c03ac305b6,09125459858,66356541802,Salah,Hamid,M,1975-10-16,2022-11-17,prepaid,active,Bahri,4574.35
39cd8a1b-a26a-422b-8db9-beb6844dea4e,09125946998,42882847052,Dina,Mahjoub,F,1963-12-27,2022-01-23,prepaid,active,Kadugli,3372.56
215a796e-63b9-4ff0-a618-eaf9d419864d,09122036686,42778626852,Huda,Ali,F,2002-04-10,2021-03-23,hybrid,active,Nyala,4907.79
d8862433-875f-4dbe-a981-ad9864434ffe,09167834710,62833455735,Ahmed,Nour,M,1998-02-25,2021-06-22,prepaid,churned,Bahri,4293.89
7ae82df2-03bf-4cf3-b16a-db69ca37ddd0,09124535859,73027322857,Nahla,Mohamed,F,1962-01-12,2022-08-27,hybrid,active,Kassala,208.79
39a00cee-ff32-4122-a9b1-4ee256e9fa02,09164689397,70411678815,Osman,Musa,M,1997-10-19,2025-06-04,postpaid,active,Dongola,2301.17
c20a80ea-2218-46ac-aa94-5575527a0c66,09124484673,32291248955,Hala,Suleiman,F,2001-09-27,2023-09-21,prepaid,active,Kadugli,2116.2
c5b6056d-2633-4a77-87ce-3029213f00ae,09184264076,08953012033,Leila,Mahjoub,F,1962-08-06,2020-12-30,prepaid,active,Wad Madani,2494.0
f542c9a0-fd2f-4ccf-9c69-198e52bca17c,09123568905,81080153374,Zainab,Bakri,F,1977-09-27,2022-10-10,postpaid,active,Bahri,3179.44
f01adbe2-c181-4a55-aaf8-cb0f92f6065c,09125659695,79457595995,Tariq,Bashir,M,1992-12-31,2020-03-19,postpaid,active,Dongola,1199.95
1f4a2bd2-7193-4a2e-ab21-93c7fd0f9b64,09161485418,39525252078,Kamal,Abdullah,M,2004-11-29,2021-05-24,prepaid,active,El Obeid,481.4
2cd43b1f-f358-47de-a19f-bbcb06050d45,09992124402,02769473088,Khalid,Salih,M,1972-09-10,2022-07-21,prepaid,active,Sennar,1811.88
dc40029c-f1d6-436a-a9a5-9b1a9c628808,09180941218,05257959900,Amal,Salih,F,1985-04-29,2024-01-26,hybrid,churned,Omdurman,681.48
4bd9cfbe-55a9-41e3-8594-fa46a1a7014a,09166018911,34348571339,Ibrahim,Musa,M,1998-10-17,2021-06-30,postpaid,active,Nyala,435.92
580c7787-bf41-4444-8f2a-a933af343cfa,09122029138,13014948029,Zainab,Hassan,F,1964-07-20,2024-09-23,hybrid,active,Sennar,351.18
5a331334-6e22-4308-a2ec-53541a5701c7,09123191990,82133568317,Samira,Issa,F,1973-08-07,2021-12-26,postpaid,suspended,Dongola,1993.46
a6001df8-c82d-41c6-907e-c2161c453468,09120389191,87405013320,Huda,Fadl,F,1982-05-04,2022-04-26,postpaid,active,Nyala,-4617.01
72d61712-73db-4804-a9dc-c750a847a91c,09127752572,31631603781,Hala,Issa,F,1968-04-29,2020-06-19,postpaid,suspended,Sennar,3775.22
5a18d201-e04a-43fc-b461-0c652811b3f8,09186306670,05994696693,Hassan,Mahjoub,M,1972-04-13,2022-02-08,prepaid,active,Khartoum,146.39
9c178d0c-af53-4814-8729-e1a6e75d0448,09129714086,33234306587,Sawsan,Adam,F,1986-04-20,2022-06-05,hybrid,active,Wad Madani,2760.3
51112aa6-f70b-462f-89e3-b1ac7424a6a1,09169097228,58258545513,Ali,Bashir,M,1970-04-04,2024-11-24,postpaid,suspended,Port Sudan,4596.69
2d85da4d-ef36-4e11-ba27-35d28331e1d5,09168838736,93238004364,Ali,Hamid,M,1999-05-20,2023-02-05,hybrid,active,Nyala,4492.93
f586b82a-57da-4185-b50d-420c32c095dc,09126371206,31755297760,Nahla,Idris,F,1970-12-06,2022-03-19,postpaid,active,Khartoum,2564.35
1bfd0502-9fee-4cc7-99e5-4551457b6f59,09167281436,11686114603,Nadia,Abdullah,F,1993-08-24,2020-08-24,prepaid,active,Bahri,1998.34
33393680-9123-4797-8e4d-baa2d6f74a86,09184654268,36843771403,Leila,Musa,F,1986-01-08,2022-04-27,hybrid,active,Kassala,4959.4
05b885f7-e9dc-42c5-a3b6-d606176d7d63,09120301196,22723869742,Dina,Hamid,F,1968-11-17,2023-10-14,hybrid,suspended,Port Sudan,1952.89
2d1183fe-5014-49a2-89b6-6b836673675d,09167093409,91650811364,Amira,Mahjoub,F,1961-09-23,2022-01-17,postpaid,suspended,Dongola,1259.39
91f95541-c68a-4964-be71-7aba12b85963,09126279595,14295449669,Widad,Mohamed,F,1989-07-17,2022-07-01,prepaid,suspended,Sennar,3757.87
fa265bf9-1144-4914-a4c8-40426911d40e,09165280016,17344794592,Dina,Hussein,F,1981-01-05,2022-08-30,hybrid,active,Nyala,3557.99
136409b2-d0a9-47e0-a4d8-ad767de07c01,09188971001,70781294576,Omer,Idris,M,1966-09-20,2022-01-13,prepaid,suspended,Kadugli,4995.37
3be4e075-7e49-4970-a4cb-2667c408c9c9,09124235528,33728756798,Abeer,Salih,F,1971-03-09,2021-10-08,prepaid,churned,Nyala,4426.3
16d37c53-125f-4a43-995d-e20b449dbe75,09125882187,08941079116,Nahla,Hassan,F,1970-09-12,2020-08-24,postpaid,churned,Kassala,1272.89
aec8b281-1ae2-424c-8477-9cf76e70e8ee,09183097542,47388523774,Omar,Mahjoub,M,2004-06-17,2023-11-25,prepaid,active,Wad Madani,2802.55
e358b810-27fd-4b43-86c0-6e8d03a2543a,09125121808,22679909666,Osman,Osman,M,1961-10-01,2021-04-06,hybrid,active,Ed Damazin,3594.62
303d7daa-9a90-4049-9aa5-2a2921cb4d6c,09161646821,00370907037,Kamal,Issa,M,1965-06-14,2024-06-27,hybrid,active,Sennar,2084.57
96b11ed8-36e8-434f-a13b-62ca858cc281,09120709834,84926748762,Intisar,Osman,F,1996-10-07,2022-12-15,prepaid,suspended,Gedaref,1431.99
a9f68e74-19ba-4879-9977-421750d8191d,09162676541,98281794779,Hala,Musa,F,1991-05-27,2020-01-11,prepaid,active,El Obeid,3823.57
465b52e5-0365-491d-839b-0562aacf581b,09126930326,45257330907,Yousif,Hamid,M,1983-02-20,2020-05-01,hybrid,active,El Obeid,432.71
641b3ac8-f300-439c-b8f1-a34dafb52ae7,09166751258,37990053669,Ibrahim,Idris,M,1978-09-27,2021-08-26,prepaid,active,Port Sudan,1085.5
1360e270-6d32-42e1-a0a2-c9f1f93b2a8e,09186283723,72259310337,Jamal,Issa,M,1964-10-09,2020-01-22,hybrid,active,Kassala,712.87
070f4ee9-45da-40ba-8fc7-5e45ecc265ee,09124333318,83845612578,Hassan,Bashir,M,1961-02-18,2022-04-16,postpaid,active,Omdurman,2962.21
696d643c-ab13-44d0-8637-37148d6dc2d9,09169680645,54421578379,Mariam,Fadl,F,1974-02-11,2023-09-13,postpaid,active,Port Sudan,3566.44
c7b8f9ba-be6b-445a-8cf0-97085d6eeaa8,09168859342,88390397997,Sara,Suleiman,F,1979-07-13,2021-10-18,prepaid,active,Khartoum,1190.11
1583ee71-1d74-45d4-84fc-d3269ad5efac,09165102506,66860673476,Intisar,Hamid,F,2002-04-04,2020-10-17,postpaid,suspended,Atbara,-3767.18
54c1670f-bb4c-4b9e-8b06-5a523dec019d,09180385242,76221559637,Somaya,Abdullah,F,1986-06-18,2021-10-01,hybrid,active,Nyala,1139.26
2de3f993-7e7d-4d1e-b222-9c2ac19a7eb7,09123895546,56531708730,Somaya,Salih,F,1964-10-21,2021-04-09,hybrid,suspended,Khartoum,3310.93
c2f3ea62-e3e2-4bf4-ae10-ecadae069d59,09186325673,22348749391,Sara,Yousif,F,1998-03-23,2023-05-01,prepaid,suspended,Atbara,619.21
52fc6a09-ec48-4ab8-846a-aef428af1f28,09166073264,47893785954,Abeer,Nour,F,1968-03-12,2024-02-13,postpaid,suspended,Gedaref,4080.45
3d01438b-8c5b-4cf0-b897-edc183ce8cb2,09164581045,73466944733,Mahdi,Hassan,M,1999-07-08,2024-09-02,prepaid,active,Gedaref,4459.3
4a1f770c-fece-4d6f-9a45-b52e5fc99c5c,09125665183,78477198883,Tariq,Mahjoub,M,1999-12-05,2022-04-29,prepaid,suspended,El Obeid,216.98
1314fece-5913-476e-9d90-f19590b28930,09180625023,08996469243,Somaya,Ibrahim,F,1986-10-01,2021-12-22,postpaid,active,Nyala,2974.32
00cd7c41-ba14-4b99-9094-92eaa29e04c2,09185603871,08803546946,Yousif,Hassan,M,1998-04-28,2020-01-03,postpaid,active,Khartoum,1059.69
73d84a65-0d47-4c34-917f-96378bfe9eb9,09169116122,15039655868,Nadia,Bashir,F,1966-04-17,2025-06-06,hybrid,churned,Khartoum,212.03
e199aecb-8c54-4859-8c48-b6ab34336a54,09183335286,60138550029,Osman,Nour,M,1990-05-22,2024-02-06,prepaid,suspended,Khartoum,529.64
84355287-a20f-48b0-a018-d45a4b5ff2c9,09165718158,06194999136,Khalid,Ali,M,1993-07-10,2020-04-22,postpaid,active,Atbara,474.44
b3857778-a547-46c7-a289-9d5877058c08,09187186717,08049293285,Kamal,Hamid,M,1961-07-19,2024-03-03,hybrid,active,Nyala,418.65
89c4a942-9ce3-4eca-99c7-89ffd161f5cb,09123495220,94003717758,Hassan,Hussein,M,1991-04-16,2023-04-12,prepaid,active,Kassala,2704.51
ebd0d022-eb58-492c-83fa-37a58bb8fd6f,09162030695,16571211860,Khalid,Ali,M,1965-09-10,2024-08-11,prepaid,suspended,Dongola,3649.32
50580935-c7d2-4cfb-b7f6-7e4a0d39a874,09123025598,79206231459,Nasr,Suleiman,M,1998-08-14,2024-09-20,hybrid,active,Sennar,3026.51
6727544d-961d-45f3-a282-453cce16eef6,09186196804,50521120360,Ahmed,Mahjoub,M,1970-12-26,2023-06-12,postpaid,suspended,Sennar,4449.78
a41bf1b9-7d75-48e3-9b88-ebb864cdd1b9,09128197140,83469544950,Nadia,Hamid,F,1996-03-28,2020-02-05,hybrid,active,Kadugli,3701.01
0d98e79b-ed4f-4a49-b5cb-92656b85370b,09187456698,39859074294,Omer,Hussein,M,1967-01-05,2022-08-05,prepaid,active,Dongola,80.38
0c810495-dc2c-4e1a-814c-eaa1f1ed829b,09125384766,91953016472,Widad,Hamid,F,1995-12-18,2021-01-18,postpaid,churned,Dongola,3561.0
47fb8ad3-3ab0-446e-a1b2-ed805d13c395,09126297611,66286603498,Intisar,Adam,F,1971-06-09,2022-04-19,postpaid,suspended,Atbara,4587.45
c7b368d9-b292-40d5-a732-d9a467c068cc,09126562774,02157231252,Nahla,Mohamed,F,1984-07-15,2021-07-11,prepaid,active,El Obeid,4139.02
63d1e688-f245-47bc-bbe3-eda62fac0145,09168949617,21505205353,Ahmed,Nour,M,1967-11-12,2021-08-08,hybrid,active,Kassala,1857.33
2c73158d-7c92-4b2e-b07a-251ec03362db,09124232210,91294431414,Somaya,Suleiman,F,1962-10-11,2024-07-30,postpaid,active,Kassala,3473.33
048f2d52-4ddb-418f-9388-861bc8048bcb,09188240211,68231379981,Abdelrahman,Fadl,M,1969-10-13,2020-02-18,prepaid,suspended,Atbara,1914.33
0c5d41c5-5d12-45ea-a171-34fe3090b65a,09168963558,77452634888,Omer,Issa,M,1972-11-21,2021-08-30,hybrid,suspended,El Fasher,4119.83
ef0dae4c-c68c-4aa2-807d-9ecfa72006b5,09125351178,82805034553,Samira,Ali,F,1976-09-30,2024-05-05,postpaid,active,Kassala,2206.9
6644e82a-bf39-49c7-a723-2a0e55a3afa9,09182887458,71207531368,Hala,Mohamed,F,1992-04-15,2025-02-20,prepaid,active,Gedaref,3750.33
d18e1c84-2ce9-4d7d-9805-f807a97eea8c,09164144301,06144529964,Omar,Mohamed,M,1991-08-17,2023-12-04,postpaid,active,Port Sudan,1067.67
0baa2165-3d68-4c8f-aa10-e6f17be29875,09185333497,29697010034,Mariam,Hassan,F,1980-04-19,2022-07-03,postpaid,active,El Fasher,1821.48
02ba2128-f9ef-43fd-8e8c-193c5e93e912,09181888178,60215992794,Abeer,Hamid,F,1979-07-02,2023-11-18,postpaid,churned,Port Sudan,2574.85
22bc844e-9318-4725-91d4-6c34e01482cc,09123122239,54807047314,Intisar,Mohamed,F,1979-08-03,2023-05-16,hybrid,active,El Fasher,2357.99
5d8bf51c-ed40-447c-816f-b696bc1216c9,09123666560,07622821282,Fatima,Bashir,F,1970-11-06,2024-12-10,prepaid,suspended,Wad Madani,2076.69
b512a9ce-f147-4817-9199-4519757e540f,09167264393,30459692066,Mahdi,Bakri,M,1995-08-16,2020-04-10,postpaid,active,Port Sudan,472.5
2d011d57-6c57-49d4-9ca4-72c13d44d850,09184981184,65124210637,Sara,Musa,F,1967-12-04,2024-01-12,hybrid,active,Wad Madani,3551.61
149d50d2-efbe-4211-8168-bbbdf70cc9c7,09121659558,59421937931,Nadia,Nour,F,1978-09-17,2023-06-28,prepaid,churned,Nyala,1682.27
851d2149-3491-44a9-b57f-3e0bc84379b6,09168777593,58613417491,Hala,Bashir,F,1991-01-17,2021-11-14,hybrid,active,Wad Madani,3261.79
619003df-78a7-4020-9eb6-bc7e91579158,09123399076,15001113915,Omer,Fadl,M,1987-08-17,2024-06-21,prepaid,active,Bahri,3746.92
392af3a5-9263-4d90-9d82-deb2ea44d0a0,09121499010,86164790499,Nahla,Suleiman,F,1968-01-13,2022-11-30,postpaid,active,Dongola,4610.69
c9c7f186-2988-4632-9496-ee91c6c75dc2,09167209610,23726432058,Widad,Osman,F,1994-09-18,2024-10-29,hybrid,active,Bahri,4479.03
43f8d547-f572-4e15-a94a-dc15ea2ab849,09167932770,11549177326,Mariam,Issa,F,1960-05-30,2024-12-26,postpaid,active,Nyala,2541.93
eb267f76-1e17-461a-bc14-1034c3ebd196,09185973586,79433644702,Huda,Mohamed,F,1994-05-01,2021-09-15,prepaid,active,Kadugli,2463.97
58a45db5-c7e7-4b6e-8383-ab06a471cd29,09165876694,94715534745,Somaya,Yousif,F,1963-03-28,2025-06-06,prepaid,active,Gedaref,1822.72
096d3f6d-21ff-44fc-b435-4cd1b5dcede9,09184896539,45037548078,Nasr,Adam,M,1960-08-26,2023-03-09,prepaid,active,Port Sudan,3646.99
196f4128-e2aa-4c9f-b53d-263e6cfe1928,09129136964,80407373041,Intisar,Ibrahim,F,1991-07-23,2020-01-05,hybrid,suspended,Port Sudan,883.39
f02c2998-6e3f-4542-bc67-06779d500f06,09120265838,79633467464,Fatima,Musa,F,1995-05-10,2023-09-03,hybrid,active,Port Sudan,4253.82
46b86012-4ea9-46b7-b8f5-b2e51a89d2fe,09187415920,94101027607,Sara,Mahjoub,F,1969-11-19,2025-01-26,postpaid,active,Kassala,4883.77
6c3a0ae1-ce8e-475a-b0b7-3ae707b72439,09187383306,14435754789,Nahla,Mahjoub,F,1978-11-15,2022-11-26,prepaid,churned,Ed Damazin,1719.69
d44da1a5-a3ad-435a-8337-7874bf944563,09127068756,70718129236,Omer,Mohamed,M,1968-07-05,2021-11-09,hybrid,active,Port Sudan,2459.92
bf73f0f9-7136-4368-b11e-e3086d513a3a,09127687058,07910651064,Mariam,Ibrahim,F,1963-08-30,2024-03-20,prepaid,churned,Wad Madani,1024.92
c6bf52d4-d8ba-456b-be7b-a8a5133ebd76,09184830348,57365404492,Widad,Nour,F,2002-12-28,2021-07-27,hybrid,active,Khartoum,945.71
9f587b29-dd13-4160-9bd9-f49694368774,09121678598,44408895930,Salah,Idris,M,1977-12-07,2021-08-01,hybrid,active,Dongola,4437.32
ba880dfd-92e8-4207-9170-ed012ce29644,09189015230,29996633092,Zainab,Hamid,F,1982-01-22,2023-01-17,postpaid,active,Khartoum,4892.36
c67d4677-cff6-46ea-a09c-f23f79c0744c,09122732012,95318500423,Babiker,Idris,M,1967-01-12,2024-07-09,prepaid,active,Gedaref,-334.53
daabdd0d-707a-476a-8dcb-70a9ba501fec,09120930548,47385779739,Abdalla,Nour,M,1973-06-28,2022-04-21,hybrid,active,Dongola,1637.09
004943e8-32b5-42fe-93d7-b7847c0cbc25,09182723826,42951852557,Babiker,Abdullah,M,1997-07-28,2024-06-28,hybrid,active,Omdurman,1682.72
f3254c78-c9c7-4537-8d5a-ddf14012443b,09181969544,87615048849,Ali,Mohamed,M,1970-04-30,2022-10-07,hybrid,active,Atbara,681.15
02ac8a14-8a72-4c5a-86d6-62e894ed0048,09125076955,59355881082,Samira,Mohamed,F,1973-09-07,2023-10-19,postpaid,suspended,Kassala,2235.14
2b9d005e-67c8-49f0-a9a0-358154fff3cf,09169254123,87249379790,Nahla,Idris,F,1961-07-11,2024-03-13,prepaid,active,Kadugli,1654.67
023de654-5ea0-46f3-ae67-73dcca69386f,09186741662,39567125593,Abeer,Salih,F,1990-10-26,2020-04-02,prepaid,suspended,Nyala,2233.76
93c19fb8-6405-4117-ba3f-490d88cd26cc,09122272765,31451341700,Salah,Salih,M,1990-05-30,2022-05-28,postpaid,active,Port Sudan,3951.53
ef07b8ce-ea02-4ee7-be21-3aee5d9ee55c,09121683357,66808950491,Mona,Hamid,F,1962-09-09,2024-04-10,postpaid,suspended,Khartoum,1468.52
0394cc30-7306-4be7-927c-b201d698db5f,09187852197,,Babiker,Musa,M,1963-03-27,2024-06-14,hybrid,churned,Ed Damazin,2588.27
cf7a6ff3-96eb-473b-9f6b-62d602632ad5,09165839111,53202640093,Khalid,Mohamed,M,1981-04-17,2021-11-05,hybrid,active,El Fasher,2937.18
f039fa74-844b-4fed-ad1d-4ed96d108124,09187821889,38447816766,Ali,Bakri,M,1982-04-16,2022-04-28,prepaid,active,Wad Madani,1162.93
9c236209-1509-4648-a95a-56b9c079a1a5,09126647426,44047832796,Yousif,Salih,M,1996-06-19,2022-01-14,postpaid,active,Dongola,1636.31
ebe25a60-dce6-4351-9a92-2e29be288f7a,09169924687,,Widad,Salih,F,1989-05-04,2022-10-23,postpaid,active,Dongola,720.86
6a704e55-25c8-47b7-9eb9-74eb9c920663,09128964966,68118229232,Salah,Mahjoub,M,1983-11-21,2023-04-07,hybrid,active,Bahri,4516.58
c60856a1-7797-4b26-9294-e9330c6637f7,09188406138,67485783045,Ali,Fadl,M,1989-05-31,2024-12-19,postpaid,active,Ed Damazin,4447.37
6ddf18a5-c488-4c91-bf67-f38d14b48375,09168680055,12676449436,Hala,Issa,F,1980-02-11,2021-05-29,postpaid,active,Nyala,536.85
e753568e-0c4c-4c88-8710-4de24b261859,09162004218,67471520351,Sara,Idris,F,1968-04-25,2024-11-11,hybrid,active,Dongola,108.51
aed50c41-6e4a-471f-830f-aa1facb43b58,09125850814,32298766327,Mariam,Osman,F,1964-04-09,2022-05-17,prepaid,active,Wad Madani,478.94
7bccec2a-3852-411d-a1a9-f8bf22a2ae87,09125229184,57496599052,Mahdi,Mohamed,M,2002-06-10,2020-02-28,hybrid,active,Atbara,3102.18
cfa18e20-5a0c-4b21-a548-92c851e0e002,09997147320,51306109221,Abdalla,Ibrahim,M,1996-01-06,2024-09-04,hybrid,active,El Obeid,4017.88
43c2a6bc-461a-4d0c-95da-34cead0ac87f,09164312666,56023361655,Nasr,Hussein,M,1961-12-27,2023-07-24,prepaid,active,El Obeid,1658.78
a553110c-227a-4cf7-b890-29026777523e,09183670275,10056870690,Zainab,Mohamed,F,1988-08-20,2023-12-07,prepaid,suspended,Bahri,416.15
df4b42fc-c628-46e2-9279-1fa4582d090c,09122353933,05484951657,Widad,Suleiman,F,1965-01-11,2023-10-06,hybrid,active,Bahri,4303.43
cab43fe2-136c-4fce-b327-31f5e5480188,09162646855,19020411548,Mohammed,Hussein,M,1962-12-10,2022-09-08,prepaid,active,Port Sudan,951.81
2f0544b8-9fde-4320-b454-b5a159301d7b,09163305754,37009841643,Amal,Osman,F,2000-06-12,2023-10-26,prepaid,active,Bahri,479.46
a1ac3670-a910-4608-a348-7cf4380a6c94,09122592833,97178568176,Widad,Mohamed,F,1999-11-15,2023-03-11,prepaid,active,Omdurman,2467.9
0045d759-c4b1-43a4-8bbf-55519b5e19e3,09125591698,33179364708,Ahmed,Abdullah,M,1983-02-13,2022-07-20,prepaid,active,Sennar,3586.88
506e7cec-27e1-40ba-a0f1-d2e841a30c04,09183570765,09462078562,Zainab,Musa,F,1976-05-09,2023-10-30,prepaid,active,Kadugli,800.58
0c3a7c36-284b-4ac6-86e6-de203377c18e,09128680109,36091949081,Salah,Abdullah,M,2001-12-05,2020-06-01,prepaid,suspended,Bahri,-1666.81
0c6b0804-681b-452d-92c4-1caf7c40250c,09167701497,26821195696,Sawsan,Bashir,F,1987-06-12,2023-09-10,prepaid,churned,El Fasher,1011.4
accba887-6f4b-459c-b629-98309a394686,09181922051,35639748925,Hala,Mahjoub,F,1964-01-10,2020-05-31,postpaid,active,Nyala,2334.88
6308aa48-6d4a-4946-9dfb-397241ef8b7d,09168182177,48747793599,Nahla,Ibrahim,F,1989-11-18,2024-09-04,postpaid,active,Port Sudan,1864.22
19a51975-8fd3-4bfb-aa31-c621e828ecdc,09162019306,46912671919,Mariam,Ali,F,1997-09-13,2024-12-23,hybrid,active,El Obeid,1194.88
5dc5ce0a-d862-4ecd-aabd-66cbc551d611,09168305682,87533552620,Ali,Bakri,M,1972-03-06,2026-04-01,hybrid,active,Wad Madani,4780.52
7855559a-cf6c-4873-9430-bbbbad253543,09126993451,73922293177,Yousif,Bakri,M,1998-09-17,2022-11-08,prepaid,suspended,Atbara,3255.11
bb2f3921-a2a8-4f59-ac97-547170937731,09165777917,43124345353,Mona,Mohamed,F,1966-11-11,2020-08-01,hybrid,active,El Obeid,158.29
522aa99b-027b-4326-88cc-acb1eaadd8af,09184803695,75629433916,Rania,Mohamed,F,1993-11-15,2023-12-02,prepaid,suspended,Wad Madani,1577.12
ac5a87f6-2eff-49ed-a17b-198ace325486,09184410104,,Amal,Mahjoub,F,1970-04-17,2020-01-05,prepaid,suspended,Gedaref,355.02
e2a37ae9-c083-4eae-969b-fc9ee7549f08,09181329357,53848111570,Somaya,Suleiman,F,1976-12-03,2022-07-19,postpaid,active,Khartoum,3215.13
93bd333e-1664-40d1-9b2f-365ecaef8f2c,09162455462,02135469223,Samira,Ali,F,1985-07-10,2020-01-13,postpaid,suspended,Omdurman,3753.75
0d29a34d-7bbd-417f-b381-f0eca8175b27,09166095470,06039810795,Amal,Idris,F,1969-09-20,2023-04-30,prepaid,active,Omdurman,1298.79
e30ee63c-0eaf-4212-bdeb-37d0571d0843,09122417561,68095641854,Yousif,Adam,M,1970-12-06,2021-08-18,prepaid,active,Nyala,1960.33
a9c07713-6739-49fe-8e94-e84cd08c03d3,09169156581,79157829052,Ibrahim,Nour,M,1987-04-11,2025-01-15,prepaid,active,Kadugli,2924.48
66c15d9e-5edb-4943-905a-1a2a1f8bab2e,09189948141,40138569939,Abdalla,Ali,M,1970-11-08,2022-06-02,prepaid,active,Bahri,28.61
9f692a90-2c01-4864-a8bf-4b8db4f2d6f4,09164020984,46988866594,Ahmed,Hassan,M,1966-08-25,2024-08-12,prepaid,active,Gedaref,2999.29
673c795b-baba-4938-977a-0843fd82a216,09181644915,32180113085,Widad,Musa,F,1972-04-29,2021-11-07,prepaid,active,Kadugli,4389.11
f92f30ae-1239-410e-a56f-2066afef2792,09184022462,67132025342,Abdalla,Ali,M,1981-09-08,2024-07-26,postpaid,active,Khartoum,4067.71
d70e6c24-df1d-41cc-86bb-c2bc694434d2,09183987667,40877210752,Abdalla,Hussein,M,1986-03-16,2020-06-09,prepaid,active,Port Sudan,3494.79
d62cc281-e436-4d1b-8412-6900200376a3,09189724725,42654168939,Huda,Adam,F,1975-12-16,2024-02-17,postpaid,suspended,Gedaref,3547.89
c60e1a1b-0195-40ba-bdc6-3bd6e1a1b591,09181828936,32786807042,Rania,Osman,F,1980-11-01,2022-12-30,postpaid,suspended,Port Sudan,395.37
f38b109a-57df-4651-a0f5-58628396e341,09121699213,53470507077,Intisar,Osman,F,1993-08-21,2020-01-20,hybrid,active,Ed Damazin,3871.63
20ed0525-6a06-4bcc-bdb6-be8438e1661d,09186357686,62138059519,Intisar,Suleiman,F,1983-01-28,2024-09-12,postpaid,active,Kassala,3741.26
4a1588f5-1395-4360-9861-e5cd0e3ac461,09161330591,54196351109,Intisar,Musa,F,1996-11-05,2024-03-26,postpaid,active,Dongola,1151.96
19c44b4e-42da-4339-b3a0-efbe3b3aef78,09169050417,37223426787,Amal,Yousif,F,1963-07-19,2021-09-09,hybrid,active,Dongola,4127.68
f13df055-7eab-4853-9365-80e1e5371922,09189935475,21127596373,Abdelrahman,Abdullah,M,1966-04-23,2020-09-29,postpaid,active,Port Sudan,1193.03
edf2a0e1-6ce1-44a5-937f-6bdad519afc8,09162306594,00381803648,Jamal,Nour,M,1993-05-24,2020-10-14,hybrid,active,Khartoum,644.95
99cdc5c8-2c73-4297-8063-7bf79a5e6711,09128170284,61687873214,Huda,Idris,F,2002-11-27,2020-02-03,prepaid,active,Khartoum,1400.52
d39ad459-bb9e-459c-8190-d36f469a9db5,09183442106,51004601041,Nadia,Ibrahim,F,1977-11-16,2021-01-13,prepaid,active,El Obeid,4800.21
916b1920-8264-4355-9b11-4f9beee2b7f6,09187223956,72176189898,Zainab,Mohamed,F,2004-07-27,2024-09-16,postpaid,active,El Fasher,3677.75
f153e820-6821-4fd4-a308-e8d03858851e,09167123981,89397204873,Hassan,Nour,M,1963-06-26,2022-05-04,postpaid,active,Kassala,1595.43
9e0e9c47-2f8f-4f3c-8d04-3466379a963d,09187341880,79640315758,Sawsan,Abdullah,F,1989-09-26,2025-04-09,prepaid,churned,Omdurman,3836.16
ffe28ba6-d066-4f8e-abed-a2441674cdc0,09182054493,39271954063,Amal,Yousif,F,1988-03-03,2023-07-30,postpaid,active,Khartoum,3694.41
e8f15ff8-2d52-4a0d-a0e5-621fde955ec7,09168420555,53544078967,Babiker,Ibrahim,M,2001-12-25,2024-04-12,hybrid,active,Gedaref,2939.09
74d633e1-28a3-4044-95d0-ba489feadbfb,09180720409,47112461757,Omar,Mohamed,M,1961-05-26,2022-05-18,prepaid,churned,Khartoum,4762.82
51c49c3c-2a5d-4722-b16c-cbb853dcc6fb,09128644262,44704986711,Dina,Fadl,F,1961-05-28,2020-12-30,hybrid,active,Gedaref,68.9
c9920c7d-c7df-4f86-95c9-1df12f559113,09184430732,46689974903,Widad,Mohamed,F,1965-02-12,2022-03-21,prepaid,active,Omdurman,4014.0
9719526a-65a6-4def-a5c5-59c1b0b49476,09182470481,13018643231,Mustafa,Yousif,M,1983-09-17,2023-01-15,hybrid,active,El Obeid,484.49
b351bd59-ce61-4ff7-9592-e84407542e1d,09181700343,74325674053,Abdelrahman,Issa,M,1994-01-31,2021-03-04,postpaid,active,Dongola,3358.77
f55a2a48-8805-4c09-9114-9fd08ab7e034,09121190206,07136930052,Osman,Idris,M,1975-11-02,2020-08-22,hybrid,active,Bahri,3233.64
be2d09d0-ecbc-4848-8633-261adc82dba7,09128425611,61599944261,Amal,Issa,F,1984-09-09,2022-10-20,postpaid,active,Gedaref,3869.9
f3762a12-9b14-41d6-9833-e480ddab36b1,09129508149,94023235859,Salah,Nour,M,1980-08-19,2022-12-16,hybrid,active,Port Sudan,4745.03
20af0183-c3df-43a1-921b-60e1016dbd64,09180507507,81973544252,Rania,Nour,F,1985-03-01,2024-01-10,postpaid,active,Kassala,1426.37
5ecd6d73-936c-4442-a969-655eec179664,09120464006,06988264862,Nadia,Mahjoub,F,2001-01-15,2023-02-05,postpaid,suspended,El Fasher,2313.19
673e21bc-1602-4dcb-83a3-9b259c3529a3,09129121040,72545396016,Samira,Yousif,F,1965-06-03,2024-11-16,hybrid,suspended,Kadugli,1112.76
c898a895-27de-4e28-bc50-4768a3517461,09169262517,43160325039,Widad,Adam,F,1986-08-28,2022-02-04,hybrid,active,Wad Madani,4672.11
f0d505d2-6085-4a16-ae31-f5385f270df5,09189523617,94964549595,Zainab,Bashir,F,2000-12-11,2024-04-24,prepaid,active,Sennar,965.23
38746324-8db3-4575-998a-27b53645bc9f,09181832240,23936276176,Zainab,Bashir,F,1984-04-11,2020-04-04,hybrid,active,Khartoum,1390.82
9883f703-b27b-417b-9d5a-a44e1126ca96,09122863811,05022892074,Mona,Hassan,F,1990-05-15,2024-12-30,postpaid,active,Ed Damazin,2629.44
b594d547-a473-4599-bf68-ec6f7e42c27a,09167423935,43373278396,Abdelrahman,Hamid,M,1976-10-14,2020-09-04,postpaid,active,Khartoum,689.77
90aaad0d-e501-453d-b575-da1529b56395,09990950793,37155731052,Rania,Abdullah,F,1960-05-20,2024-10-06,hybrid,active,Omdurman,2780.57
bf5fb374-bbec-44e6-962d-8f90182702f5,09122973414,85027590826,Widad,Osman,F,1961-08-30,2020-01-01,hybrid,active,Bahri,864.11
ac4e7c9d-bdd4-46a3-9dea-9d3fa26130e4,09128945239,59602331599,Huda,Ali,F,2001-09-04,2022-12-25,prepaid,active,El Fasher,3947.8
cc0959d8-a2d7-43a9-8de0-7c544afa997c,09188806094,17502413007,Hassan,Adam,M,1997-12-19,2026-01-20,hybrid,active,Sennar,3906.85
fa656c4d-38a0-4dfe-9866-2e877b66d79e,09169145049,72366946272,Fatima,Mahjoub,F,1998-07-05,2022-11-19,prepaid,active,Omdurman,1440.16
7726c637-70e9-4a2f-b3fb-7d414e214aed,09188450462,17643493941,Abdalla,Osman,M,1998-03-12,2023-03-19,postpaid,active,Khartoum,2208.1
13fbca02-c4cd-4dd2-bc9c-1c2c57e0416d,09185857491,10667264187,Intisar,Nour,F,1981-03-09,2024-12-04,postpaid,active,Ed Damazin,1585.16
c7e37a00-b78a-471a-8b61-7ceb683ff31f,09169316459,82437804704,Khalid,Ali,M,1963-07-11,2024-02-07,hybrid,active,Nyala,1722.8
5a1c38d9-1482-4aef-8d5e-8aed50219ae1,09182692032,73571256721,Mona,Yousif,F,1973-11-04,2022-02-13,prepaid,active,Gedaref,1707.07
c2d17154-c28b-48b3-8879-41a2eeb77b49,09163242566,00980578369,Intisar,Hassan,F,1964-02-22,2021-09-30,prepaid,active,Ed Damazin,1343.34
d02a9c34-4767-44d0-be69-bda2a016ea3d,09183298568,49977070600,Salah,Musa,M,2004-09-28,2022-04-26,postpaid,active,Kassala,3935.9
ce20de74-fe48-4ca3-ba56-6ea8755d3242,09169174436,87163876215,Amira,Mohamed,F,2002-11-19,2024-03-01,postpaid,suspended,Sennar,1625.17
9983918d-dcb6-482c-bb30-f4411efaab61,09182487414,27853141988,Dina,Hassan,F,2002-03-06,2021-06-21,postpaid,active,Kassala,3430.25
0cb690fd-3c99-46b2-94be-5aa296014fab,09183998215,90071320448,Ibrahim,Ibrahim,M,1983-03-13,2022-12-26,postpaid,active,Gedaref,2414.89
3a242229-cedb-4fbc-94dc-6a7c4345514f,09186604568,93911645767,Mariam,Bashir,F,2000-05-19,2023-05-26,postpaid,suspended,Sennar,2165.12
44a8a894-afed-4dc4-ba0c-d33e5a3fcc40,09128520852,96455217504,Nahla,Yousif,F,2004-06-01,2024-07-02,prepaid,active,Wad Madani,2438.25
a57cff32-94d3-4a27-b840-24253a61262f,09122061850,69298738640,Samira,Idris,F,1965-07-14,2023-03-26,postpaid,active,Nyala,4304.2
5153583e-35ad-4931-b46d-71cf14e37ed6,09124303183,93301118406,Ali,Ali,M,1991-09-23,2022-02-20,hybrid,active,El Obeid,2615.35
d3ccc2bd-4985-4eb1-8456-344b4e6cc724,09129615143,69745783517,Abdalla,Issa,M,1977-12-01,2024-04-07,postpaid,active,Omdurman,3283.65
c53e2c3c-a776-4937-bd6c-db95b9a126cb,09163389586,41782560199,Dina,Suleiman,F,1969-12-11,2023-09-04,prepaid,active,Nyala,4671.36
b95a8f6e-bace-4d4c-8ad1-756f9d11000a,09183684268,51797367990,Dina,Ali,F,1968-02-12,2020-01-13,prepaid,active,Ed Damazin,4083.72
0097b40d-d616-4aa3-941f-903afd6bb668,09189520387,21215190456,Nasr,Mohamed,M,1975-05-22,2022-08-04,hybrid,active,Sennar,914.36
1629a15f-1fe0-4380-8a74-dc3498646a39,09163393508,,Leila,Hamid,F,1961-04-19,2021-12-31,prepaid,active,El Obeid,1566.85
581e6dd1-7216-4a41-b29e-a23bbd7fe773,09120248435,07450933280,Huda,Idris,F,2001-10-09,2020-03-16,prepaid,active,Khartoum,1511.4
a0a47dc3-5ef9-4a8a-9921-43c868ab910c,09127718235,32773765547,Ahmed,Suleiman,M,1995-09-10,2020-07-20,postpaid,active,El Obeid,2379.08
938e4552-c653-48ba-a2a9-03aeaaafeaaf,09124712666,15393929427,Samira,Bakri,F,1964-07-29,2021-03-07,prepaid,active,Ed Damazin,3208.34
f83322c0-9cce-43c9-81d2-f1f2e8520578,09180627989,58247733912,Amal,Osman,F,1963-11-23,2021-11-17,postpaid,churned,Sennar,3002.57
9714f927-7841-4229-9427-9a6130076185,09129557142,11622065910,Mona,Suleiman,F,1960-05-06,2022-05-07,postpaid,active,Kassala,4382.76
ce688ae0-d25a-49dc-9c3c-bbba33469104,09129691422,00722768352,Nadia,Ibrahim,F,2001-06-06,2024-04-29,prepaid,suspended,Wad Madani,4512.3
87107e9e-5ea3-4325-860a-034c363c5bdd,09129338530,00900632586,Nahla,Hassan,F,2002-09-09,2023-10-17,postpaid,active,El Obeid,2757.64
0a8392b9-7cc9-424b-9a7b-d2fe925c6f4f,09160344633,24656841546,Jamal,Salih,M,1978-01-02,2022-10-31,prepaid,active,El Fasher,1020.06
a9c3b213-7065-4aa5-b20b-a63370b799c4,09127696595,96560033752,Tariq,Issa,M,1976-05-10,2024-11-03,postpaid,active,Wad Madani,1281.44
4a29d651-65de-47d9-acf6-a105f040a80e,09122514557,95372376604,Kamal,Ali,M,1966-04-15,2022-06-03,prepaid,churned,Kassala,1070.02
6725f6dd-85e3-4236-b0ea-d4acdfcae0a1,09123722982,10935243922,Amira,Bakri,F,1993-02-16,2020-04-12,prepaid,active,Dongola,3335.24
3d4ddc33-9cf5-47c3-bfd8-6b38d3e8c550,09160769539,08783476790,Zainab,Bakri,F,1964-07-06,2023-09-23,hybrid,active,Kassala,1996.19
75a80dd4-d297-4255-b693-e71a64e7ee16,09188360943,86825085592,Somaya,Salih,F,1989-12-24,2025-05-21,postpaid,active,El Fasher,3963.78
a14b0e60-4721-4cc4-a8c4-f7b5cf09a4d1,09167273468,92704723344,Hassan,Hussein,M,1998-08-13,2023-07-17,postpaid,active,El Obeid,500.65
445a6bb7-6dcc-4c1e-81fb-198742e24469,09126862886,88792449403,Huda,Bakri,F,1992-04-25,2020-09-16,hybrid,churned,Atbara,3536.38
147100ff-428d-4ecc-bd54-0f5decdf69dc,09160883318,38016934769,Ali,Salih,M,1966-02-10,2021-02-24,hybrid,suspended,Ed Damazin,1017.46
98b7eca8-75cb-4e0d-b2b6-c994ea406a8f,09121220163,18520023915,Nasr,Bakri,M,1973-08-17,2021-11-02,prepaid,churned,Port Sudan,4068.44
b87b8990-291e-4bd6-810d-f329c878577e,09129821270,23189672012,Khalid,Salih,M,1991-03-11,2025-02-20,prepaid,suspended,Port Sudan,488.42
add983a1-946a-4284-ac1d-1344b83d2310,09180001917,65324483438,Leila,Yousif,F,2003-02-24,2020-12-19,postpaid,churned,El Obeid,1423.39
22111acc-23a9-4b01-816a-ee956f4c2a7c,09127087027,28204009380,Somaya,Hassan,F,1978-02-17,2022-05-29,hybrid,active,Dongola,570.16
6b06fea3-f510-4eb0-af06-fe6c85ebd01f,09180059324,18325276252,Omar,Yousif,M,1963-11-07,2021-05-24,prepaid,active,Omdurman,2183.26
b67ba8db-e7c2-4360-bcbe-0c14c3e94fc8,09183267011,67811678629,Rania,Nour,F,1960-08-19,2021-07-11,postpaid,active,Port Sudan,2536.01
76bd3bd9-551a-4441-98a2-e6c41d822b7e,09120220994,17530405319,Omer,Bashir,M,1985-03-18,2020-08-18,prepaid,active,Khartoum,2236.79
60400431-69f9-408b-b76c-c1f94aa365e0,09185284677,03784679700,Tariq,Idris,M,1980-05-20,2020-03-14,hybrid,active,Kassala,3299.4
68c1c906-cef8-40bc-8f78-4c0f18425b12,09165017272,79732829018,Sawsan,Osman,F,1981-03-12,2021-02-09,prepaid,active,Omdurman,3757.03
bc2fbbf0-f07f-4320-97c3-6685e0dc114b,09163680199,05024065117,Mustafa,Adam,M,1984-07-04,2024-01-14,prepaid,active,El Fasher,-3642.69
aa0c33a9-a119-4ee5-a0c1-8c58523e31d3,09188631240,79044813881,Intisar,Hamid,F,1965-08-08,2021-01-21,prepaid,churned,Kadugli,1371.87
a7920f09-0a16-4112-876a-bab08945dc4e,09167619524,96017092176,Nahla,Yousif,F,1987-06-28,2022-10-25,prepaid,churned,El Fasher,4350.01
169fd998-58b8-4252-a086-bbdb9aff6fd2,09183804534,78277253209,Ibrahim,Hussein,M,1991-09-12,2025-05-30,hybrid,active,Bahri,2660.58
18f88c9f-746d-49e5-a442-bf2d0056d046,09188727299,33570240939,Amal,Issa,F,1995-12-19,2023-08-09,prepaid,active,Gedaref,2642.54
59c96b46-cac8-4984-97ce-2342fb3cb4ab,09162739835,65239188676,Abeer,Salih,F,1974-11-23,2021-04-28,postpaid,active,Kadugli,1128.74
eab24651-d4ec-45cd-b577-aae5ad519c17,09182016633,40142156345,Fatima,Yousif,F,1975-11-19,2023-07-15,prepaid,active,Gedaref,4343.71
d690b0df-71cc-4699-a65b-b4210404a612,09167044455,14344211175,Hassan,Ibrahim,M,1983-10-15,2024-11-24,postpaid,active,Atbara,1662.25
74906a39-2a52-457c-8eeb-0c3ac3ef6799,09184246381,51291164792,Khalid,Bakri,M,1982-07-30,2023-04-18,postpaid,active,Atbara,4392.21
47354e98-27c0-40a5-8b34-edd1782b23f3,09183539987,59153007514,Mustafa,Bashir,M,1993-01-24,2020-08-21,hybrid,active,Kassala,2400.54
cc829b80-a8ef-4ca6-a582-4bbf0faa62c3,09168245310,81246437862,Mohammed,Musa,M,1987-09-06,2021-09-30,hybrid,active,Kadugli,3178.45
0dfc1169-0f01-4c0f-a7e9-60145cd3df5f,09169610696,37491218790,Fatima,Hamid,F,1994-08-10,2022-11-16,prepaid,active,Kadugli,3863.72
99847783-03e7-4bcb-bd42-3532fc4f3650,09121250231,60040272898,Intisar,Adam,F,1997-04-15,2024-05-07,prepaid,active,Omdurman,4627.52
bb00076c-0f15-4060-bd48-6b6aa1ee6212,09189842507,96699784200,Huda,Idris,F,1966-01-19,2022-06-07,prepaid,active,Kassala,-4930.81
8ffebc96-42b1-4826-b953-e18a0ba32575,09188615952,85994757637,Rania,Osman,F,1975-04-16,2025-01-16,prepaid,active,El Obeid,2494.56
0b767431-1155-43c0-914c-3caf5a641844,09160741059,39481504390,Salah,Bashir,M,1981-03-16,2022-11-25,postpaid,active,Kadugli,666.84
428e79c0-c66f-4316-8277-56076219715d,09160963547,60751210184,Somaya,Yousif,F,1971-08-15,2023-04-24,prepaid,active,Nyala,1554.01
79258a8d-ab8a-4545-9738-83824fc16793,09124594085,93565352437,Tariq,Adam,M,2000-08-27,2025-01-09,postpaid,active,El Fasher,3613.68
baf84776-0d6d-4334-8581-fa423fd6732b,09127485251,22584679017,Leila,Bashir,F,1989-02-14,2021-06-11,prepaid,suspended,Atbara,3757.57
62e7ec4d-cffa-4683-8366-4e095b93a59c,09162396749,99020385407,Intisar,Hamid,F,1960-01-31,2020-07-01,hybrid,active,Omdurman,1712.44
e4e6cf4e-d0ad-4176-8898-e41d43dcf9e0,09169575385,13976352946,Abdalla,Hussein,M,1966-04-23,2022-08-28,prepaid,active,Sennar,837.89
97b08307-fa67-4981-8b19-d974b65ef37c,09163346118,97873728265,Zainab,Adam,F,1976-12-01,2021-11-09,hybrid,active,Kassala,512.05
ae6a425f-271e-4228-88f2-0ffb154b9d0b,09160333085,44184366020,Mahdi,Abdullah,M,1977-11-14,2020-09-27,prepaid,active,Wad Madani,2701.44
3016c604-cf79-454c-bd07-9b7aeb433a1c,09126767777,36576455459,Mohammed,Mahjoub,M,1965-03-21,2021-10-08,postpaid,suspended,Wad Madani,554.13
c1270126-0abc-4016-b598-a7b49111bc18,09181102693,95533089233,Sara,Issa,F,1976-12-01,2020-09-12,prepaid,active,Sennar,4916.99
45ef116c-140d-4d87-9298-a90febfbe4db,09160264062,60674151448,Leila,Adam,F,2002-11-03,2023-09-19,prepaid,active,Ed Damazin,4522.35
6357b522-426c-4a36-8094-27f66e6bae4a,09184279730,29406957252,Abeer,Osman,F,1963-01-05,2021-05-04,prepaid,active,Gedaref,4788.92
4ee65303-56bc-42c0-be84-51be49119b95,09122582848,89199495165,Abdelrahman,Bashir,M,1966-01-11,2024-12-19,postpaid,active,Kadugli,1967.92
802fc32c-15ec-4838-a220-1ef37d57ec51,09162390041,52428678554,Dina,Idris,F,2004-04-16,2020-01-30,prepaid,active,El Fasher,3810.46
e71b7bd9-bd82-4e88-bc96-70a12ad0872c,09184670936,72502800417,Amira,Hassan,F,2003-05-20,2020-04-10,hybrid,active,Kassala,3505.27
2ecb44dc-e259-40b8-af77-1a54e2bd1e22,09123407992,16457527542,Omar,Hamid,M,1978-01-19,2021-01-24,hybrid,suspended,El Fasher,3436.33
cc70cfd3-081c-468c-9ceb-7a1ca8a369c4,09166881557,15566166894,Babiker,Mohamed,M,1963-11-14,2024-10-23,prepaid,active,Sennar,1194.92
83bbe9d9-b216-4c10-a3d0-dbba17c3750e,09165161133,95632245182,Osman,Mahjoub,M,1993-06-24,2023-05-11,hybrid,active,Atbara,643.3
887cb8b8-35ef-4503-88e4-68e1402cbf30,09184869784,87989631963,Intisar,Bashir,F,1965-03-30,2022-12-15,prepaid,active,Khartoum,1299.35
902ef8cb-c3a7-4c0c-9dd3-cd9fb01a8a17,09181642301,27469017631,Yousif,Issa,M,1968-02-12,2024-11-08,hybrid,suspended,Port Sudan,2333.45
b742dab4-fdf3-4de6-93ef-0e1a8fe01a1e,09185360622,30635673577,Tariq,Issa,M,1993-07-11,2023-05-01,hybrid,active,Bahri,3831.76
226bdb12-59d6-4e25-aa52-5942273d41f1,09120327303,24827463523,Ahmed,Salih,M,1990-08-22,2023-07-07,prepaid,active,Wad Madani,3452.51
2ea55373-22e1-4d3e-8690-2027f61fe8a6,09186958621,85311128177,Jamal,Adam,M,1962-09-10,2021-10-11,hybrid,active,Nyala,1966.22
50b4b98e-149d-4cd7-adad-dea0fdd623f0,09181326598,45033790294,Nahla,Ali,F,1962-10-08,2021-11-29,postpaid,active,El Obeid,3164.71
63693408-cc76-4126-8bfa-55c53d739317,09184527567,19503056878,Hassan,Hussein,M,1965-07-11,2023-11-17,prepaid,active,Kadugli,3864.34
6bdb5485-3ccf-437f-9910-45bda42a762d,09189185298,38820151497,Somaya,Salih,F,1999-08-18,2024-03-23,postpaid,active,Omdurman,1230.46
859dc43d-a2f3-45c2-8e13-80f6b63757c7,09165282261,95490294849,Mona,Bashir,F,1986-08-07,2021-08-12,hybrid,suspended,Kadugli,1280.13
db7fe761-ead9-44e1-bd57-2a866ee401c5,09161388655,00915956783,Nahla,Hamid,F,1972-09-15,2021-10-09,hybrid,active,Sennar,3921.52
68b982c9-3226-44ed-894d-e3d4a081da52,09129412706,61853608780,Salah,Adam,M,1999-04-29,2021-02-25,prepaid,active,Khartoum,4511.91
1ec4a73a-611b-42b2-ab31-00937e88fdf6,09121209966,76372037344,Jamal,Bakri,M,1980-01-29,2023-03-12,postpaid,active,Khartoum,2300.0
04c051b8-fa4a-4632-9393-4932e695080f,09185743967,70546739316,Babiker,Yousif,M,1982-07-17,2025-01-28,prepaid,active,Sennar,4972.84
75006549-9c8d-46c5-b91d-f748457c06ad,09163058868,10253129266,Abeer,Bakri,F,1971-06-19,2022-09-09,postpaid,churned,Gedaref,2541.96
cf08b607-50fc-4a6e-b2dc-e6e8daeede70,09994743693,59700019007,Kamal,Musa,M,1978-10-22,2024-05-31,hybrid,churned,Kassala,1962.44
c5a9baaf-7e28-43dd-bc01-5a9ae4d0af22,09161319859,67183213054,Jamal,Suleiman,M,1971-04-16,2024-08-09,hybrid,active,Gedaref,3548.63
edf70b0b-edd6-48be-8f00-7b1f3e8be512,09180359409,42941259799,Omar,Abdullah,M,1963-04-06,2021-12-10,prepaid,active,Wad Madani,3548.55
1c4248b5-7fba-4c1a-9eb4-a3b60390f787,09126289513,40399783874,Hala,Hamid,F,1986-01-13,2021-08-27,prepaid,active,Wad Madani,982.76
95ac04af-90f4-4d7b-a45f-25362a889ddd,09180266382,07154818513,Nasr,Bashir,M,1980-01-11,2020-11-23,prepaid,suspended,Wad Madani,2074.81
80a4bbd1-c266-4a38-932f-53b36b1ec914,09161928892,03028757405,Hala,Bashir,F,1976-08-29,2022-01-10,hybrid,suspended,Port Sudan,2088.23
bc5e2b3f-c903-4c8f-8db1-e442144e53b0,09129249726,55713649674,Sawsan,Fadl,F,1992-08-10,2020-10-21,hybrid,active,El Obeid,1144.4
600ba4d4-45e0-466d-b719-63f1dbeb2677,09184488252,69901851115,Babiker,Bashir,M,1998-10-29,2024-01-19,prepaid,suspended,Wad Madani,4323.01
34235a85-e988-48a4-96c8-f3fb43f65636,09186705068,09838319346,Dina,Salih,F,1989-01-12,2020-07-07,prepaid,suspended,El Obeid,-4741.95
b8ee9613-db8b-4baf-a902-70ee21dcf8fd,09123389234,95245705155,Mona,Yousif,F,2002-03-18,2024-07-06,hybrid,active,Port Sudan,2677.07
55045fb7-e475-41ef-b4f9-f0680d87fac9,09182716186,28697476237,Yousif,Idris,M,1962-03-16,2021-10-11,hybrid,active,Dongola,-2199.23
160e9131-b5ec-479a-a9b2-a911845cf08f,09129319229,41232806253,Omer,Nour,M,1982-06-29,2020-10-21,hybrid,active,El Obeid,1840.28
c6867a4b-1432-45b0-9597-05b39b31186c,09183140035,,Osman,Bakri,M,1987-02-28,2025-03-17,prepaid,active,El Fasher,2897.86
9e480b0e-7478-4e1d-bb75-08fe96ac4c91,09168962132,50862868564,Widad,Hassan,F,1978-11-13,2022-07-15,postpaid,active,Dongola,3400.42
43814efe-3967-4736-9a75-ad4613f5fc70,09182587289,46736316330,Hassan,Adam,M,1986-05-01,2023-04-18,prepaid,active,Bahri,3721.1
e9e47c0c-8519-48c7-8646-220e8d9e44dd,09123649084,74911634303,Tariq,Adam,M,1968-07-10,2020-07-08,hybrid,churned,Omdurman,1940.95
ad042ee3-377c-46c1-a49c-271dfe874256,09128455414,08579622951,Dina,Ali,F,1969-05-03,2025-05-23,prepaid,active,Wad Madani,2134.95
21d0e300-f9b7-47e7-927a-24151e151872,09126046901,,Amira,Mohamed,F,1984-11-21,2020-08-13,prepaid,active,Dongola,2458.03
a45bbad8-24b2-4f0f-86d9-b0190684d909,09126502423,89354407110,Amal,Hussein,F,2001-08-19,2021-06-16,hybrid,active,Khartoum,844.65
7a820737-7c6c-4650-b469-8626d713b750,09166714853,33171479554,Babiker,Adam,M,1965-12-02,2021-06-14,hybrid,churned,Kadugli,2762.02
fa50593c-565a-4e8e-9a55-d45df1bc7b3e,09128815208,95217680126,Yousif,Adam,M,1998-08-02,2021-05-31,postpaid,churned,Kadugli,1638.05
ddcac361-d2fe-46e6-aaff-37b640d86d9f,09997654399,32502749623,Ibrahim,Idris,M,1980-08-31,2024-04-20,postpaid,active,Gedaref,4562.96
04c03856-1ea6-47f2-91d1-b54ec7fa1598,09188033086,41486329085,Jamal,Issa,M,1961-10-28,2022-10-30,prepaid,suspended,Kassala,4686.77
4af59b98-1561-4a21-ab0f-9b8ca74cb95a,09180518237,72109074447,Mariam,Musa,F,1980-10-07,2024-10-30,prepaid,active,El Fasher,624.37
73eb2206-3579-4e9b-b449-378d7216bd02,09184568848,65737449666,Ahmed,Ibrahim,M,1960-06-09,2023-10-06,prepaid,active,Nyala,3648.06
554c61ed-a81b-46f2-aab5-08177459fe70,09120818036,89382528940,Nadia,Hassan,F,1987-06-19,2021-11-01,hybrid,active,El Obeid,584.83
ab6ff100-7c55-4b5a-87cc-3bde4443e8d2,09167526684,80316367817,Somaya,Musa,F,1988-04-08,2025-12-01,postpaid,suspended,Wad Madani,335.28
d064b5bc-b4fd-48fd-a9a9-42884baf2d8e,09183930395,39526088532,Rania,Suleiman,F,2001-12-26,2022-01-05,postpaid,active,Khartoum,464.96
5b01ba56-4f1c-464b-b3bb-70a7c3e2f516,09164737704,99096781945,Samira,Bashir,F,1994-12-06,2022-11-11,hybrid,active,El Fasher,1165.07
70b66ce1-4297-4cb8-9f0e-d74e9702941d,09125736891,08041756943,Hassan,Idris,M,1962-11-04,2024-01-12,hybrid,churned,Gedaref,520.37
028ab570-d8f5-4779-bf16-470cb2d9aae0,09186991658,72363411048,Widad,Abdullah,F,1989-10-07,2023-09-27,hybrid,churned,Nyala,2246.27
442f1755-a9c4-472b-b5c0-07af5e6ae7a8,09162818291,27898852499,Salah,Musa,M,1965-09-27,2025-04-24,postpaid,active,Wad Madani,1461.02
4694e39e-62e5-438d-841c-d7ee4fa85253,09163730437,63185596707,Abeer,Musa,F,1971-01-21,2023-09-14,hybrid,suspended,Kassala,2737.18
71dff6a4-acb8-4f6b-8db9-1bc8216ab59c,09120040756,02310640797,Mustafa,Salih,M,1974-04-04,2024-12-20,postpaid,active,Bahri,882.32
8cef4927-9f76-47e7-8b51-4b2470725c20,09163449799,25197366547,Samira,Hussein,F,1992-11-08,2024-04-29,postpaid,suspended,Sennar,4891.87
023f100c-4e6c-4453-a481-869ee74fced1,09125392590,67718536017,Mahdi,Abdullah,M,1985-12-20,2021-11-28,hybrid,active,Khartoum,4815.06
fb439fe8-6f11-4d7d-b252-eec8e5e4872c,09161316677,52707127971,Amira,Mohamed,F,1999-05-23,2023-08-28,prepaid,active,El Obeid,46.35
a69e4d4f-1444-4c21-982d-68128ed4357d,09129904388,17676227025,Rania,Bashir,F,1987-12-28,2022-02-05,prepaid,active,Port Sudan,2872.77
d36ff4a7-28fb-441b-a81f-cb4b20ccaa16,09162560467,82036906155,Dina,Idris,F,1962-12-11,2021-07-28,postpaid,churned,Port Sudan,1286.83
8535b2db-0723-47e3-8a27-1d7bb2a6b684,09122066766,54053242169,Amal,Abdullah,F,1984-11-24,2021-11-18,postpaid,active,Bahri,4725.24
979f6af4-7458-4366-acb3-7d8fc2672239,09180581380,57321367886,Huda,Bashir,F,1986-08-11,2023-01-13,postpaid,suspended,Bahri,2043.81
d85db032-ba40-4f5a-af84-b024281ef9bf,09185570529,50868744123,Abdelrahman,Adam,M,1990-10-31,2024-12-27,hybrid,suspended,Sennar,2730.81
29774c0e-01d8-48da-b034-cf49f28d6205,09169263560,06255151797,Osman,Bakri,M,1992-08-02,2020-08-22,hybrid,active,Ed Damazin,2604.91
223a13df-bd3f-4215-befb-9d4083566d94,09163445801,97621346164,Khalid,Ali,M,1993-10-17,2020-08-27,postpaid,active,Sennar,4022.66
31f4bcc6-f44e-4eb8-b235-6bbda9183009,09122470810,14812971988,Amal,Hussein,F,1984-06-11,2020-05-15,hybrid,active,Dongola,1255.35
88cd2dce-d4bb-4ffe-962f-fdf9637a13c7,09126817930,08058899058,Abeer,Hassan,F,1963-10-01,2024-08-24,prepaid,active,Port Sudan,1083.15
7535435b-6921-4b82-8df9-08ce5cefc550,09181056358,69902131166,Osman,Mohamed,M,1987-03-23,2023-07-22,prepaid,suspended,Dongola,375.43
70426e6e-29d3-41cb-82a8-af527731e453,09164281259,83620749884,Dina,Bashir,F,1988-10-19,2025-02-03,prepaid,suspended,Nyala,22.5
9626f6e5-c5d4-492b-8330-0ba1996ad62f,09124656571,66578130499,Ali,Osman,M,1990-12-25,2020-06-27,postpaid,active,Wad Madani,2849.05
4c626c6a-6d2e-4023-8bc2-c8c5d03f5a1c,09165086295,32230724876,Mariam,Yousif,F,1982-11-06,2020-10-19,prepaid,active,Ed Damazin,1087.85
bf13ad34-176c-4adb-83b1-94fb981ee4ef,09165861805,83934083544,Mona,Fadl,F,1972-08-17,2025-06-08,postpaid,active,El Obeid,2822.99
fdb8c17b-2cc1-403b-9de1-20dc9698b3fc,09126965693,25962762236,Kamal,Ali,M,1981-03-02,2020-09-14,prepaid,active,Port Sudan,4528.87
1c81cd39-8b9a-4c6e-9e83-666121f4c151,09185578022,80177106294,Nasr,Suleiman,M,1992-07-21,2020-02-25,prepaid,active,Dongola,3792.0
e649732e-ebdb-45ce-922e-3cb6a0fda97c,09183414391,03231866790,Amal,Issa,F,1998-02-01,2023-08-04,hybrid,active,Sennar,1285.04
aaf507e3-b9a7-404c-96f7-4a980ee7a33f,09120408384,37826018777,Mohammed,Hassan,M,1991-01-08,2025-06-24,prepaid,active,Ed Damazin,3734.88
6b2b3189-e981-4937-b056-9a7ae9e0fe24,09183922425,77727745750,Osman,Ibrahim,M,1974-10-15,2020-11-27,hybrid,suspended,Wad Madani,4386.32
875dd8d7-2cb9-4926-88ce-69336d83e8e6,09166036383,96878842047,Abdalla,Nour,M,1989-09-18,2025-04-28,hybrid,suspended,Gedaref,2802.23
cd8de1cf-646a-4162-be35-391bcae4b53c,09126939285,32025461679,Widad,Fadl,F,1985-12-31,2023-07-02,hybrid,churned,Dongola,2261.28
5dbe558c-4190-42ee-b970-d3a445f4dc93,09186361395,94592118572,Tariq,Mahjoub,M,1980-08-08,2025-05-19,postpaid,churned,Khartoum,436.92
c544ae9f-25c9-456a-813d-823b35ba85af,09186263896,54997791782,Mahdi,Fadl,M,1972-02-15,2020-03-04,prepaid,active,Dongola,616.63
2175a0e9-5a9a-42ca-8d53-607c4f2f3ab6,09186690625,15759514909,Mustafa,Ali,M,1995-08-31,2023-10-15,prepaid,active,Gedaref,3353.46
82a6730d-4b12-40d3-bc0f-f72b9255a6f1,09185872422,74966529483,Ahmed,Idris,M,1964-01-10,2022-12-08,prepaid,active,Atbara,2323.74
bd43dda3-23fb-40f3-805b-939bfaf6a802,09163353675,77773426587,Yousif,Ibrahim,M,1988-12-12,2020-05-29,prepaid,active,Khartoum,1497.78
e8005653-f524-4311-9b40-7c0d76e8b1f5,09160771280,61990746669,Somaya,Abdullah,F,2004-08-20,2022-04-28,postpaid,active,Kadugli,4489.62
609ebb98-98c6-4026-a642-eb518191e3c3,09163566830,32536952558,Mariam,Ali,F,1999-12-19,2023-03-25,postpaid,active,Sennar,52.6
cd3543d5-c9e2-4439-b88e-981d7d9f3635,09128394764,61261499363,Mohammed,Fadl,M,1969-08-17,2024-11-15,postpaid,active,Ed Damazin,2206.99
d375a02c-bdda-428e-9e89-fb6f65458b62,09180951956,63006362105,Nadia,Osman,F,1966-12-05,2023-04-23,postpaid,active,Wad Madani,2311.6
63b36d6b-f1a3-4ab2-a111-c7bc1a84b6be,09121353739,65272959867,Abdalla,Nour,M,2001-05-04,2023-12-27,hybrid,active,El Obeid,1491.0
c7dbe21f-6be2-4dcf-8406-ccd95f849798,09129969915,48270029331,Mahdi,Abdullah,M,1979-01-12,2021-02-03,postpaid,active,Port Sudan,2354.83
0270a299-b9cb-4652-ab3d-d14d16125945,09126884157,71291842519,Yousif,Abdullah,M,1991-09-08,2023-07-09,prepaid,active,Dongola,4938.49
aa35656f-d274-407b-9986-6911d37d182b,09185528587,06302282933,Ibrahim,Osman,M,1992-01-05,2021-03-22,hybrid,suspended,Wad Madani,3062.33
d6875df3-ba37-4345-8e65-f7a3ddea47d2,09186472684,74645507283,Babiker,Suleiman,M,1969-03-19,2020-01-31,prepaid,churned,El Obeid,3629.87
8de02017-533c-468d-a511-70c5029b5f81,09166450581,05801088679,Jamal,Fadl,M,2004-02-15,2022-03-18,postpaid,active,Omdurman,-2343.58
580ab726-47fa-46d3-a71c-e91f665ee880,09164653334,77496337922,Hala,Ibrahim,F,1998-08-12,2021-06-13,hybrid,active,Ed Damazin,371.32
7ffa667d-1bf2-4785-8ecd-04f662676f01,09999145977,21940504726,Mahdi,Salih,M,1962-05-15,2025-04-23,postpaid,suspended,Dongola,2818.36
a29f3186-2559-4d01-a6eb-36d3e48e4cf5,09188591981,74736653978,Hala,Adam,F,1991-05-29,2024-06-15,postpaid,suspended,Wad Madani,3737.54
794f8a34-fcba-483c-a585-fc3bb97f0ad1,09123198444,96163952574,Mona,Bashir,F,2002-11-01,2024-01-21,postpaid,active,El Fasher,3201.05
7f08a860-9219-4eb2-be7a-6c487f6bb098,09187756191,89875579832,Tariq,Idris,M,1976-10-23,2026-05-27,prepaid,active,Khartoum,4590.72
d77fd42f-d01c-467e-8897-fe284cf49cb5,,59193442462,Mona,Hassan,F,2002-02-08,2020-11-16,prepaid,active,Port Sudan,1234.81
32adad1f-6ea3-42c0-b5a0-ba66336756d7,09125359759,80962821960,Leila,Osman,F,2003-12-20,2024-10-06,postpaid,suspended,El Obeid,3164.47
f5e68265-f3eb-418f-9f30-f488e92d8898,09166309773,98366609797,Mahdi,Ibrahim,M,1989-03-28,2022-11-06,prepaid,suspended,Gedaref,276.24
96654852-2e51-4262-8801-d3bc3db88db1,09162962901,07932265278,Mona,Mohamed,F,1974-03-16,2022-12-09,postpaid,active,Khartoum,1662.83
e5eba390-d632-4f5d-a176-3aadf3c5f24f,09161177539,87245819870,Babiker,Hamid,M,2004-12-05,2022-08-02,prepaid,active,Sennar,1577.12
85958b2a-ba95-4d79-af3d-fa3c93e65654,09186597268,39507051306,Babiker,Ibrahim,M,1997-04-08,2023-10-25,prepaid,active,Bahri,2673.65
ee95236f-fcd4-46fe-87fc-4925c07c44d9,09122785379,82149241371,Jamal,Bashir,M,2003-01-05,2022-01-19,prepaid,suspended,Nyala,3442.45
daeb6c8f-041b-4ad3-905d-13e1028c3f74,09126848368,16723866560,Sawsan,Ibrahim,F,1995-10-21,2024-01-15,postpaid,active,Ed Damazin,1749.48
136d39b2-5623-400e-852c-409decad9c29,09120577250,40258988108,Osman,Salih,M,1988-09-20,2022-10-07,hybrid,active,Port Sudan,1713.06
50e79ee3-16c4-4201-b648-80c28d5af5df,09128024104,15074931660,Nahla,Hussein,F,1970-08-31,2023-08-23,hybrid,suspended,Omdurman,1716.38
0177f63c-2ad9-49a2-a9e7-9a4a2b64473f,09124047500,04584089227,Dina,Abdullah,F,1962-01-27,2023-06-15,hybrid,active,Khartoum,4634.26
724d7458-bea8-4a9c-a705-e53f3962a2a7,09166580363,83647224558,Somaya,Osman,F,1968-09-22,2024-02-14,prepaid,active,Port Sudan,1178.56
790ccf20-6109-489c-bcb2-772a72cefd4f,09169663900,,Rania,Idris,F,2004-06-24,2025-05-17,prepaid,suspended,Omdurman,1507.96
eb06892a-a84c-4308-bfc7-7920afdb6ca0,09188731709,81668813038,Amira,Mahjoub,F,1986-05-19,2023-03-25,hybrid,active,Bahri,2747.58
b6073f47-4646-4cd6-a3f9-015e3b08c4a4,09164662573,12536127698,Salah,Idris,M,2000-08-03,2023-05-11,prepaid,suspended,Bahri,3933.16
c54341c6-e893-44f5-8a0f-4ffadacabe63,09167450809,89717331571,Nahla,Mahjoub,F,1998-01-24,2020-04-24,postpaid,active,Kadugli,412.43
75b2c7aa-d597-430d-a0d6-994e3d2f33ec,09165044152,64458296945,Widad,Abdullah,F,1983-01-19,2020-09-25,hybrid,active,Atbara,3990.81
7934c368-ed72-40cf-b0eb-b460994c229b,09124987620,93837396524,Abdelrahman,Bakri,M,1975-07-30,2024-01-16,hybrid,active,Sennar,4008.24
461248a6-5429-433c-a9be-1712d90030a7,09164026135,34255561832,Abdalla,Hamid,M,1998-08-07,2021-04-18,prepaid,active,Kassala,4694.27
bab000ad-5467-4677-be2a-c8502db82c53,09129542527,50568808482,Mona,Abdullah,F,1961-03-09,2023-09-24,prepaid,active,Bahri,1956.46
aec084e1-0adb-40b7-aa97-24d07143f8bf,09127813267,27332627767,Yousif,Suleiman,M,1986-02-22,2023-09-11,hybrid,active,Wad Madani,3967.46
b5d4a5f7-30b5-42df-8b06-ff5a39f30e36,09167492944,99313675726,Hala,Bakri,F,1996-09-05,2024-04-16,postpaid,active,Atbara,4819.68
e7502f0e-8c5a-48c4-a3b1-af5a454802d1,09991518016,16131779053,Amal,Yousif,F,1987-02-17,2020-05-08,prepaid,active,Wad Madani,1108.04
c7416c93-aa8b-4dda-8da0-61a68780b340,09162801938,89531154397,Yousif,Osman,M,1968-06-15,2023-01-21,postpaid,active,Gedaref,432.93
832ab3e0-6149-4b6a-b687-1baf5b85e106,09160862365,04602622478,Ahmed,Yousif,M,1971-10-29,2021-03-25,postpaid,active,Gedaref,2751.31
8f627347-3bba-4516-a94a-6011a2909702,09160621084,01579970629,Mariam,Osman,F,1965-10-07,2020-04-25,hybrid,churned,El Fasher,3212.84
8e2705b8-53df-4346-a580-3e7b83fda2df,09165083681,68214073730,Sawsan,Yousif,F,2000-09-03,2020-09-14,postpaid,suspended,Atbara,89.45
4b9c7ba7-0bf3-4644-bb7b-036b2f466d37,09166260702,47485798889,Ahmed,Mohamed,M,1975-05-31,2020-07-15,prepaid,active,Port Sudan,2664.75
53bac4a2-438c-43f0-9652-27f13c6c5d74,09122297254,01493847543,Ibrahim,Suleiman,M,1967-08-27,2024-04-20,hybrid,active,Kassala,1805.04
a47c0c33-82c3-4321-a320-259d2bbc3a8c,09189246366,98375550458,Mohammed,Fadl,M,1981-11-21,2024-08-03,postpaid,active,Khartoum,4372.52
3efffbc5-baa4-4abc-b014-fba944232b5e,09180317211,35980433315,Amira,Suleiman,F,1997-09-25,2024-12-09,postpaid,active,Omdurman,243.8
5796c8e5-0784-431b-98eb-24511af902f9,09183352062,26093164266,Khalid,Suleiman,M,1980-05-04,2021-12-19,prepaid,active,Kassala,262.42
c0a4fd38-819b-4042-bfb2-abb058ab5a56,09121717199,45740519950,Hassan,Hassan,M,1966-08-08,2025-01-31,hybrid,active,Kadugli,4150.23
e98928ef-e898-43d5-b2cd-3160f9c8f390,09185263595,17635241302,Widad,Osman,F,1976-08-29,2024-06-26,postpaid,active,Omdurman,271.61
7e98ca0a-3250-49da-a08e-1d16d23e4a6d,09169235777,41490571753,Fatima,Ali,F,1973-07-24,2021-02-03,hybrid,active,Dongola,3120.22
5e18f1e5-0c57-4cd3-b56c-c5132286ee1d,09161587898,91683171511,Mona,Ali,F,1965-12-25,2022-03-12,prepaid,active,Omdurman,786.07
1bc0bbbb-23af-4711-aa97-7f10cea007b3,09167313717,41906695450,Mona,Salih,F,1991-07-27,2024-01-17,hybrid,suspended,Port Sudan,1270.83
fc08e07a-30ff-4771-85a9-730f5ee6454a,09127061301,12738318172,Mahdi,Yousif,M,1962-08-28,2022-01-29,postpaid,active,Nyala,1788.28
f6c3eb42-b99f-4ec5-83db-d0421f618c62,09129154260,78241164342,Fatima,Adam,F,1987-03-07,2020-08-04,prepaid,active,El Fasher,1585.52
e26e35cb-7399-4bdd-987a-e75f73abb1cb,09168223064,21168460389,Dina,Hussein,F,1991-03-12,2020-10-30,hybrid,active,Atbara,744.04
030b3f15-a163-46e3-986f-a2c9f191cf74,09121746453,31649506054,Hala,Musa,F,1969-04-11,2020-10-25,hybrid,suspended,El Fasher,4902.0
ed91c6b7-637e-43c7-8787-15e1c5600b3d,09186310789,07869576018,Ali,Salih,M,1980-05-27,2020-02-12,postpaid,active,Dongola,1613.55
5272d312-4e2c-4a17-b6c9-149f60e1060f,09167334359,73697016852,Samira,Fadl,F,1992-07-19,2022-01-20,prepaid,active,Kadugli,3511.94
048b1360-6723-4177-8c2a-43f2f5359d67,09129370118,59689740952,Amira,Idris,F,1961-11-27,2022-10-14,hybrid,suspended,El Obeid,162.55
1868270e-11ba-4dda-a08f-c0592da16a7f,09184726680,63992416119,Tariq,Abdullah,M,1991-01-26,2022-04-17,prepaid,suspended,Sennar,3618.37
acb0ab3e-c31a-4345-b584-0a4ecd7e69ac,09189088068,31121795928,Rania,Fadl,F,1973-04-28,2021-05-12,prepaid,active,Omdurman,926.88
99bc5b9a-fbf0-4a7c-af23-5df32fdad5cb,09123856162,71413427732,Zainab,Issa,F,1978-01-30,2022-09-07,hybrid,active,Sennar,2450.37
ad63cca1-88eb-406e-b168-8cc587cc8d34,09129420793,74158719942,Abdalla,Hussein,M,1990-09-19,2020-06-05,hybrid,active,Atbara,679.71
7e721092-60ea-44f6-8110-74df756ac686,09185587799,36427379572,Amal,Adam,F,1979-12-18,2024-06-05,hybrid,active,Nyala,4804.47
3e5017f0-af97-4988-88f2-b369ca8a79c1,09121351113,30107535024,Ibrahim,Mahjoub,M,1996-05-02,2024-11-26,postpaid,churned,Kadugli,3880.98
437dd4c4-c960-44e9-a84d-2e42c0da9864,09122232087,38570943913,Yousif,Ibrahim,M,2003-01-24,2020-02-07,hybrid,churned,Wad Madani,4389.88
9600e207-de53-4c45-bbae-09b8f071c101,09121316822,60809937151,Mahdi,Suleiman,M,1980-10-20,2020-08-19,postpaid,suspended,Kassala,1349.78
242cd213-6c54-410d-a572-427bb685147e,09127473811,33704946245,Jamal,Adam,M,1988-02-04,2022-08-16,prepaid,active,El Fasher,4411.66
9cb8f82c-809d-448b-89bc-6b6eb2a55b80,09168823481,18082938502,Amal,Issa,F,1985-02-23,2026-04-19,postpaid,active,Wad Madani,3818.83
273ce281-886a-4311-9ed9-0d6a35b7c959,09125641533,07066670633,Amal,Bashir,F,1968-02-17,2020-11-06,hybrid,suspended,Omdurman,3593.17
617e428a-cb93-4a34-ad4a-bbd47376189a,09163093731,34037791703,Kamal,Musa,M,2003-07-27,2024-11-12,hybrid,active,Khartoum,2070.84
83a946f0-0824-41d2-b571-166aea6f256c,09165820721,62474246847,Mohammed,Adam,M,1981-11-15,2021-04-03,postpaid,suspended,Ed Damazin,1606.34
71561eaf-29eb-4362-a5bb-e16b8891fbf1,09189053679,12072095789,Zainab,Mahjoub,F,1962-01-13,2021-12-28,postpaid,active,Sennar,1604.11
8a505851-4b8d-43c3-9ae2-c9c12dbb00de,09168445657,81744205405,Kamal,Suleiman,M,1967-08-14,2023-02-23,hybrid,active,Nyala,2421.73
b3b1793b-14f6-47ec-b887-4268f17c6337,09121675993,00134140580,Kamal,Ali,M,1994-10-09,2025-05-11,postpaid,active,Omdurman,4214.52
aca69ae8-9f68-4ab2-af16-208e2a8022dd,09168400004,00464549768,Dina,Issa,F,1978-12-07,2022-07-07,hybrid,churned,Gedaref,2203.6
2776deb4-aee1-45f2-9176-c7a8b92c0c39,09189924662,57601380795,Fatima,Salih,F,1967-02-05,2020-10-04,hybrid,active,Dongola,4462.26
948cdf87-3247-4288-968f-2398c75e1ab7,09185081595,90431507174,Mona,Ali,F,1966-05-20,2025-05-17,postpaid,active,El Fasher,4747.03
2d5dc20d-8643-4296-9cf9-e55953bb6921,09180323197,67025461684,Sara,Hassan,F,1986-03-30,2022-05-13,postpaid,active,Kassala,1827.37
830909d8-0660-4e51-b4bd-95f7e6fa2337,09128328113,72447929759,Mustafa,Salih,M,1968-04-13,2022-04-06,postpaid,churned,Ed Damazin,4604.14
40993e05-0842-4e7a-bf33-4256af022c06,09184658463,92488780737,Ahmed,Mahjoub,M,1995-08-23,2025-06-07,hybrid,suspended,Nyala,4014.03
40b1371c-3bd0-4374-ae6f-266f30f361fa,09180534251,91871628974,Sara,Bashir,F,1999-08-12,2023-09-14,postpaid,active,Sennar,4751.99
39e90d6e-c7aa-489b-b018-97960c90982f,09183526425,99317697085,Kamal,Hassan,M,1997-09-20,2023-10-22,postpaid,active,Khartoum,3141.75
ffb35a52-9521-4539-a207-7217d4af1823,09186704477,71405770250,Sara,Mahjoub,F,1967-09-04,2023-01-23,postpaid,churned,Kassala,3088.51
74f907cb-fe91-4255-86c0-6bbe19d2ebbe,09125637448,,Widad,Musa,F,1976-06-25,2020-01-11,hybrid,churned,El Obeid,131.92
a4b3064c-b61a-4724-b0cf-9e7b837e0632,09127728276,95887089426,Ahmed,Bashir,M,1996-02-29,2020-03-11,prepaid,active,Nyala,4054.78
9f4884f6-6899-4f8e-9722-a3dda48a4645,09184482943,50079616537,Abdelrahman,Hamid,M,2004-06-22,2023-12-22,hybrid,active,Bahri,1390.97
a2eebf0f-b54e-4cab-8b1e-cbc42d45944a,09181636950,72592501691,Intisar,Abdullah,F,1991-04-13,2023-08-19,hybrid,active,Khartoum,2401.79
b72e75d9-e189-47b7-8d87-bb5f6e633c3a,09180081334,90237432692,Mohammed,Fadl,M,1985-01-01,2025-04-21,postpaid,active,Khartoum,451.43
1027e370-2a22-42ac-be5a-11a924583e53,09121294640,31182879146,Somaya,Suleiman,F,1992-01-18,2025-01-07,postpaid,active,Omdurman,3267.62
b37668c9-fe67-4f42-912c-711ca42dd8a0,09180596669,42394383754,Ali,Mahjoub,M,1974-04-07,2024-07-04,hybrid,active,Port Sudan,-3793.63
52c5a469-11c4-4ec8-82d8-578a3599b2ef,09122772179,31625055326,Amira,Osman,F,1999-10-16,2025-04-02,hybrid,active,Kadugli,4209.5
2ec885c1-3175-487a-9c53-4e33caca8d15,09168779388,94912867287,Abdelrahman,Hussein,M,2003-01-27,2022-03-09,postpaid,suspended,Nyala,4596.62
159d62a0-b403-47d8-bd1d-628c43132956,,41573180204,Fatima,Bashir,F,1961-10-23,2022-03-30,prepaid,active,Khartoum,2300.96
a05d2667-fbf8-47a9-980d-838b366b2ca3,09123702657,81496355019,Nasr,Idris,M,1978-10-18,2023-02-23,prepaid,churned,Dongola,397.3
feede62e-d52b-41f0-955c-0befa94d0bf7,09166731370,01749317560,Sawsan,Salih,F,2004-10-29,2021-12-25,prepaid,active,Omdurman,3528.22
b7df7f2a-2506-4f13-a8c2-af33fdbd4c0a,09123970101,49262189224,Sara,Bashir,F,1961-05-24,2020-01-01,postpaid,active,Wad Madani,1906.34
7831eb5a-9535-4f25-bf93-ea2110e744c1,09125143580,47118004501,Hala,Mohamed,F,1988-05-02,2022-01-23,prepaid,active,Atbara,4718.64
b6380c32-27fc-45f0-aebc-205e24c95cd8,09166934779,66054856257,Amira,Hussein,F,1991-05-24,2020-01-26,postpaid,active,Kassala,2003.56
1d726384-bfbf-4145-9a88-627fa2045bc1,09168617541,82771148816,Salah,Mahjoub,M,1964-12-24,2023-02-20,hybrid,active,Omdurman,2837.61
85549485-e77c-4a4e-8028-0b15a99f9d15,09128267865,04441442942,Mona,Fadl,F,1996-04-12,2024-03-13,hybrid,active,Wad Madani,302.93
63bff1d7-e102-4f2d-8fd0-b716ebd1d825,09123786268,49704241698,Khalid,Musa,M,1970-06-11,2022-07-04,prepaid,suspended,Ed Damazin,27.89
e1d1dee5-e339-4b2d-a666-3fa8f0b4a87e,09126814365,97239766105,Abdelrahman,Adam,M,1982-07-27,2021-01-12,postpaid,suspended,El Obeid,188.79
18e13972-5427-4495-8201-6d6297844ced,09187518007,78428455761,Fatima,Abdullah,F,1998-05-22,2024-02-10,postpaid,suspended,Nyala,2139.35
7ef1e08b-f798-491b-9b7c-c1726636eb92,09128349143,09215272597,Nasr,Ali,M,1979-12-03,2021-09-01,postpaid,churned,El Fasher,4557.96
d68cbc34-e31d-4bdf-8d9d-51be7332c1d2,09122059944,76988012256,Tariq,Mahjoub,M,1971-07-30,2020-07-07,hybrid,active,Omdurman,3714.94
9f0fcca9-69c3-40bc-a9b7-cf02f089921c,09160162063,70355959151,Ibrahim,Issa,M,1995-02-12,2023-09-23,postpaid,suspended,Nyala,3526.41
b6a96e85-eb60-4701-854a-a59390ad112c,09163602536,87320922545,Mona,Bakri,F,1964-02-16,2024-09-03,prepaid,active,Kassala,91.71
bc7dc7a4-8b60-40f4-abd9-c2fa5f191460,09161834100,06658484393,Sara,Bakri,F,1962-06-14,2020-01-19,postpaid,active,Port Sudan,3507.81
4cf1e285-0002-4105-a8e0-aa62ecb54318,09187064937,59044790583,Fatima,Bakri,F,1965-03-05,2022-03-27,postpaid,active,El Fasher,3274.27
01f37b6f-5deb-4ad1-8478-1ff997380058,09165130050,19857547388,Abdelrahman,Hamid,M,1960-01-08,2024-08-10,postpaid,active,Kassala,121.81
16d3ba3d-ecfb-4e13-b845-9fff3c9811a8,09127255320,52851550135,Tariq,Musa,M,1974-01-31,2022-02-24,postpaid,active,Gedaref,2188.57
d0a16788-d6f6-4797-9ff9-55f9f9977bab,09123918418,05141200740,Fatima,Issa,F,1984-08-28,2023-03-06,prepaid,active,Atbara,3018.54
c650ec26-6b82-48f3-bd09-34c11ed36912,09169268994,73879309252,Ibrahim,Fadl,M,1978-04-09,2025-02-15,prepaid,active,Khartoum,1834.84
0ea54f2e-2082-47c7-bc92-825f6d2dd012,09124137394,91258193669,Abdelrahman,Abdullah,M,1985-10-05,2021-08-12,postpaid,active,Nyala,1749.72
d0f626f2-4166-461b-aa65-3b50a43b9005,09189456815,08951463187,Abdalla,Musa,M,2002-12-19,2023-06-30,prepaid,active,Dongola,3798.27
30361484-2e5e-4337-bf1e-15eb65476d9a,09123388319,60250927040,Mustafa,Hussein,M,1962-03-05,2022-08-22,prepaid,suspended,Wad Madani,4584.53
2dab8986-4c35-4c46-b1fd-26bbc6cbcae0,09160726027,57896636805,Sawsan,Salih,F,1978-05-28,2024-02-17,prepaid,active,Kadugli,2773.77
43e73ba9-1e50-4ca4-ae26-4a744e1c4154,09129701998,24770751862,Hassan,Ibrahim,M,1969-05-11,2020-01-10,hybrid,active,Dongola,4381.32
97af4fea-1879-4ac4-a3cf-58ea34aeab2e,09168281689,60066881279,Sara,Yousif,F,1964-03-18,2022-08-26,hybrid,suspended,El Obeid,859.29
bab2e875-9d1c-49bc-baf4-4b8b8f0d7956,09126817922,41997970310,Leila,Nour,F,1965-08-03,2024-07-08,prepaid,active,Sennar,21.92
a4f18da8-5463-49bf-881b-9d0bf69610d3,09187890483,34658672602,Nadia,Idris,F,1968-12-19,2021-11-03,prepaid,active,Wad Madani,3438.71
a51fcdde-6345-43f8-ab88-19191e429f7c,09125997430,87803782537,Dina,Salih,F,1969-08-04,2021-01-28,postpaid,active,Kadugli,2629.42
04763011-a5f6-4a76-a644-f37289927e2c,09167813731,42175624799,Huda,Musa,F,1984-09-20,2022-02-22,prepaid,active,Omdurman,2483.9
fc9e4a36-aee6-4307-ade3-80a4a63ab451,09169766208,40784640157,Amal,Mohamed,F,2000-04-13,2022-07-03,postpaid,churned,Bahri,584.22
b8b2133b-d7ff-4801-8746-e0449ccf0d37,09165255424,58667292990,Sawsan,Musa,F,2001-07-22,2021-05-18,prepaid,churned,Nyala,2360.9
be71ec22-ff7f-4442-9f79-f9c883f432b2,09164138273,86883392389,Fatima,Hassan,F,1995-01-05,2021-03-04,prepaid,active,Ed Damazin,1264.42
edc597bb-a07b-49c0-bbc1-a072b8d463c1,09166103565,74808437149,Rania,Mahjoub,F,1974-06-09,2023-06-29,prepaid,active,Dongola,1828.16
52bac428-fce1-4a1c-a8d4-28c5474c9bf6,09126646096,14909100916,Mohammed,Abdullah,M,1995-03-10,2023-01-09,hybrid,active,El Obeid,1544.53
93a58967-95f2-4310-86ed-8139c25d511a,09127846274,20522589873,Mohammed,Mohamed,M,1965-01-25,2024-03-30,prepaid,active,Nyala,4959.27
4d7bf6f2-3982-4e69-99fd-5778f94dd9e1,09127086117,13402500642,Intisar,Hassan,F,1973-04-01,2023-11-25,postpaid,churned,Kassala,1226.0
c5f343f9-f9bf-477d-a38c-778f9fdc4203,09126505347,74116028595,Dina,Musa,F,1977-03-31,2024-09-03,hybrid,active,El Obeid,1795.75
57bb6888-cbfc-4791-b374-85f95f448665,09182041552,82301643032,Leila,Mahjoub,F,2004-05-29,2023-11-23,hybrid,active,Dongola,3872.69
b38dc939-7a87-4ab4-add1-33dcb4974df4,09167867404,77246497283,Kamal,Salih,M,1986-07-16,2020-11-15,hybrid,suspended,Nyala,2253.41
24e33c17-7430-4558-9ff9-42a413057a80,09189784429,82993164212,Ahmed,Mohamed,M,1971-05-12,2023-08-09,postpaid,active,Atbara,2349.17
66bde33b-9f23-4565-b58e-cffcf8ef2d78,09181055799,91584345651,Abdalla,Nour,M,1973-03-22,2021-11-23,postpaid,active,Kassala,1376.16
64597667-697d-4054-a8c7-d9f91da05153,09126313959,43578459073,Fatima,Nour,F,1971-01-30,2021-04-29,hybrid,active,Dongola,503.77
642cf861-2875-457b-aae4-093ac6c12084,09128154478,89377070507,Samira,Hussein,F,1962-04-03,2025-04-15,postpaid,churned,Sennar,-337.72
7dc23001-d46a-4184-a94e-a41f42110e98,09162432657,20798047078,Yousif,Bashir,M,1981-09-04,2023-10-01,hybrid,churned,El Fasher,2473.16
84438bc2-c84e-4cce-bc91-a40f6a8c61fd,09186369184,54419838579,Nasr,Mahjoub,M,1973-10-12,2024-06-26,prepaid,active,Bahri,3711.83
3e5fa64a-dbd1-4c50-9a66-76bc260996d0,09169952747,87155333179,Mona,Hassan,F,1980-06-05,2026-02-11,hybrid,active,Kassala,4086.41
818a47b9-ad14-4f7b-8f5b-f1d87d0d6efe,09165021000,27864995870,Mariam,Bashir,F,1960-06-12,2022-12-26,prepaid,active,El Obeid,1136.52
3605a126-fdc4-4f02-bb01-9a5f56726d1f,09129053769,32879274622,Omer,Ibrahim,M,1995-06-16,2024-05-20,hybrid,active,El Obeid,972.17
9af61abf-574e-4ee7-9220-d67a141f9d66,09128720757,93144494199,Rania,Idris,F,1993-09-11,2022-04-19,postpaid,churned,Atbara,-4121.12
74aaa77e-3773-4d34-ab56-88d5867240aa,09129277157,36850705182,Jamal,Idris,M,1991-05-12,2020-10-02,hybrid,churned,Gedaref,152.59
a598aa62-1d99-400a-b3ec-78019216a583,09127591445,66196676015,Widad,Hussein,F,1964-11-23,2022-04-19,prepaid,active,Khartoum,3843.5
cfa0e35f-37e4-454b-8248-9c64711efd7f,09993309462,57329774105,Salah,Issa,M,1960-03-29,2023-09-07,hybrid,active,Khartoum,3961.37
7b1d6281-ae75-49fd-9680-6075041fa73c,09126537305,34289078162,Fatima,Hamid,F,1978-02-27,2020-07-12,hybrid,suspended,Nyala,557.16
268fa8c6-8c16-4659-a6b4-79affdddee2f,09166169036,70590411797,Mariam,Mohamed,F,1999-10-01,2025-03-06,postpaid,active,Omdurman,2972.11
5ec39588-e433-403b-b6de-36b062a56781,09189608749,61229830878,Widad,Mohamed,F,1987-11-24,2023-12-28,postpaid,suspended,Wad Madani,2542.2
f56d57ab-8c70-4f11-af99-b10b0137f129,09169686862,74823009715,Sara,Bashir,F,1983-02-01,2024-02-25,postpaid,active,El Obeid,79.78
c9427535-3991-45e0-84ac-1c0b163609eb,09162115678,14082824649,Hassan,Yousif,M,1970-09-05,2025-06-13,prepaid,active,Nyala,3960.63
3e851271-732b-4ed6-ad27-21744a5f6480,09181596378,13191518136,Rania,Ibrahim,F,1962-02-06,2020-03-22,postpaid,churned,Atbara,-1332.44
348c8c47-d560-44ff-92ce-b67644ce10fc,09188151939,42789119268,Amira,Issa,F,1964-11-15,2020-03-06,hybrid,active,Nyala,4786.07
df43f182-15d5-4c85-81a0-69f8d75d1ca0,09164166611,77294206708,Sawsan,Abdullah,F,1962-09-03,2025-08-04,hybrid,active,El Obeid,2771.86
8361dfe6-c721-42e3-9d15-93f2a53775e1,09185724003,03151861759,Nahla,Mahjoub,F,1999-01-16,2021-07-07,prepaid,active,Atbara,1518.75
bb55c11a-54b2-47f7-8df3-06d26cb5fd18,09184958325,19901026334,Nadia,Hassan,F,1972-01-05,2021-03-26,postpaid,churned,El Fasher,3486.79
34d9fbfb-ea6c-4b94-8b61-b84fc22c60eb,09182682395,54344821380,Intisar,Salih,F,1970-07-07,2021-01-10,postpaid,active,El Obeid,2386.44
35150c8a-c0e7-4022-89e4-21204566c3b3,09129855323,75083973175,Babiker,Hassan,M,1974-12-19,2022-09-20,prepaid,active,Sennar,1101.83
958efa80-a9c5-440b-8eea-b8a570f71142,09183957965,62807335006,Zainab,Hassan,F,1983-03-28,2022-10-08,postpaid,active,Khartoum,4995.09
0908c181-aacd-4469-89ca-231e0fd5ceb8,09127828625,58729370625,Nasr,Salih,M,2001-07-16,2021-11-07,postpaid,active,Khartoum,1835.95
2ae39c42-1425-4cf3-9654-ffbae437806e,09121675011,53270341477,Omer,Hussein,M,1990-04-11,2023-03-25,hybrid,active,Sennar,3378.22
8d472ba7-6dbb-4586-b200-0d35204674a5,09169987080,53828981223,Huda,Osman,F,1995-01-07,2022-10-22,postpaid,active,El Obeid,4225.19
05b5a1df-1ea1-4eb9-9e80-05203cab4bc7,09165125622,20834644299,Hala,Idris,F,1994-09-08,2021-01-14,prepaid,active,El Fasher,375.86
3dff1e9f-596c-41b4-96ad-148d7de5b616,09189399451,06838292162,Amira,Hamid,F,1993-11-19,2020-02-15,postpaid,active,El Fasher,2534.24
809dd5bd-98f3-41b2-9cb3-2924b8756145,09163056956,25096941235,Mohammed,Osman,M,1975-01-30,2024-08-26,hybrid,active,Atbara,3375.56
4d575892-7b22-4453-8f26-efaecd8bc00f,09121071492,36036808588,Fatima,Nour,F,1985-09-04,2022-03-22,postpaid,active,Kadugli,2439.87
43e9a8fe-a6c5-4cc7-8aec-90a98ff49d1f,09187763831,91804384309,Yousif,Hamid,M,2002-01-27,2024-11-05,postpaid,active,Gedaref,1879.0
78c47420-a4c9-4ae3-ae8c-339e922167e2,09181801874,72913112659,Rania,Hassan,F,1999-07-17,2022-08-18,postpaid,active,Khartoum,655.73
77865423-a415-40f8-bd7d-6ceb13ba2014,09181704232,75888118592,Khalid,Fadl,M,1962-03-03,2023-07-11,prepaid,active,Kassala,581.74
773004f6-f761-4c41-ad25-2e7ef9daef69,09128910953,10017925136,Rania,Yousif,F,1975-03-30,2021-04-29,prepaid,active,Khartoum,375.81
db741edd-8184-4fba-9ede-e64559a42e27,09188194014,69613607727,Yousif,Adam,M,1974-01-22,2020-04-22,hybrid,active,El Obeid,242.83
374fffe8-cc86-474e-a01e-cea2191c515e,09185333501,62625104946,Omer,Ibrahim,M,1970-09-21,2024-02-16,prepaid,active,Ed Damazin,1815.93
b3af0c75-13e9-4529-b43f-2b32906c13f7,09122096730,92407413596,Mariam,Ibrahim,F,1997-03-21,2022-11-14,prepaid,active,Khartoum,-3873.79
77cc5abe-8de7-46ac-ae51-ea436aaa1a37,09123919580,00841626750,Nahla,Idris,F,1968-04-19,2022-08-21,postpaid,active,Dongola,606.39
674504b5-6c8b-4d5e-bced-d795615cd87b,09184558464,20181902320,Ahmed,Osman,M,1968-07-07,2023-03-12,postpaid,active,Wad Madani,2737.74
9ff58e02-68f6-42ff-aa3c-50df32bed7a1,09127507519,26775046162,Fatima,Suleiman,F,1973-01-15,2025-06-03,hybrid,active,Kassala,4958.02
c90a6d04-b434-42bc-8e77-d1c4cac41d96,09188720204,87103653476,Mona,Hamid,F,1986-07-01,2020-10-01,postpaid,active,Bahri,3612.91
acd20825-afba-4133-8531-fdb2496ce72b,09164531459,55080029069,Mariam,Mahjoub,F,1991-05-29,2022-08-05,postpaid,active,El Obeid,2123.63
da4f223b-a7aa-499d-bf4a-db48d784483d,09184361090,98245081464,Abdelrahman,Hussein,M,1999-08-25,2020-05-08,prepaid,suspended,Nyala,30.15
8e7f61d5-e387-4783-a28b-6e8384cae33b,09122252553,13417622809,Amira,Hamid,F,1991-01-29,2022-07-18,prepaid,active,Kassala,3394.84
3c832e90-ef21-42af-a44b-a20f1a79446f,,73933969108,Abdelrahman,Suleiman,M,1974-09-05,2024-12-22,postpaid,active,El Obeid,2170.33
8e94d3c1-5a9a-4cdc-91b3-aa2543ee01f9,09164676478,56250845014,Salah,Salih,M,1982-03-26,2024-11-17,hybrid,active,El Obeid,2342.54
75676d2f-c706-47ab-9876-e14b3fd12906,09120285514,,Tariq,Hamid,M,1990-04-07,2024-10-19,prepaid,active,Omdurman,4305.5
8b690fda-a6b2-4bf5-bbad-66b8d7ea573d,09183905306,73083038840,Babiker,Ali,M,1969-05-20,2023-08-31,hybrid,active,Gedaref,2009.24
8af570c2-62d4-4f28-8d8e-bb3a56437ea7,09180507197,09574454069,Kamal,Hassan,M,1970-06-09,2022-08-19,prepaid,active,Gedaref,2169.94
9df37da8-c602-47c0-98a5-cde31856ecf6,09185567695,97929626327,Amal,Hassan,F,1979-08-06,2021-06-04,postpaid,churned,El Fasher,3780.23
ac6e1d52-345a-4e45-9a45-0e2f28209ab4,09166651413,43076832987,Kamal,Mohamed,M,1994-07-05,2024-08-27,prepaid,active,Sennar,2157.27
15dc712c-cd56-4241-8e7d-c4aee176426d,09160242363,74373801318,Kamal,Hassan,M,1983-07-30,2021-08-21,postpaid,active,El Obeid,4297.44
34ee79ac-6947-4296-b0cb-f970a8fc627a,09126111476,20734787354,Omer,Bakri,M,1970-11-10,2022-05-21,postpaid,churned,Gedaref,4671.85
1ef74799-0fe5-4223-bc91-5da07ad858fd,09181688592,66370088943,Sara,Abdullah,F,1977-06-08,2020-05-20,prepaid,active,Dongola,1829.54
828e52b9-90f9-4111-b70f-7c91b8327fd4,09160880418,90244628826,Salah,Issa,M,1965-11-19,2023-12-22,prepaid,active,Nyala,169.92
77d7a76d-cfee-4e10-8ce8-bd7b29271d92,09121493181,37229380450,Sara,Hamid,F,1980-07-24,2020-01-11,hybrid,active,Sennar,1149.28
32473ced-5c0b-4eb9-8e9b-9d3d56be91c9,09166492738,68133722781,Salah,Salih,M,1966-09-29,2023-02-04,postpaid,suspended,Dongola,2898.2
e6a9d019-529f-45f0-80a3-a4576c063a77,09123671603,38417876028,Mohammed,Ali,M,2004-03-28,2022-08-20,hybrid,churned,El Fasher,799.32
074539fa-7bdb-4b5e-bc16-4b541bc1eb0a,09120503916,78128837939,Sawsan,Nour,F,1989-07-05,2025-05-24,hybrid,active,Gedaref,4977.7
8df35f01-c87b-4116-b31e-f504673e1c77,09188146953,95369823207,Yousif,Bashir,M,1975-01-07,2025-05-18,postpaid,suspended,Nyala,495.66
320a588e-4760-4f29-a33f-9df24c7fce3f,09120678019,46701412804,Dina,Ali,F,1986-06-14,2023-09-21,prepaid,churned,Ed Damazin,4319.86
33c011ee-0215-475b-b560-66fde896eb22,09168748562,37886173277,Omer,Hussein,M,1996-07-14,2026-06-22,hybrid,active,Gedaref,941.18
662ad2da-c4ba-43cb-8961-05a6d87a82e2,09189065741,69843663375,Omer,Bakri,M,1997-05-13,2020-09-23,hybrid,active,Port Sudan,-2592.18
721bc3e7-9eef-4d9f-a462-178573501892,09189458361,88374489239,Intisar,Hussein,F,1993-11-07,2020-04-26,postpaid,active,Kassala,1621.97
48cedeae-469d-446d-abc3-d02fc1e47113,09121782959,88161037632,Nahla,Mohamed,F,1986-03-05,2020-01-08,prepaid,suspended,Wad Madani,4964.19
de1950a1-66bf-46e0-b86f-32fd9a1eb470,09164126980,86551086199,Abdalla,Ibrahim,M,2001-06-29,2020-01-10,postpaid,suspended,Sennar,2512.19
281cfb14-f37e-4677-aca1-ccdf610cd05b,09129402759,42501657555,Khalid,Osman,M,2002-08-05,2022-07-25,hybrid,active,Dongola,742.31
a2201cfa-85a5-4e6e-8013-b549bda74f20,,41096006616,Mahdi,Adam,M,1965-12-30,2022-12-01,prepaid,churned,El Fasher,1892.33
af92dbf6-0818-424f-8138-e86ccfbe6406,09185697918,14336975755,Abdalla,Salih,M,1983-08-01,2023-05-06,prepaid,active,Port Sudan,1341.61
47894829-cbcc-4e0c-825f-01de417b886e,09123882499,69660818758,Fatima,Issa,F,1963-04-01,2022-06-15,prepaid,active,Khartoum,964.82
50edd66d-b983-4419-97bc-ce8cec2294be,09165126193,79022930944,Sawsan,Bashir,F,1979-04-30,2020-08-05,hybrid,active,Gedaref,986.49
a4d1e546-b517-45a8-8196-178d2be944e3,09189900725,66872306365,Leila,Bashir,F,2000-01-29,2024-06-24,prepaid,active,Omdurman,3236.75
de000e45-1647-4660-9421-dc0cdf493d62,09126777679,59322496737,Abdalla,Hassan,M,1967-02-20,2025-01-05,postpaid,active,El Obeid,3897.32
5199484c-80c9-471c-97da-4d8d723b6267,09184540289,44388269769,Ibrahim,Adam,M,1985-01-05,2021-01-11,prepaid,active,Nyala,2434.52
11c7825e-7a69-45e3-8a98-c19a6409180f,09186908786,39141835909,Sawsan,Suleiman,F,1985-08-05,2025-03-09,prepaid,active,Gedaref,1455.15
3e56da9d-975d-4aa4-9d6b-8e455a6264ca,09162544527,86109547287,Abdelrahman,Mohamed,M,1984-11-15,2020-06-19,postpaid,active,Omdurman,4360.42
5709b0a9-fcee-4c03-930c-a0967c239ad8,09123782803,56899108587,Mustafa,Yousif,M,2003-02-02,2023-11-27,prepaid,suspended,El Fasher,1791.14
3581c151-39ae-414b-8cc1-20251828721c,09166797463,17718626678,Nasr,Ali,M,1996-11-19,2020-08-05,postpaid,churned,Gedaref,1132.31
6f3ab644-a499-48ef-8fa6-79c1cac98568,09120326249,86409466549,Jamal,Hassan,M,2003-08-24,2023-11-06,prepaid,suspended,Port Sudan,1970.74
c849f882-748e-427d-9c72-b86695b81208,09185412176,20801289348,Mustafa,Mahjoub,M,1974-09-02,2024-07-12,prepaid,churned,Gedaref,3370.55
802f7aed-be92-4610-bbf6-c6b5c8942c53,09165045686,96900192331,Babiker,Osman,M,1988-05-12,2021-02-17,postpaid,active,Kassala,4461.71
08dd43fd-d55f-4447-ae45-ae062b1d1baf,09184276861,27793333569,Widad,Musa,F,1987-11-16,2021-04-25,prepaid,active,Kassala,1282.49
53d9f485-fa1f-4fde-b105-be3ced49665f,09162950641,03184173265,Hala,Abdullah,F,1972-08-10,2021-10-20,postpaid,active,Nyala,1847.27
06b34ae6-e36f-4df4-a936-30e1167b9289,09181203846,72644019892,Samira,Hamid,F,1970-04-10,2022-07-21,hybrid,active,El Obeid,4910.4
d33fe796-7163-4b63-9d09-ea6f0458f63d,09186286078,13847513407,Rania,Musa,F,1984-07-05,2025-04-05,prepaid,active,Sennar,1586.46
99d021a9-a3fb-4458-951b-c5f93b976ff6,09165465120,69061195973,Mustafa,Mohamed,M,1999-06-10,2021-04-28,postpaid,active,Khartoum,1160.17
9aee3ba4-437f-4246-8298-cbcf94f1bdd2,09129442805,40092319507,Hala,Salih,F,2004-07-17,2022-01-24,prepaid,suspended,El Obeid,3422.7
448f9f37-dbe5-4148-8d26-925b3a196722,09183292620,55556284975,Ali,Idris,M,1994-07-02,2022-12-08,hybrid,churned,Wad Madani,3457.21
add03a85-dcbf-4fe0-8122-add30b8a77b0,09189431095,18885787828,Nasr,Osman,M,1961-05-10,2024-10-24,postpaid,active,Sennar,4345.32
f36c6df5-b4ed-428d-a28f-2ce6889781ca,09121898659,84607456256,Sawsan,Ibrahim,F,2001-12-18,2020-01-12,prepaid,churned,El Fasher,497.03
16e96805-9bb6-4a8c-80a4-5045fa6b9dc5,09165098020,75204690743,Mona,Nour,F,1961-11-14,2025-05-20,postpaid,suspended,Ed Damazin,2664.83
6a01e36d-598f-453c-bf11-43362d692d14,09120244407,31971890112,Sara,Suleiman,F,1965-03-13,2021-08-31,postpaid,active,Bahri,3052.12
2ff980fb-0e4b-4c66-98d1-8787b9f99841,09184261666,47107935275,Salah,Suleiman,M,1997-09-15,2023-02-13,prepaid,churned,Sennar,124.7
99c78773-8f83-4c26-94a6-02e46fd1d499,09126183215,29007416643,Ahmed,Adam,M,1963-05-19,2024-09-04,postpaid,active,Kassala,741.84
eafe46d3-a79b-4488-982e-5e3b056d5f53,09162324644,71060606737,Omar,Yousif,M,2000-08-26,2024-06-29,hybrid,suspended,Bahri,362.0
864d241f-27d0-45b9-99a9-86fb8635248d,09162908479,80117056476,Mohammed,Mohamed,M,1989-09-12,2024-08-02,hybrid,active,Gedaref,1823.3
5cf00a71-c39b-4de0-a5c1-25a3605fd3db,09187594791,09999378486,Ali,Yousif,M,1988-03-19,2021-05-19,prepaid,suspended,Wad Madani,22.29
f3def063-0c7a-4270-83f5-75a64581211b,09120498207,00026755475,Hassan,Idris,M,1978-02-24,2025-03-29,postpaid,suspended,Gedaref,3557.1
cb80bae7-fbd7-4333-8550-895e309027e8,09161172303,58217263308,Tariq,Hussein,M,1964-09-30,2022-03-13,hybrid,churned,Kadugli,4068.45
1e0641f1-870d-4459-9a14-7ccb10fb5f6b,09186112580,44306577211,Jamal,Nour,M,1971-12-24,2023-10-15,prepaid,active,Wad Madani,528.51
d690e1ad-c0ed-43cd-b7d9-0c1d1b220bb3,09163521526,73711070686,Abdelrahman,Hamid,M,1998-11-10,2022-05-01,postpaid,churned,Kadugli,1535.68
fa821d66-7ea4-4904-b227-f8e0a5b56a48,09166895374,25257768997,Babiker,Suleiman,M,2003-04-11,2021-11-17,hybrid,suspended,El Obeid,442.19
ed032772-c378-4142-92d9-5406857c0631,09182370140,95071519963,Amira,Osman,F,1972-08-19,2021-11-25,prepaid,active,El Fasher,4554.43
1ac0eecb-9602-4bf8-a295-67d3317093cc,09169533841,62906288156,Huda,Abdullah,F,1995-09-02,2020-06-15,hybrid,suspended,Ed Damazin,965.07
25c65105-2b05-4495-9777-6df061bcebab,09188343493,63568087793,Babiker,Abdullah,M,1985-07-06,2024-02-22,prepaid,active,Sennar,1302.94
c4e8227d-6286-4ce8-a24a-2b64abcc4795,09128743096,47429326834,Hala,Hussein,F,2003-05-02,2020-03-16,hybrid,active,Dongola,861.24
5e5bcbe7-f336-487d-846d-3a2a2a493c67,09189084548,26277331258,Omer,Ali,M,1968-08-17,2021-02-09,hybrid,suspended,Kadugli,2802.0
71753ace-e588-4cbc-8866-4b7da6964cb3,09124197447,65224696851,Amal,Idris,F,1996-12-24,2025-01-15,prepaid,active,El Obeid,360.75
4bca8b26-d3cb-4089-a2aa-cb8737ea0776,09165470500,57458076648,Zainab,Bakri,F,2001-03-27,2024-05-27,postpaid,active,Wad Madani,3332.45
9d6187a2-40d0-4b9c-9fa4-c5b7e319fb5b,09168335948,22452488160,Dina,Mohamed,F,1976-12-15,2023-02-06,prepaid,active,El Fasher,2119.59
2a189412-b905-413c-b0cf-c8b17d95df48,09161191014,73912983584,Dina,Hassan,F,1985-04-10,2024-10-06,hybrid,active,Omdurman,673.34
5399d95b-1a58-40d7-a5ab-d1f0c741bc5b,09181568539,09174479408,Abdelrahman,Fadl,M,1960-03-06,2021-08-20,prepaid,suspended,Ed Damazin,3783.43
a4fd23dc-6e12-4da2-a1b5-3c933a226f74,09180641996,58402937645,Yousif,Mahjoub,M,1971-05-16,2023-07-16,hybrid,active,El Fasher,4830.86
d93aee73-132d-4ba8-9ab9-d4ad1b96b0ef,09165626008,05980188800,Ali,Bakri,M,1982-03-13,2020-01-01,prepaid,active,Port Sudan,2280.32
6ea39efb-6d43-4a47-85a9-3d23e4bebb94,09182203071,08169223976,Sawsan,Fadl,F,1995-02-17,2021-06-03,prepaid,active,Omdurman,1741.99
dc00d5d0-c770-4e2c-91be-9a836e46b959,09127027292,94286358349,Kamal,Bakri,M,1975-01-10,2023-04-28,prepaid,active,Gedaref,4478.27
34e4b52e-cad5-4848-9b56-692b2486dc47,09165910923,35588572834,Nadia,Suleiman,F,1995-11-20,2021-10-31,hybrid,active,Atbara,487.23
8a3ee55a-2919-4eb1-af88-f50abd4be472,09187530296,14990941679,Babiker,Musa,M,1989-05-27,2025-05-02,hybrid,active,Khartoum,935.51
35d2b55d-a3ef-44ac-bc11-62b20493be10,09168118917,28458487494,Mustafa,Musa,M,1963-11-07,2020-05-17,hybrid,suspended,Nyala,919.24
47c728dc-49bb-4b01-9884-25d54adbc45c,09127200805,70197435752,Mona,Bakri,F,1971-07-24,2022-10-22,postpaid,churned,Ed Damazin,3487.5
335d0b11-869d-4529-96bb-9fb2526a37fb,09188469001,58123624249,Sawsan,Adam,F,1985-08-10,2024-02-11,hybrid,active,Bahri,4865.47
039f9e4a-ffcc-4dbf-b2f8-45030f6480d4,09124460957,72487747630,Salah,Bashir,M,1979-01-28,2022-11-01,postpaid,active,Wad Madani,3016.09
e7c47290-f2ba-45e1-a0c5-538c997322f6,09186347418,04202230597,Mohammed,Mohamed,M,1990-11-19,2023-11-19,prepaid,active,Gedaref,4130.65
4f617ea7-a1c3-434d-b1f9-73019c630f6d,09165755525,86856850664,Tariq,Fadl,M,2004-12-10,2024-01-21,hybrid,active,Nyala,1549.4
f3890281-2bf4-4350-82bb-e3f6e935dad8,09120025546,45334798529,Mariam,Osman,F,1983-10-27,2025-05-28,hybrid,churned,Kassala,1439.14
9a219290-9f77-46ff-9080-8155d45d45e4,09992981332,95118196138,Abdalla,Issa,M,1999-07-21,2023-02-04,hybrid,active,El Obeid,2819.24
2f307133-3d92-45bb-8fb0-18048d00c713,09128016774,36048909859,Widad,Abdullah,F,1973-12-05,2023-09-24,prepaid,churned,Port Sudan,3422.26
b79994d9-0e42-40f9-874f-a953ff572ce6,09183476889,38616187764,Nahla,Idris,F,1988-05-20,2024-06-14,hybrid,active,Kassala,945.26
6c6c4c8c-cea2-49a1-ac1e-d0c7702e0fc9,09181790053,12605574028,Leila,Ali,F,1987-02-03,2022-11-09,hybrid,active,Gedaref,4842.63
4eb1d335-1163-4bf2-8d01-889c039497f3,09122681307,83731835941,Mona,Mahjoub,F,1975-05-06,2022-01-03,hybrid,churned,El Obeid,2915.01
becabe2a-93fd-495e-8eaa-b0ad8c0d9b99,09122455711,62743514928,Babiker,Nour,M,1996-12-06,2021-09-16,prepaid,active,Khartoum,769.29
6992b58f-d1fe-47ae-94bb-fd09547d76d5,09181060763,,Amira,Hussein,F,1992-11-22,2023-05-21,postpaid,active,Nyala,3191.59
be96aa31-5d17-4245-87d9-e54109cf65ff,09162151435,17236850448,Amira,Ali,F,1992-08-16,2021-06-10,postpaid,active,Ed Damazin,3755.82
da0ba106-c20c-414e-8ed0-49c05c0858ef,09187224055,30611390045,Osman,Salih,M,1972-02-17,2024-01-10,postpaid,suspended,Bahri,981.61
9dccff03-fcd6-4312-9a71-d670f3b36f23,,38598182843,Amira,Issa,F,1999-05-13,2022-07-12,hybrid,suspended,Atbara,2802.73
920ca57a-8065-4770-b9cc-c21333692edf,09128079266,09404475017,Nahla,Ibrahim,F,1988-03-23,2020-02-18,postpaid,active,Kadugli,1958.39
93c79c23-69f0-45db-8125-b1fe3c450521,09186972232,42043006319,Salah,Musa,M,1969-06-03,2020-04-25,postpaid,suspended,El Fasher,4190.64
a3fbbf0d-1e34-4996-8d40-307221e7f019,09169114202,86122328614,Salah,Osman,M,1960-03-05,2021-02-12,hybrid,active,El Obeid,1489.73
048dea17-dd9f-4342-8b6b-32f4e8272ef1,09120232000,13278928243,Yousif,Salih,M,1989-11-12,2020-07-09,hybrid,active,El Fasher,2835.87
82896ca7-1602-4ab1-b8dd-3449e11b02dc,09129561762,94846764089,Osman,Osman,M,2000-10-03,2023-11-25,hybrid,churned,Port Sudan,1879.82
4eef1712-9ae6-46ad-a357-caa772e145c3,09127090633,60273156726,Jamal,Ibrahim,M,1966-03-06,2024-03-02,hybrid,churned,Gedaref,989.03
d67f2adf-3b7d-49a3-b539-5108c56bd013,09188977738,24382146292,Abdalla,Musa,M,1974-11-14,2021-08-01,prepaid,churned,Kadugli,1115.44
0e9d9d0d-6717-49c9-8d77-24299cda703a,09162235906,27094014412,Hassan,Nour,M,1987-12-12,2022-11-17,prepaid,active,Bahri,1258.2
4b609a44-7f6b-466a-8d77-e15f271364bc,09189393504,62933741535,Fatima,Nour,F,1981-01-07,2021-10-05,hybrid,active,Wad Madani,3219.66
709bb3a5-4b48-4f2c-965e-901bafa129ca,09163094587,59508257232,Nasr,Adam,M,1977-02-21,2020-02-13,prepaid,active,Wad Madani,2106.85
1f5f30a2-f674-4eb0-bc98-98fbf08f49bd,09184674752,91483565086,Somaya,Salih,F,1972-03-26,2021-03-09,postpaid,suspended,Kadugli,4675.86
ed7dec09-c4f3-4499-bc9c-1683155c008d,,62412667680,Osman,Hussein,M,1983-10-20,2020-06-02,hybrid,active,Nyala,1511.09
71a16e0e-c21e-4f08-bcc1-483d633e609b,09165320654,32614340371,Nadia,Ali,F,1990-12-21,2021-04-09,hybrid,active,Gedaref,598.81
df372dbd-466e-4cce-b7ce-d25067813be9,09120953122,52649747870,Dina,Bakri,F,1999-01-05,2023-09-23,hybrid,active,Nyala,1452.36
7c5f72ea-9249-4467-b550-5829b962aa49,09160781010,12448056942,Amal,Mohamed,F,1969-05-26,2020-12-15,hybrid,active,Kassala,3582.29
0bf856a4-71a0-4d18-b867-4568de67f22d,09181007231,49204993064,Mustafa,Idris,M,1965-01-28,2022-04-03,prepaid,active,Khartoum,2292.1
b1a393d6-9c20-480a-94f1-0e88b7d583d5,09125503158,87850660675,Sara,Abdullah,F,1970-05-21,2022-04-10,prepaid,active,Port Sudan,1727.82
1119a9ac-26dc-423c-9f64-cc371790fa35,09161427702,15386115111,Fatima,Mahjoub,F,1998-12-22,2026-06-10,hybrid,active,Omdurman,1280.27
aa4e87d1-edfa-46bb-97d6-1254d3e55484,09126504725,53107371220,Mohammed,Yousif,M,1999-05-11,2021-03-26,postpaid,active,Wad Madani,3239.75
d317c611-9363-4155-89d0-211383603454,09188609692,53360109993,Abdalla,Adam,M,1966-09-03,2025-01-09,prepaid,churned,Sennar,4186.66
f83190b3-2bd8-4c5b-91ce-7cd8b28ede30,09188129719,22887415949,Nasr,Suleiman,M,1973-06-16,2023-01-10,postpaid,active,Kassala,3538.47
4660f930-bbe8-4ddf-a201-88669926e259,09162738696,64811051292,Salah,Hamid,M,2002-01-06,2021-04-06,postpaid,active,Sennar,2130.33
6c2671a4-a2c8-4dee-b971-6d234dc245cb,09168107082,40893513315,Salah,Bashir,M,2000-10-06,2024-11-25,prepaid,active,Bahri,3359.17
e4bf1923-4639-4158-ade7-2c4d7acb5b75,09182017295,12660869611,Huda,Yousif,F,1961-10-14,2024-09-19,postpaid,active,Port Sudan,3123.92
a020f7ed-70d7-4a3b-9776-0f965a5a7bdb,09163608633,39950666760,Mahdi,Yousif,M,1990-07-15,2023-01-05,prepaid,active,Khartoum,3243.03
176390cb-fd11-41a9-9db8-d8748b9de3a1,09183069250,98055644199,Nasr,Mohamed,M,1985-10-30,2020-07-28,prepaid,active,Nyala,329.16
f6d04c9d-06e9-4997-8e09-f65ab17924d8,09189907619,18149836784,Yousif,Suleiman,M,1961-04-15,2026-05-14,prepaid,suspended,Omdurman,2249.59
3fd4c3cd-6408-4fbf-9741-a5e75c11c392,09167550043,75315752295,Omar,Fadl,M,1964-09-14,2024-07-30,prepaid,suspended,Nyala,178.89
89130ac2-ac50-47ba-a794-e267efd43890,09164867567,53515347439,Hassan,Hamid,M,1972-04-04,2024-03-22,prepaid,active,Bahri,283.61
e43c0967-89a3-4e87-b5b7-a926a2756a86,09181010320,82341609909,Hassan,Fadl,M,2001-08-18,2022-12-15,postpaid,active,Wad Madani,4033.2
5b1ddaa4-4327-4cea-921e-85cfa8790879,09180764449,04394616222,Hala,Abdullah,F,2001-10-29,2023-10-11,prepaid,active,Khartoum,1702.39
33cd59e1-71f9-4ddd-b36f-913ae029da14,09122846559,21895688649,Yousif,Yousif,M,1979-06-27,2021-08-19,hybrid,active,Kassala,1761.39
d52b8c0a-1fb6-46d6-849f-20427bbda8ac,09123848761,44433736090,Jamal,Mohamed,M,1989-07-17,2023-09-23,postpaid,active,Sennar,2339.22
92a1aed9-fe79-47a5-9793-10946ee7c876,09183429002,49278523461,Sara,Hassan,F,1988-06-20,2020-08-03,prepaid,active,Kadugli,2132.49
6a13d35c-4d15-4aaf-ba98-9bbbef8a05bf,09160106658,97824256582,Tariq,Suleiman,M,1979-08-09,2024-09-25,postpaid,active,Dongola,4582.76
f2f13868-f2aa-4dcc-a945-0517450341b1,09123986383,46690814498,Samira,Musa,F,1995-02-08,2020-05-15,prepaid,active,Nyala,3968.28
1967d352-257e-446e-9be4-464dca545d48,09125307079,19048786015,Jamal,Osman,M,1965-07-28,2024-05-20,hybrid,suspended,Gedaref,1129.46
e6c8afd0-1305-43ed-939d-8a2a0d1aedb3,09129829454,18337881474,Leila,Abdullah,F,1972-12-24,2022-12-23,prepaid,active,Ed Damazin,1542.56
07131f42-7421-4d95-8408-8c08a13e7245,09185007867,75500535760,Mohammed,Ibrahim,M,1979-09-25,2023-05-04,postpaid,active,Nyala,339.81
50b9c3bd-2dc5-4605-acee-066068bf9d49,09125163295,66148243648,Nahla,Idris,F,1990-09-07,2020-08-21,postpaid,active,Sennar,2248.01
68dffdba-c272-4fb5-9793-39db77fcee3a,09126146017,41964000925,Nahla,Ibrahim,F,1996-12-27,2024-05-05,prepaid,churned,Dongola,1650.25
a626d6ed-7720-4bc2-a6b1-627aeeb9eec0,09183877765,40234714513,Zainab,Bashir,F,2000-07-10,2022-04-26,hybrid,suspended,Gedaref,638.58
4bdb5c52-3c56-4c22-a8d7-3e74023b0c99,09186529367,56275454034,Omer,Issa,M,1982-02-21,2025-02-22,postpaid,active,El Obeid,1646.18
851669f4-5181-42aa-b2b9-064e094c09f3,09180947054,47658390187,Rania,Ali,F,1994-07-19,2025-02-27,prepaid,suspended,Khartoum,1362.8
22e9c35c-ad4f-41f1-9846-153acaec579c,09161583443,02997385442,Zainab,Nour,F,1985-02-22,2020-07-07,prepaid,active,Gedaref,1297.67
09faf7fe-64b7-45ff-b521-2c8a69b12ba7,09188698908,76342724771,Abdalla,Hamid,M,1969-12-30,2022-12-26,postpaid,active,Port Sudan,2402.13
e85fb265-50ca-4fe7-aaef-b0d5e176851a,09126217367,13873140319,Osman,Hamid,M,1970-07-12,2023-05-20,postpaid,active,Gedaref,3591.63
97ffd54e-fbd7-40ae-b4ba-3940ba9e7542,09188896762,18224792247,Hala,Suleiman,F,1996-04-26,2024-09-11,postpaid,active,Dongola,2279.23
30ad34b7-d246-4adc-938a-f2411f6555e6,09189579257,85235298009,Huda,Idris,F,1976-12-18,2022-06-27,prepaid,active,El Fasher,1195.88
41355eb7-10be-47f1-b9b6-ff2b0b588aa3,09121558221,81951719070,Abdalla,Fadl,M,1999-01-03,2023-11-18,postpaid,active,Dongola,3028.61
9a275c6b-ff8e-4112-a25a-b5f6863ef6ff,09164538336,42550353321,Hassan,Hassan,M,1962-12-19,2020-11-07,prepaid,active,Kassala,3490.54
6becd935-61c9-4c30-b600-fbdcd9e0c786,09189597703,17056825832,Abdalla,Mahjoub,M,1963-09-09,2020-07-27,postpaid,suspended,Port Sudan,1648.76
8e4b83bb-1055-4cb7-882a-7cee56c9d810,09188836863,64449810632,Salah,Fadl,M,1997-01-03,2023-10-25,prepaid,active,Dongola,135.6
d7c040ea-23e7-4bb2-8d86-6778f7f11507,09184299211,92474350697,Mustafa,Hussein,M,1975-03-16,2020-07-04,hybrid,active,Port Sudan,2513.2
cf8aa2b8-b37b-42a3-ac32-65fbafde6316,09123829983,99015059547,Omar,Hussein,M,1998-03-14,2020-09-01,postpaid,active,Gedaref,304.55
1729d910-d37d-4796-bf83-59002d3d94ea,09120400546,80131433605,Sawsan,Mohamed,F,2004-04-13,2022-03-24,prepaid,active,Sennar,4411.8
ac3341f9-4671-41c4-a6ad-5cffebb5d42c,09169929179,19690913641,Nadia,Mahjoub,F,2003-12-20,2025-06-22,postpaid,active,Sennar,2844.91
847d5ae2-a16e-4cfc-a623-0a3089c365e8,09183609016,80115360964,Intisar,Salih,F,1978-11-10,2026-06-06,postpaid,active,Kadugli,4915.24
896392c0-3246-4424-9e6c-05a16ddef53d,09186015353,05325624888,Mohammed,Adam,M,1961-07-25,2022-07-22,hybrid,active,Kassala,2059.01
ae21e643-1749-4c58-a689-8601dc707ef5,09126932405,74119353910,Leila,Issa,F,1981-01-12,2024-05-13,hybrid,suspended,Omdurman,3468.06
339b2860-9580-426c-b293-5f0ae2df7efa,09180952185,86804394290,Nahla,Bashir,F,1962-12-07,2024-05-18,hybrid,active,Atbara,4935.45
a5abc9b0-e789-4734-8417-852ed80025ba,09129803703,77312058869,Nahla,Nour,F,1987-06-10,2024-06-01,postpaid,active,Khartoum,2284.56
619e7a3c-2a21-4432-a81e-646574e116d5,09129514050,18136170004,Hassan,Idris,M,1992-02-06,2022-08-03,hybrid,active,Sennar,4251.65
b4e3da67-2bd5-40a1-b97e-9a874894d29f,09181094525,53962556144,Hassan,Idris,M,1969-01-26,2021-04-27,hybrid,churned,Gedaref,3461.91
3f3221f9-44f6-4a73-89fa-3af84a1aafd0,09129321529,41761114832,Amira,Abdullah,F,1982-06-22,2020-04-27,hybrid,active,El Obeid,4640.39
df272bec-61f2-4f01-904b-357e6ffc2021,09126694810,01123301679,Huda,Hussein,F,1994-03-25,2022-11-13,postpaid,active,Nyala,3252.69
58d402e6-2633-4eb3-8ecb-9c396554c6fc,09183684143,44622807490,Ali,Bakri,M,1988-02-25,2021-09-12,hybrid,active,Kadugli,3651.94
2dda978a-f905-494c-ae90-e5dc451b1cd6,09160942816,83625772108,Osman,Suleiman,M,2004-01-01,2021-07-28,postpaid,active,Ed Damazin,611.56
a3b80a80-0f43-4df6-860f-f353e0d551b9,09167981555,18495529643,Intisar,Abdullah,F,1988-06-23,2025-10-10,prepaid,active,Port Sudan,641.07
86ce86a7-714f-4f2a-a47c-d7424b83ba6d,09180202917,26513420457,Rania,Mahjoub,F,1969-12-23,2022-01-28,prepaid,active,Gedaref,4316.8
c143f8ba-1c8a-4c1a-89a6-ce7b6f26e419,09120241300,11314644214,Amal,Mohamed,F,1982-04-12,2023-12-15,hybrid,active,Dongola,4374.63
5977ce52-908d-4e6e-8c56-ec7b1c9dd82a,,49769799872,Leila,Suleiman,F,1991-07-16,2023-06-05,hybrid,active,Dongola,3898.88
8b83b2f8-5617-438e-9ddf-a0ab59c275aa,09186499672,76339680071,Fatima,Bashir,F,1969-07-04,2026-06-20,postpaid,active,Khartoum,3290.81
e6a03b5f-8785-4139-9dd8-a7eca6e3215b,09127042259,33238143316,Omar,Abdullah,M,1966-09-03,2023-09-02,postpaid,active,Atbara,4398.51
83adfc41-fef6-46f2-8c0e-bce7c416126b,09160711989,51115787239,Dina,Mahjoub,F,1965-05-21,2021-09-04,postpaid,active,Dongola,1844.74
44d5c012-7e7d-49f3-afdc-7e2bdad61d6c,09164236245,88469371478,Fatima,Ali,F,2004-07-29,2022-12-12,prepaid,active,Khartoum,1784.88
7d1877c1-08b3-4f4a-be6e-6f904fe8cee9,09184440027,48942443793,Khalid,Fadl,M,1996-06-04,2023-04-25,postpaid,churned,Kassala,1547.79
844bc679-ab7c-458b-bc7d-6bbc759003f2,09188161827,73477496784,Mariam,Hassan,F,1993-08-19,2021-01-24,postpaid,suspended,Sennar,4938.36
531bf9cf-3aa1-43fb-8a56-8ba200d3f03d,09125675413,54557970790,Tariq,Nour,M,2002-09-20,2023-10-05,hybrid,active,Kassala,3154.56
65e0dbab-c7f0-4e40-9995-5e95fc576747,09127314127,25921298567,Ahmed,Adam,M,1971-05-30,2022-03-13,prepaid,active,El Obeid,3940.59
840baf79-c118-4ae5-94d7-3fa8f3cf25a1,09167485652,64243742822,Osman,Hassan,M,1962-02-14,2021-07-28,prepaid,active,Omdurman,17.64
d6514eab-37af-4dad-a141-319ac1644bef,09126520148,76096737250,Amira,Bashir,F,1964-12-05,2024-11-17,prepaid,churned,Omdurman,3673.81
8d675eb7-a2df-4f69-b1e0-dcae721394ee,09160650696,15884452364,Yousif,Mohamed,M,1983-09-20,2020-08-12,prepaid,churned,Khartoum,4001.91
bd79f4c8-24d5-49d7-88d2-48a3c57795a5,09186760406,23215175196,Mohammed,Bakri,M,2002-05-31,2025-01-07,prepaid,suspended,Nyala,137.31
bfc1942e-91f2-4cd4-b5ae-e75e46655af5,09163422070,43107722287,Amal,Abdullah,F,1982-10-08,2025-04-03,hybrid,suspended,Ed Damazin,2533.31
472d1803-90cc-44b6-9d53-871dd15aa607,09128601767,87388011130,Nahla,Salih,F,1991-05-29,2021-06-18,hybrid,churned,Bahri,4724.9
9926be08-7d20-457f-8e64-3e85c22312d2,09127750448,06324489684,Rania,Hussein,F,1996-10-05,2020-04-17,postpaid,suspended,Ed Damazin,4674.89
869e1f1a-0103-4022-a233-1319b10e0cd2,09164279339,97021461690,Salah,Issa,M,1987-12-24,2024-01-11,hybrid,active,Khartoum,744.08
d9761aba-b6b8-45cf-a7c7-99bf80d923b0,09161904377,02967050356,Mona,Idris,F,1975-02-08,2022-01-08,postpaid,suspended,Gedaref,1371.15
4ab64c69-e759-40bd-9bca-6ae5c6ad185c,09168511990,65632267911,Hala,Adam,F,1966-11-26,2024-03-06,hybrid,active,Bahri,1738.2
040cc273-c60e-4edc-816b-e32c7cc9a931,09126942229,25384187576,Rania,Mahjoub,F,1967-10-09,2024-03-02,postpaid,active,El Fasher,808.98
2ad7c522-65de-42a5-ba06-1c6f3718ac06,09126607983,34083378361,Sawsan,Nour,F,1991-07-20,2025-05-25,hybrid,active,Nyala,2073.24
9d8ca655-0e31-4b57-a77c-3d8c853ebc40,09169565300,02275093604,Jamal,Adam,M,2002-03-13,2020-01-18,hybrid,active,Khartoum,1174.31
1c01ba45-af47-4d76-8289-88ddace08677,09181374727,93922689495,Mustafa,Hussein,M,1983-04-30,2021-05-05,postpaid,suspended,Sennar,4379.98
add66f96-e50d-4f74-b7a9-ff96c884aa99,09183240728,19598161809,Salah,Mahjoub,M,1962-10-06,2025-02-06,hybrid,active,Khartoum,1313.87
06f36b03-918d-49e9-9acb-8d03865a5d75,09162445227,59426732722,Salah,Ali,M,1973-04-01,2020-11-12,postpaid,churned,Port Sudan,730.03
cfe011fc-bd68-452d-bee1-a1bab63cf1a4,,16516086249,Salah,Suleiman,M,1989-02-26,2020-11-26,prepaid,active,Nyala,2130.48
779765c0-bcad-4970-8a8a-8e16203bda66,09129664711,81320723919,Widad,Musa,F,1967-10-30,2024-07-27,postpaid,churned,El Obeid,4632.13
ca281466-e49c-443b-979d-db5766903a38,09188516765,59991966976,Sara,Hamid,F,1965-07-06,2021-07-24,prepaid,active,Kassala,4917.21
9f218c8f-51d1-40f4-9123-eab00f9a5b99,09127043424,91626317774,Mariam,Salih,F,1984-07-12,2021-04-04,prepaid,active,Kadugli,929.65
f402a566-c48a-4705-96b2-34fcc0e171c2,09128190347,31751029583,Kamal,Fadl,M,1989-04-30,2020-02-15,hybrid,active,Port Sudan,841.46
1515b4da-8e72-43d8-b4b9-2a5a854cd562,09185135634,31719163354,Leila,Ibrahim,F,2000-01-13,2025-05-05,prepaid,active,Kadugli,1302.34
2a2e2fbb-f18a-4eb7-aece-235386808870,09164176892,20682994580,Tariq,Ali,M,1975-08-02,2024-05-10,postpaid,active,Omdurman,3371.41
e0b8ecab-c631-44a8-913c-15adec1f5514,09126254993,14536513386,Kamal,Nour,M,1969-12-15,2021-11-23,postpaid,active,Kassala,4243.51
b74e500c-178e-40c5-8afb-a3f16e733e71,09164337073,,Omer,Adam,M,1981-06-21,2020-08-30,prepaid,active,Gedaref,2643.24
014fe552-d611-485f-a6a3-10742676a652,09162967204,18629319167,Salah,Suleiman,M,2000-07-28,2022-09-01,hybrid,active,Wad Madani,1925.63
b208fa9c-655c-4a05-bcd0-0753e13c9951,09182553175,50461614384,Fatima,Hassan,F,1964-05-20,2021-12-05,hybrid,suspended,Bahri,4226.98
26fbd26d-e141-49ab-8374-d6ecb2a7c2f2,09169094142,50956360385,Mona,Bashir,F,1988-11-24,2021-05-13,hybrid,suspended,Bahri,949.15
92be1efa-a4c1-4113-acba-4701651e13b4,09167834358,59919776385,Nasr,Suleiman,M,1995-02-24,2024-11-23,prepaid,active,Sennar,3235.77
f0ee441c-ffa9-475b-b99f-1d1c2d35e76a,09126628711,71653595539,Mahdi,Hamid,M,1984-02-29,2023-02-21,prepaid,active,Atbara,2606.86
e9eb502b-878f-4d6d-8490-46717d843258,09186309972,85541793943,Nasr,Idris,M,1967-08-22,2022-08-28,hybrid,active,Kassala,794.44
cac75501-848a-4145-8faa-63245430c090,09990779975,57404052770,Samira,Mohamed,F,1978-01-14,2023-02-17,postpaid,churned,Nyala,1901.8
802a8d72-a8dd-4ade-8121-692f0ea9f138,09165194072,34615041170,Kamal,Adam,M,1973-09-20,2025-09-13,prepaid,active,Atbara,717.69
510bb0eb-da84-4cb3-b5da-50cbf051b06a,09122950114,74729905552,Nasr,Adam,M,1981-08-03,2024-02-05,hybrid,active,Atbara,139.57
4ef16961-4c93-4d90-a927-6c693876b156,09184568442,63333884651,Mona,Fadl,F,1963-10-09,2021-10-05,hybrid,active,Port Sudan,3959.92
5fb65741-7d0c-41b1-bfd6-e9ccaedf1c99,09121606449,03593417733,Huda,Ibrahim,F,1985-07-17,2021-12-27,hybrid,active,Gedaref,3517.71
7fe86f52-87ea-4538-8c77-4bf3eb734b37,09182182160,63923186781,Mariam,Bakri,F,1967-08-15,2020-03-25,hybrid,suspended,Ed Damazin,303.73
24717f3c-b893-45a4-a0e7-565d74adf7f0,09126970257,95356441193,Jamal,Bakri,M,1991-04-13,2022-06-26,postpaid,active,Wad Madani,1953.46
acb4cc78-fe79-48ed-99d3-3de4cdfbba8d,09122384920,31759145090,Rania,Salih,F,1962-02-11,2021-08-17,hybrid,active,Gedaref,2396.29
9bee4ea0-b793-4921-becf-18130e49ab39,09185391067,33382765348,Somaya,Osman,F,1964-09-15,2021-07-07,hybrid,active,Nyala,1956.05
e1885fbc-420f-49cc-8537-c1376aa91c31,09168552010,15444847920,Ali,Bakri,M,2000-01-24,2022-04-22,prepaid,active,Gedaref,3639.07
08546fbd-35ad-4fee-b944-ab7c95e6db77,09182217759,90254983910,Fatima,Ibrahim,F,1978-09-25,2021-06-30,prepaid,active,Omdurman,3615.53
99ea5997-3564-4e30-b51a-c262f07364fe,09120297295,75512637007,Zainab,Nour,F,1998-04-01,2021-10-19,prepaid,active,Gedaref,903.41
3d4f6b56-84bb-4563-a4e5-6cfb3893d2bd,09168992127,46213345958,Hala,Hamid,F,1975-11-20,2025-06-08,hybrid,churned,Nyala,4683.68
4830c4be-3188-4069-bb69-cd08fb916816,09185909944,14753763782,Kamal,Ali,M,1991-04-19,2023-07-20,postpaid,suspended,El Obeid,2716.99
c68ca711-20d5-4d05-a60d-535a7fc73a1e,09185577051,86506799645,Dina,Hamid,F,1965-12-23,2020-11-04,postpaid,active,Khartoum,1565.08
200e9199-9aea-4238-9044-7b154731a481,09160426469,79508046606,Dina,Nour,F,1979-10-09,2024-04-24,hybrid,suspended,Kadugli,917.7
7c74a0af-e7cb-4907-8fbe-ead436245e7f,09127502092,25212380294,Mariam,Hamid,F,1983-10-25,2023-04-02,prepaid,suspended,Nyala,1217.4
e4648227-69fe-44ec-ba03-c0d66c02432d,09164971512,95458938533,Abdalla,Nour,M,1989-09-27,2024-04-03,hybrid,active,Atbara,3136.58
25d65616-6e43-46e3-be49-2db43b2721b7,09163595228,75120901817,Omer,Mahjoub,M,1987-02-01,2024-11-21,postpaid,active,Omdurman,612.5
23a11dc4-812a-45b7-8997-78f936808ce8,09160989105,04596197400,Amal,Ibrahim,F,1992-06-27,2025-03-31,postpaid,active,Wad Madani,1039.68
9305dd16-ae87-433e-bcb1-da169a7456ce,09184210420,84182865490,Mona,Suleiman,F,2001-09-26,2024-08-27,postpaid,active,El Obeid,174.15
44782dd3-8091-4012-8f3d-2647b855223c,09180937577,07960616941,Osman,Hassan,M,1978-12-14,2023-02-08,prepaid,active,Wad Madani,1312.77
9c64dd64-45e5-4ae8-9975-d26bfe5985ff,09165958277,06992269156,Salah,Suleiman,M,1982-08-04,2025-02-01,prepaid,active,Khartoum,4254.6
641fb4df-9307-4d35-a33c-cd02d959b0ba,09120235120,94596915734,Dina,Hassan,F,1983-06-13,2021-08-27,hybrid,active,Dongola,3302.23
2979efab-18e1-4975-9f01-398dba1187d2,09184913878,70188111337,Mona,Mahjoub,F,1989-03-24,2021-05-11,prepaid,active,Kassala,1175.64
6ae296cd-c471-4a27-b116-4fd40c093b62,09122787963,38790813220,Fatima,Bashir,F,1972-09-17,2021-07-16,prepaid,active,Wad Madani,1468.7
f57c1d59-7b20-43b2-b2ed-d46cc1206eaa,09187881649,57104259900,Osman,Hassan,M,1976-09-20,2024-05-07,postpaid,active,Kassala,3824.32
3a05144f-ca96-47e2-8b44-a5ed0094c874,09181377434,03057925173,Jamal,Osman,M,1980-01-02,2022-02-03,postpaid,active,Port Sudan,2042.53
4a0a0937-1f89-4b13-9cf8-ae6994d39a3e,09185297968,54621167006,Mohammed,Abdullah,M,1974-09-22,2020-05-15,hybrid,active,Omdurman,4117.23
3d2e059a-4cef-4ba3-a819-ed7c8c6f290a,09165362921,35011344968,Hala,Hamid,F,1989-04-07,2020-03-25,hybrid,active,Atbara,413.1
f1fc575d-5721-4adb-b6c4-8c60ca8459b4,09184549497,25472047442,Sawsan,Mahjoub,F,1969-09-01,2023-10-23,postpaid,active,Atbara,1285.65
693cece1-d6ec-43d4-804d-09a6f73270a4,09124444657,,Hala,Musa,F,1995-05-04,2022-07-14,postpaid,active,Khartoum,4423.89
65c9924e-6019-4a2e-bbb0-8a39db1eeabe,09127842139,13699754839,Mustafa,Osman,M,1979-04-04,2024-02-24,postpaid,active,Bahri,3742.02
250bdfc7-b77e-42ad-9390-5dd21d7f9489,09122412503,83412472237,Babiker,Idris,M,1973-02-12,2020-05-15,postpaid,active,Omdurman,2996.0
7e9d98a0-33c5-4349-b617-37dc4490f6a4,09163239988,77335210858,Amira,Mohamed,F,1976-12-21,2025-06-11,postpaid,active,Dongola,4644.25
c0d31586-68ae-4c05-906c-15b9cffaedf3,09121894510,88589981811,Omer,Osman,M,1984-03-31,2021-07-17,hybrid,active,Kadugli,4444.03
2fc275f6-6889-4006-9eda-9ce45beb85c9,09164339553,43349719720,Zainab,Adam,F,1984-04-04,2020-06-05,hybrid,active,Port Sudan,926.22
f532bd9f-a7c6-4473-b3f6-c14bc4a55184,09181731633,24308724478,Mohammed,Adam,M,1981-06-14,2024-11-14,hybrid,active,El Fasher,594.16
e5755fe7-f1ca-4772-847f-5752bcf17676,09188969102,41982724495,Babiker,Fadl,M,1975-10-31,2020-04-25,postpaid,active,Atbara,3142.55
f305258e-61b3-4b4d-8933-919a8d238c1b,09993162575,16650180054,Jamal,Ibrahim,M,1986-08-16,2020-03-05,prepaid,active,Nyala,295.48
c833bcd8-ef9c-4b97-ab98-d937b2622a89,,73847184581,Ahmed,Ibrahim,M,1994-11-05,2021-12-05,prepaid,churned,Omdurman,870.18
6c24558a-c8b4-4dda-96d0-921d4a8ee437,09162511298,03102623705,Omer,Ibrahim,M,1963-04-29,2023-04-06,postpaid,active,Wad Madani,3613.51
8159f986-c669-4a5e-9c09-27fd9a46a826,09182546547,63169145590,Rania,Hussein,F,1978-07-05,2023-04-10,postpaid,active,Sennar,4627.1
35c17d9d-3816-48fb-b493-3bc272f1cff8,09124667622,67617479045,Hassan,Bashir,M,1990-01-31,2021-05-31,prepaid,active,Gedaref,853.5
e50f3451-d018-40a3-8e04-4963c83f28a5,09164978064,37196034897,Nadia,Hussein,F,1979-12-05,2025-11-27,prepaid,active,Omdurman,1739.89
1c6c3922-7675-4746-8825-1f9e6ab2a812,09125424015,04379086808,Rania,Abdullah,F,1981-08-13,2022-11-17,hybrid,active,El Obeid,4462.07
47a4d996-2c23-4803-903c-7ba6ce2f118f,09164875979,97425429043,Omer,Idris,M,1994-07-03,2024-07-05,prepaid,suspended,El Obeid,2017.93
566e6aab-c572-40ab-879e-22610262a951,09127867253,08158086789,Sawsan,Musa,F,1983-06-19,2023-03-05,prepaid,active,Ed Damazin,3012.25
8ff53243-813f-4a64-8ac6-36f8ec36d0a3,09161999275,23710029596,Abdalla,Hamid,M,1977-02-03,2022-09-15,prepaid,suspended,Wad Madani,4236.29
8b23b796-490d-4541-86f0-2e4cd6071dbe,09120936130,14464197294,Babiker,Ibrahim,M,1966-05-14,2020-06-27,prepaid,active,El Obeid,2652.93
9a5f30a1-66ce-4a5f-ac98-8bddb5cacb93,09991692759,03709718467,Ibrahim,Nour,M,1965-02-13,2024-09-10,postpaid,active,Sennar,1170.64
1e454489-71bc-4ce2-9c9c-1a087b52eb93,09120069774,00970183256,Dina,Mohamed,F,1994-03-16,2020-08-09,hybrid,active,Omdurman,16.16
a5e27780-d0ef-4d07-972e-0deecb0401cd,09127001022,21268390510,Abdelrahman,Mohamed,M,1970-12-08,2020-08-26,hybrid,churned,Sennar,1894.02
43fd4f05-9d35-42c1-a95f-d31c57cfb4dc,09126769871,01494116328,Intisar,Hassan,F,1973-06-10,2021-04-16,postpaid,active,Nyala,1286.46
89c0d166-d9af-4f64-904f-4469ba108082,09126721170,25449655024,Sawsan,Yousif,F,1974-01-21,2020-09-16,hybrid,active,Gedaref,709.61
e4b0156a-b127-45e9-9cd3-08dd3f3ddfae,09167595024,24263352317,Sawsan,Mohamed,F,1988-09-27,2022-06-12,hybrid,active,Omdurman,4219.32
c3f40f43-dc01-45bb-8b7a-28f4a929decd,09126139203,18676744822,Ahmed,Hussein,M,2003-11-20,2024-09-19,prepaid,active,Port Sudan,3074.71
aeb343c0-eb4e-4871-91e8-1df8a86a35c3,09120966676,,Somaya,Hamid,F,1963-09-23,2022-03-09,hybrid,active,Nyala,1489.03
b7341e7d-94db-48b3-a4d9-d1f56feeb18e,09164657713,71534278932,Leila,Nour,F,2001-08-25,2021-10-29,prepaid,churned,Gedaref,867.62
f981382e-e2d2-4a49-8d92-64fc7adf0e34,09168427494,64540300214,Dina,Musa,F,1980-12-18,2023-04-10,postpaid,active,Kadugli,4462.43
8e937355-5f8f-4af7-92b9-2676c2c65139,09182323453,35668228965,Sara,Bakri,F,2003-06-12,2023-02-19,postpaid,active,Dongola,743.79
200eca3b-2109-4962-ad5f-b8534105c660,09999428115,15770141115,Nasr,Bakri,M,1969-09-07,2025-06-01,postpaid,suspended,Port Sudan,345.67
ddcd003e-47d0-485c-96b1-d20e5b2bfe56,09181639750,57921510981,Leila,Mohamed,F,1965-07-28,2020-04-04,hybrid,active,Kassala,1474.5
90b381ef-8c87-47d9-825d-145f2c01c396,,27638082632,Abdelrahman,Fadl,M,1995-04-23,2023-10-15,postpaid,active,Sennar,3206.72
a8711b08-7d4d-4da6-85e4-908f53906732,09163987141,42642930646,Mohammed,Bashir,M,1970-01-18,2022-05-23,prepaid,active,Port Sudan,4168.64
e2116155-a148-419b-9be0-47b21c8b5977,09162895405,84743894752,Omer,Fadl,M,2003-06-14,2021-05-18,hybrid,active,Kadugli,3035.61
198ac41c-a1aa-4605-bed3-a9db1d00b447,09165404210,01499611778,Yousif,Salih,M,1988-11-11,2022-05-19,postpaid,active,Sennar,4181.09
2108e920-e289-414a-b7d6-74a19eb9e0a7,09186626923,39530025539,Widad,Suleiman,F,1990-01-09,2021-07-23,hybrid,active,Sennar,-1659.7
063f2a7b-970e-454f-8e92-cbd1fb880918,09165870131,11751733583,Babiker,Ali,M,1996-11-23,2021-03-17,postpaid,suspended,Dongola,881.79
a202c03f-ca0f-4322-81eb-fdf3f24bc3ea,09164387871,71359358910,Dina,Mahjoub,F,1991-05-20,2022-05-15,hybrid,suspended,Gedaref,4971.29
8c7e8e77-e6ef-4e94-a37f-7c53759975e1,09186433161,20992868784,Mahdi,Ibrahim,M,1973-09-28,2024-01-06,postpaid,active,El Obeid,1111.16
3e0b736d-428f-405b-8599-5d6a20a5162d,09165066991,28568594416,Mohammed,Mahjoub,M,1985-08-16,2024-11-11,prepaid,active,Gedaref,4526.22
175c026d-2ece-4b48-bdc8-b4b83a416d89,09160262180,60363235185,Abeer,Musa,F,1975-05-28,2021-03-25,hybrid,active,Nyala,-4533.73
fe9a0bb2-48bf-4314-82c3-bb881792a17e,09188714845,44300745777,Abdelrahman,Osman,M,1986-02-08,2021-01-11,hybrid,suspended,Ed Damazin,2100.54
fb152431-bf32-46bd-bfb1-6177d61c520a,09121633253,36305757866,Mariam,Nour,F,1965-01-01,2023-11-09,prepaid,active,Ed Damazin,4331.82
2702d314-5def-4f14-bd0c-f709c6bfb987,09126950852,61068965532,Dina,Hamid,F,1994-08-01,2025-08-31,postpaid,active,Omdurman,3242.55
7942b7bf-266a-4b62-a7f2-ecbdf91db5b6,09129684835,96000182087,Fatima,Idris,F,1969-06-24,2023-04-18,hybrid,active,Ed Damazin,2757.0
e25b09b2-7cb6-491d-b87e-7c0e6c162aa5,09181899381,98792165018,Mahdi,Abdullah,M,1966-08-22,2023-12-16,hybrid,active,Nyala,3722.34
9259cecb-472e-4afb-a109-9e13c637cfd0,09187522624,91528932816,Tariq,Hamid,M,1999-02-27,2022-11-13,hybrid,active,El Fasher,1004.58
7e694bfc-3389-47bc-b3a0-6632d04cbd63,09121352762,55937651182,Samira,Mahjoub,F,1988-10-01,2023-09-20,postpaid,active,El Obeid,551.25
88dac701-5435-4d4f-9aac-5be9587c8c84,09161548362,81341350334,Abdelrahman,Ali,M,1996-02-01,2020-02-08,hybrid,active,Atbara,2079.09
e9e758fa-bda4-42ca-a1af-b06bcb35c9fa,09164654482,18739821255,Leila,Bashir,F,2003-12-04,2024-01-03,postpaid,suspended,Ed Damazin,3894.96
9947e386-358a-4870-bd0e-7a48b0fbc783,09124650865,,Osman,Abdullah,M,1967-01-06,2021-12-10,postpaid,active,El Obeid,3721.33
6519ad9f-b4d9-4c52-8678-3be223491b07,09126572997,66562067039,Mustafa,Abdullah,M,1980-11-29,2021-10-26,postpaid,active,Dongola,2434.96
0756ba17-78e4-4006-af2e-a62e648ee09d,09163971182,00340935827,Mohammed,Bakri,M,1970-03-03,2024-02-17,prepaid,active,Ed Damazin,676.05
916f2611-0b05-4bf9-8585-51d8c4552810,09180666465,18478879788,Hassan,Abdullah,M,1987-04-28,2022-12-22,hybrid,active,Sennar,2458.0
4efd3722-c2ad-41a2-b9c2-48b2fe5ec72b,09161149179,46190692395,Widad,Mahjoub,F,1968-08-25,2020-03-05,hybrid,suspended,Kadugli,3613.52
ca3ea293-c6f8-41f0-afeb-659b978643b8,09188668689,98420032650,Ibrahim,Fadl,M,1980-06-25,2020-06-03,postpaid,churned,Kassala,468.91
24414f9c-ee54-4c5d-9bdf-d75b7442a15e,09165133529,49576039610,Mohammed,Bashir,M,1984-04-06,2025-05-19,hybrid,active,Gedaref,3592.5
6c8a5883-a7d7-498f-b2df-bbc9bf40df3d,09186876129,76762135456,Leila,Ibrahim,F,1966-02-14,2022-05-22,hybrid,active,Kadugli,602.46
37a48da1-3f29-45ed-a2f2-1417bf70dabc,09189953120,08590400241,Abdalla,Bakri,M,2000-06-22,2020-04-09,prepaid,active,Kassala,916.62
b473a83d-20e1-43ad-bdf3-dfe95961163e,09123424147,18976217794,Amal,Ibrahim,F,1972-08-28,2025-06-16,hybrid,active,Khartoum,4078.24
c412dea8-515d-414c-9b1e-6bfe334d7f9f,09121517507,96313240496,Nadia,Bakri,F,1967-03-16,2025-04-17,postpaid,active,Dongola,1594.93
59d3f69b-fb63-4904-a5d8-9324d48b7bf1,09124570658,68623785771,Rania,Fadl,F,2001-07-19,2021-01-17,prepaid,active,Atbara,2853.68
6cd1cd0d-79dd-475c-b1ba-c8d2771d20c7,09187070022,79624452784,Mahdi,Yousif,M,1977-07-31,2020-01-01,hybrid,churned,Port Sudan,3032.17
03ea4af2-a8a1-4311-ae0e-774a58c6b260,09165949186,84987493203,Omer,Salih,M,1972-09-01,2021-06-02,postpaid,active,Ed Damazin,2013.3
46fa1b18-dd6f-48a0-ad14-9cad94e44c5c,09167854576,53092464308,Mahdi,Issa,M,1970-01-05,2021-11-22,prepaid,active,El Obeid,4892.32
9a40c346-8006-4674-be33-3780b26bcf66,09126643509,45573149266,Huda,Hussein,F,1975-11-28,2021-03-28,hybrid,active,El Fasher,2142.35
2fb442e7-6faa-4300-9ce2-61d314e7fd19,09161002458,86417939969,Tariq,Mohamed,M,2002-11-30,2025-02-16,prepaid,active,Gedaref,3907.15
ccdd4c8c-9a9e-4134-909e-f28b33ef5d53,09123876883,86898258173,Ali,Nour,M,1998-11-27,2024-07-31,prepaid,churned,Nyala,1742.96
937bd564-6fee-4e0e-8eea-8977a775379d,09169937873,52199806849,Osman,Mohamed,M,1996-03-26,2020-04-04,hybrid,active,Port Sudan,4645.82
c929720a-0fbf-44a0-835c-1327653872dc,09167226628,10767778673,Amira,Bakri,F,2003-04-04,2020-08-21,hybrid,churned,Atbara,227.03
57826fa8-c653-4476-af44-e286e59b03f3,09189933053,74062426103,Nadia,Hamid,F,1981-09-04,2021-04-15,postpaid,churned,Sennar,2361.17
55c7b0c4-0f0c-4b81-b577-5d5a4dd63849,09184919866,13294063572,Mariam,Nour,F,1983-09-21,2023-12-22,postpaid,suspended,Atbara,2753.66
ecd36847-f8ce-4371-a411-a7c858522591,09160072843,85800999866,Salah,Nour,M,1974-06-13,2022-04-11,hybrid,suspended,El Obeid,3450.43
e1a7b27f-cb5b-41a4-b988-325a28cc41e9,09124873597,54345364996,Mustafa,Suleiman,M,1968-12-31,2020-07-10,postpaid,active,Ed Damazin,2869.36
aed99585-8309-4d56-9868-2756a01c6694,09122646153,30027027507,Zainab,Hussein,F,1997-08-19,2025-03-14,postpaid,suspended,Sennar,2184.49
9ff0ee86-290f-4b82-abdc-800f07254214,09165386901,68120750006,Osman,Hassan,M,1967-04-04,2022-12-17,postpaid,active,Ed Damazin,1731.96
81834617-6c2a-4e4b-b608-2f2fbdc64f06,09165565232,21489441399,Ibrahim,Idris,M,1993-07-08,2020-09-22,postpaid,active,Atbara,995.37
92a24a52-db39-4afc-9d1e-193fdabadfc7,09166959070,56951063611,Jamal,Abdullah,M,1972-07-29,2024-05-31,postpaid,active,Sennar,4034.61
3eb5aabe-b256-4dfb-ab6a-3eb2cc045017,09126993821,45287899996,Abdelrahman,Ibrahim,M,1972-02-09,2024-04-18,hybrid,churned,Port Sudan,37.23
0face12e-dda0-47d3-b445-d3bb85994674,09121850560,83191260485,Amira,Issa,F,1997-10-09,2022-10-09,postpaid,active,Wad Madani,339.81
99380f0c-37ce-46ee-b374-d6758ceb30db,09128654719,27054874870,Fatima,Suleiman,F,1990-03-02,2023-05-24,postpaid,active,Khartoum,4289.5
fd85fa9d-26bb-4d81-9935-54d41f6bf5f2,09129446150,12350665660,Babiker,Yousif,M,1992-04-21,2020-03-31,postpaid,active,Kadugli,2556.62
4a3c051f-2a30-4c84-a7c8-6ad4cc45010d,09167893793,91947437299,Widad,Hamid,F,1963-09-27,2021-08-15,postpaid,suspended,Omdurman,3469.53
e597a664-9ad4-47af-9503-e0df2b69207b,09120276471,42432111902,Fatima,Mahjoub,F,1999-03-11,2023-07-18,hybrid,active,El Fasher,2250.09
af96d61f-52b4-4627-beeb-128718928d2c,09129831452,37803463328,Ali,Osman,M,1999-09-28,2022-04-01,hybrid,active,El Obeid,2084.23
601dde8f-2702-4638-9ae0-040301626c8a,09125800058,95381575015,Dina,Bakri,F,1984-03-07,2021-11-17,hybrid,active,Sennar,3731.68
565aeaeb-bc8d-4107-b65a-c02797711b94,09180779491,48815144661,Abeer,Hassan,F,1990-08-08,2022-02-23,prepaid,active,Khartoum,18.64
fc5c7e8f-20ac-4d5e-a26f-bfc4f0491507,09166688545,53637766599,Dina,Hussein,F,1991-08-06,2025-04-04,hybrid,active,Dongola,1143.17
f5898856-51ba-4a66-99f8-9c8febc240be,09126226648,49186146288,Ali,Bakri,M,1980-12-18,2023-06-08,prepaid,active,Wad Madani,4702.38
c2d30646-606b-4923-b8a6-3d4b7fd6cd63,09185131356,11702784734,Hassan,Abdullah,M,1987-07-08,2023-11-18,hybrid,suspended,El Fasher,854.05
489efe3d-25ea-4fa2-8305-048625a63dc6,09129682258,85843135740,Mahdi,Yousif,M,2000-02-21,2022-08-13,postpaid,active,Kadugli,2258.12
0b1c79f4-f626-469f-bab3-d97743ec764d,09127565779,90618344251,Kamal,Hamid,M,1967-09-29,2024-04-21,prepaid,active,Kassala,1668.71
be4e8eb0-e21a-4fe8-b2c4-2ea2cfc9136a,09162863484,01617064914,Abdalla,Hassan,M,1987-06-12,2025-10-29,prepaid,churned,El Fasher,3445.48
f0475257-720c-431c-847d-f294f01aa44e,,73376840913,Hala,Suleiman,F,1983-12-19,2020-08-10,hybrid,active,Omdurman,78.01
c3183508-2985-4dd7-99ee-84c3e83fb485,09184514951,49558387368,Nahla,Hassan,F,1963-04-03,2023-12-21,prepaid,active,Nyala,3632.37
2bd171a6-1a80-47f8-b26c-4e88810be2ed,09128816848,27230990704,Jamal,Idris,M,1994-07-22,2022-05-05,postpaid,active,Port Sudan,109.48
41760ded-1766-4d1b-acfb-2df67ad2e7ed,09181990818,,Mustafa,Issa,M,1976-06-12,2021-05-31,prepaid,suspended,Port Sudan,4163.63
4db46da8-09a8-4d7a-bb6f-59f402feb061,09126059047,35352265493,Mustafa,Ibrahim,M,1964-09-13,2022-12-04,prepaid,churned,Atbara,2341.19
5f7d6a7b-8e7b-4290-b8a0-a1937d95726a,09125996426,06009897274,Mona,Hassan,F,1960-12-28,2022-09-03,prepaid,active,Sennar,1211.78
6f1c3776-06cf-4d4a-a736-6560015baeee,09129913656,40254260062,Samira,Abdullah,F,1976-06-06,2021-06-03,prepaid,active,Port Sudan,1800.0
4df3f666-de7c-4071-8c09-5093a361f3af,09169458922,51747529497,Jamal,Suleiman,M,2001-02-15,2023-01-09,postpaid,active,Omdurman,811.97
9090717d-328b-464a-accf-b64f234c8720,09183676657,03101221338,Dina,Ibrahim,F,2004-03-25,2023-01-12,prepaid,active,Dongola,3925.82
330df05d-14da-4809-a0fc-2ba5d96156f8,09125457498,83968382525,Samira,Nour,F,1985-09-09,2021-10-30,prepaid,active,Port Sudan,4691.17
7a903e8b-8e94-4e63-938d-c2914f57586c,09161734660,68992471575,Rania,Abdullah,F,1997-04-01,2020-11-23,prepaid,active,Dongola,4550.02
c5164579-1ad1-42e6-8fc1-420723b40f02,09992621445,21698323285,Ahmed,Ali,M,1983-04-08,2020-11-02,postpaid,churned,Ed Damazin,821.37
74e3946d-3a99-4f5e-ba4d-89a3b4734397,09180451967,87788011591,Mariam,Musa,F,1978-08-31,2021-07-08,postpaid,active,Bahri,978.46
153c3e9c-9a67-4963-8f12-fca80124b8e5,09164690336,93105719732,Sara,Musa,F,1977-12-18,2024-08-30,prepaid,active,El Obeid,1692.73
25f8dace-eab0-49d7-91ea-e79502b5e955,09186023564,09309998689,Dina,Ali,F,1967-01-09,2025-02-06,hybrid,active,El Fasher,3479.31
b4da850e-8f3a-4299-9701-01d8aef3db30,09189381919,48746123190,Intisar,Mahjoub,F,1963-03-29,2021-03-17,postpaid,active,El Obeid,565.39
426a06c6-f5a6-477d-b6fb-acd93f59d703,09127353327,02899666868,Sawsan,Yousif,F,1993-02-06,2024-08-02,hybrid,active,Omdurman,444.47
febff9db-7eba-41d8-b50b-0f3e1e3b6254,09161494739,65431055771,Mohammed,Yousif,M,1964-01-20,2021-09-28,hybrid,active,Dongola,3862.7
922b4203-418a-47de-9641-30c5a35fbfff,09188958697,93584342314,Amira,Bakri,F,1984-10-22,2022-11-01,prepaid,active,Bahri,1728.08
cc659de9-9291-4959-afc2-04a6d09f3211,09120981804,09991514140,Amira,Hamid,F,1992-02-21,2020-07-04,hybrid,active,Dongola,395.97
a31f45a2-0faf-4591-8e04-c9a865aa5798,09182963641,22647254392,Nahla,Idris,F,1985-08-08,2022-11-24,prepaid,active,Sennar,1989.18
0a5bca49-88f8-4080-a9bd-b91418c34211,09181744253,96852768209,Mustafa,Adam,M,1968-10-12,2024-08-29,hybrid,active,Bahri,762.07
e7f18c28-c101-43d9-b4e9-8c77cf6072ab,09162809702,09790963515,Hala,Hassan,F,1966-12-11,2020-08-20,postpaid,active,Port Sudan,1178.67
6b2f26ab-8868-4959-ab6d-5467ea92f1db,09127970860,43775872537,Babiker,Ibrahim,M,1967-10-02,2024-03-09,prepaid,active,Omdurman,1616.65
26af3582-4316-41d9-b907-4e369896d1ba,09125696474,13311519683,Ahmed,Ibrahim,M,1986-01-28,2024-08-02,hybrid,active,Bahri,2061.26
e2a95bcb-d578-4101-b758-ca4890adde77,09120990349,13156536671,Babiker,Salih,M,1978-08-02,2023-05-30,postpaid,active,Ed Damazin,3529.23
4739342c-e9f4-4d0b-9b6e-3fdf434d40d2,09128232534,85297993496,Leila,Ali,F,1991-11-16,2023-09-23,postpaid,active,Port Sudan,4992.61
5730d52a-e7a5-4d83-b42c-8074fbf59942,09160640641,23154024478,Omar,Suleiman,M,1978-05-02,2020-01-26,postpaid,suspended,Khartoum,535.26
571859bb-ab8e-4a87-873a-03c69970a4b7,09184914105,26963642721,Fatima,Ibrahim,F,1976-10-26,2023-06-16,postpaid,active,Kassala,1013.5
b25e5b2d-0bb3-4cf7-addf-6d680b9075bd,09164672698,63013332798,Somaya,Hamid,F,1972-02-05,2020-10-21,postpaid,active,Dongola,4749.99
5da93d69-bb9e-4b35-990a-77b6ceb91eb6,09186149491,85147561603,Mariam,Suleiman,F,1985-05-27,2024-12-16,postpaid,churned,Bahri,1991.64
8ef1d5c0-90f3-4b25-91eb-5129fe26588d,09169561410,96615929325,Yousif,Nour,M,2000-07-13,2024-06-27,hybrid,active,Wad Madani,2523.4
3dd44a44-ba9b-4011-87d3-d7db89214925,09123034711,20273023859,Omer,Mahjoub,M,1989-08-27,2020-10-29,hybrid,active,Atbara,3130.64
b6ede939-fe06-42cf-a9f0-ce808b49fcd3,09123033582,33989511139,Abdelrahman,Hussein,M,2004-08-06,2023-12-29,prepaid,active,Dongola,2288.66
295c7028-d4ca-4564-82a1-78d2587173e9,09182360842,29665144486,Hala,Bashir,F,1990-05-25,2023-11-28,postpaid,active,Ed Damazin,2014.67
12da55fc-c3c7-487a-8de4-aa091cacb38a,09168499198,72029811300,Sawsan,Abdullah,F,1984-05-16,2022-01-08,hybrid,active,Omdurman,4998.39
14266841-e60b-496e-bf51-058394660553,09186330507,49504432719,Khalid,Bashir,M,1974-11-25,2024-11-07,hybrid,suspended,Khartoum,710.42
6ff5523f-c965-450d-81cb-8dcfe65349a5,09126936240,88516323813,Mariam,Hamid,F,2003-12-17,2020-02-13,hybrid,active,Sennar,3323.65
236477f1-bb3a-45bd-9e3b-1488b1bf26cc,09122659415,25838516357,Mahdi,Hamid,M,1966-07-28,2021-01-03,postpaid,active,Gedaref,-2947.7
3e388a6c-27f6-4944-9046-b78a41edadad,09129010291,58511858110,Mariam,Ibrahim,F,1968-05-30,2022-06-05,postpaid,active,Port Sudan,3829.52
7ad16016-70dc-4948-9f0e-fda163907098,09182890140,81235631676,Intisar,Yousif,F,1995-06-16,2020-06-01,prepaid,active,Nyala,2804.9
0e23ab37-a32e-4d67-8862-c646cf43fe2c,09187181938,34770510473,Widad,Nour,F,1960-02-24,2025-05-02,hybrid,active,Wad Madani,823.05
ce849dd9-0c68-4062-83ce-8758b55518c6,,44697894259,Khalid,Salih,M,1997-01-09,2021-11-17,postpaid,active,Kadugli,3753.24
196922aa-6739-48e9-bfa0-8e17c23419f0,09189334500,41951130307,Dina,Nour,F,1994-11-22,2023-04-27,prepaid,active,Nyala,3514.21
adb66911-6ffc-46ed-987d-9eb4618c0709,09164820987,28481818696,Abeer,Idris,F,1972-07-13,2021-12-04,postpaid,active,Kassala,278.76
e09dbd16-1585-4d6e-b7dd-09f9669af115,09162139636,20916049417,Abdalla,Fadl,M,1974-02-19,2021-08-24,prepaid,suspended,Khartoum,312.68
463ade9c-4ab0-4b80-aa03-8a8fce78d349,09163721858,93584047057,Dina,Nour,F,1967-12-05,2025-09-19,postpaid,active,El Obeid,1920.49
f65750ab-d97e-4c37-bba1-d9c8e19747b9,09167157111,20701805893,Hala,Yousif,F,1992-12-11,2024-11-04,postpaid,active,Atbara,4041.58
2af42a72-e9a6-490f-9187-4b25d7dd27a2,09185257615,03359848086,Rania,Issa,F,1965-11-18,2024-04-14,postpaid,active,Dongola,3455.99
a37e7201-21be-4ac6-9e82-9277f4932081,09124229978,53210133989,Ahmed,Idris,M,1979-06-27,2020-01-30,hybrid,active,Khartoum,237.2
a9f80ca8-eccb-4251-bf68-c2c4da10914e,09169014056,50257870909,Mona,Bakri,F,1989-02-23,2025-03-12,prepaid,active,Ed Damazin,2304.76
bed015f7-153e-4905-bd15-c9d198597ab7,09126919918,38648836269,Mustafa,Yousif,M,1997-03-14,2020-09-04,postpaid,active,Nyala,4767.91
5286fe4c-2deb-40a2-92f1-5005d29f9a10,09187529694,26915489788,Huda,Bashir,F,1967-11-21,2025-05-31,postpaid,active,Bahri,1289.11
c16b7f79-8829-4b23-b54b-2cc030dc2829,09160875505,62448188867,Nahla,Mohamed,F,1993-01-05,2020-03-18,prepaid,active,Atbara,564.49
5179f1ed-b506-4fab-951f-2fabf36dd762,09161420134,98438281404,Amira,Bashir,F,1995-01-10,2021-07-03,postpaid,active,Nyala,3436.64
7a724c7a-fde6-49c2-8ac2-02ac9718eff3,09126273308,90345446843,Widad,Ali,F,1976-01-10,2020-07-14,hybrid,churned,Khartoum,4326.39
9ed2e8f6-7be8-49cc-b47d-974b3007b2fc,09186177307,90991998467,Somaya,Yousif,F,1997-08-15,2020-07-30,postpaid,active,Atbara,1861.13
66ddbfff-1cbe-41d1-b76d-cf1cde12c424,09162576210,90280579550,Hassan,Issa,M,1962-02-24,2020-06-19,postpaid,active,Omdurman,-1601.08
7cf71d37-a969-4061-95b0-45747c479cce,09165622021,75892839053,Widad,Ali,F,2001-03-22,2020-03-31,prepaid,active,Dongola,-1488.66
38e482d4-480b-4565-9aef-b7d9e1909315,09183248932,37756779466,Rania,Adam,F,1989-03-04,2025-10-17,prepaid,active,Gedaref,1467.69
eaab2766-f377-456b-b7fc-2cd08b1973a2,09167465857,85645192427,Mahdi,Bashir,M,1981-09-19,2022-04-04,postpaid,active,Bahri,4237.3
ac5415af-5096-4211-b25a-4d5bf6a76492,09162287351,18778634144,Huda,Yousif,F,2002-12-03,2024-02-16,postpaid,active,Nyala,3887.78
f9ffd830-fa60-4727-8f03-342ac8006cc5,09128872779,60688867420,Ahmed,Ibrahim,M,1989-08-26,2020-04-04,hybrid,suspended,El Obeid,2353.33
05059077-e4e9-4dbc-abb5-93b42270bae7,09126346518,65153121413,Rania,Hussein,F,1971-03-31,2025-05-07,hybrid,active,Kadugli,2421.42
1e24bee1-5823-4f1a-94ba-e3a24b3e14cf,09161466017,05939670155,Sawsan,Hamid,F,1974-10-19,2021-07-25,postpaid,active,Sennar,-216.93
134e2301-e0a6-45b3-8462-a77bb36d805e,09187873516,83202271131,Nasr,Issa,M,2004-11-24,2020-06-04,prepaid,active,Sennar,1390.11
e10cc3e6-eb88-44a5-9735-c6e01fe3da0b,09165557734,32823913218,Jamal,Idris,M,1981-08-16,2023-07-16,postpaid,active,Sennar,4962.14
c41a3b79-298d-4cd3-bbc7-33413f36b330,09180846987,32975845627,Babiker,Mahjoub,M,1969-08-08,2021-08-11,postpaid,active,Bahri,1297.1
64cb511e-0f46-44d4-aff2-a41bd5802798,09189090660,94783062646,Mona,Mahjoub,F,1989-09-30,2024-04-08,hybrid,churned,Atbara,2766.95
553d4244-0554-478c-82a2-4d8acf709a91,09163128420,92749390981,Nadia,Salih,F,1967-03-05,2021-03-21,prepaid,active,Gedaref,369.94
eec2c5e3-3226-4431-8ea4-6b46b9bfdfe2,09123684054,16523700877,Tariq,Issa,M,2002-09-18,2023-03-01,prepaid,active,Gedaref,231.2
aa43abd1-f1a3-475a-858b-65c75693c451,09124784326,74846431032,Fatima,Fadl,F,1979-08-01,2021-12-21,hybrid,churned,Gedaref,1769.92
4d2da653-bfb1-4d38-960f-a136fc5f7576,09120585821,96459968224,Dina,Fadl,F,1978-06-26,2020-10-16,prepaid,active,Ed Damazin,399.65
539baf56-4afc-4838-8fcf-8f924f886acb,09188392307,81412570670,Sawsan,Nour,F,2001-01-08,2024-03-27,hybrid,active,Sennar,4862.92
88d6f123-9aee-4f79-86d7-132438b4c77f,09185475971,13156873102,Abdalla,Idris,M,1986-10-11,2021-05-03,postpaid,suspended,El Obeid,3006.93
87ffb3d5-290c-4b54-aa7b-00a025717b3e,09168458310,90358587263,Kamal,Idris,M,1976-10-25,2024-01-11,postpaid,active,Bahri,2454.38
1a59c82f-cce5-40f1-9937-5430aa81fedd,,88073664970,Salah,Salih,M,1993-12-24,2025-04-25,postpaid,active,Atbara,13.21
7b6ed809-474f-4ae8-a9ba-136d2ae6fb63,09183562395,02111870000,Nadia,Osman,F,1972-07-23,2021-07-09,prepaid,churned,El Obeid,1178.95
746d4ed0-c221-4f16-9424-26f346a2c011,09129560898,04661710147,Jamal,Mahjoub,M,1976-04-08,2022-03-29,postpaid,suspended,Ed Damazin,2826.3
62fe87f9-cc81-4f8b-a515-6042327d7d64,09180665068,88576027316,Mahdi,Ibrahim,M,1961-10-13,2022-01-11,postpaid,active,Sennar,1526.86
ce9a4d98-1a39-425e-a69d-0a1532d5babb,09127052416,94564686676,Salah,Ibrahim,M,1982-10-26,2023-07-03,hybrid,suspended,Omdurman,1390.26
60c34409-5131-4da5-83b7-86678ea25cb4,09120137437,84710738232,Fatima,Adam,F,1973-03-18,2022-10-07,hybrid,churned,Dongola,2710.94
98c43188-61ea-428b-96c2-e416416874b6,09182334501,54177657866,Dina,Ali,F,1967-01-16,2020-05-11,hybrid,active,Khartoum,94.99
ad8918f6-18b9-415c-900d-90c5ee29ba01,09162479393,34891402696,Omar,Nour,M,1980-03-18,2020-09-24,postpaid,churned,El Obeid,3166.8
c2796101-82fc-42fa-82a9-be7e39aa502c,09165757513,18382370844,Ahmed,Nour,M,1982-12-23,2023-04-20,hybrid,churned,El Obeid,82.64
fae328e8-7daa-4324-aa98-e4fe3ba63ad9,09164184293,26457017733,Ali,Nour,M,2003-09-15,2020-04-28,prepaid,active,El Obeid,962.96
d194a222-a0f0-426f-89cb-07323242f21b,09122793108,26277569990,Intisar,Fadl,F,1998-12-17,2020-03-09,postpaid,active,Nyala,-4946.58
4a962270-3d07-4920-b8ab-47c76206c361,09128289210,75864358309,Hala,Hassan,F,2004-03-26,2022-09-26,prepaid,churned,Sennar,1887.11
b72ad0bf-4257-418a-a9d6-df140d0e9330,09189691861,75686345496,Intisar,Hussein,F,1985-02-05,2021-06-10,prepaid,active,Gedaref,4136.69
7f119b62-ba7c-4396-ba66-aefded0497d1,09183003580,87563449108,Osman,Musa,M,1991-03-21,2021-12-23,postpaid,churned,Ed Damazin,2731.66
7df2582d-db40-4332-9b3e-a51cfff641c3,09167834079,32818167177,Abdelrahman,Ali,M,1968-05-31,2021-01-05,prepaid,active,Khartoum,872.54
2a2c80d0-86bb-4886-b2d4-97f6f9f9c4e3,09127457417,91848000001,Amal,Hamid,F,1980-06-04,2022-01-11,prepaid,suspended,Dongola,3190.92
3dff0365-32c7-4c75-9d7c-1a0afeabf1cd,09124011392,15819277244,Abeer,Mahjoub,F,1982-05-30,2025-06-27,postpaid,active,Kassala,1611.52
d43501db-e22f-4aa3-9bf5-3bea5b5be1ef,09181583365,,Dina,Bakri,F,1976-08-10,2025-03-07,prepaid,suspended,Gedaref,1121.15
63ef1f82-5e35-4cd2-b192-9e5939dabeb8,09129789681,26669916992,Mona,Hamid,F,2001-01-18,2023-11-08,hybrid,active,Kadugli,2511.83
c730fe40-1bdf-45b6-be90-38e3677d48fe,09168659775,97767380075,Mona,Bashir,F,1963-01-18,2023-07-02,hybrid,active,Dongola,3655.0
b124369d-0fca-45c0-9e96-19bf00ee9281,09124741267,88657073854,Ali,Mahjoub,M,1996-02-14,2020-01-10,hybrid,active,El Obeid,777.05
21d32d9d-d92a-4636-9914-675cf196ed89,09123058789,28802295576,Ibrahim,Abdullah,M,1979-07-23,2020-06-20,hybrid,active,Port Sudan,2490.83
f6f042dc-71ba-4de0-9dd9-5932cf6e24bd,09181906231,54344919747,Somaya,Mahjoub,F,1960-04-10,2025-06-05,hybrid,churned,Kassala,2706.17
9f002c20-882f-4886-b131-5626d49ff7d2,09124985963,43650941626,Omar,Bashir,M,2000-10-31,2021-07-08,postpaid,active,Atbara,1897.18
410cefba-dfac-472b-8a00-f5f1b07d61a8,09183215667,01918717104,Amira,Abdullah,F,1989-12-05,2025-03-10,hybrid,suspended,Bahri,3582.12
0b90b4cb-03ba-4918-8fd5-70a7e13bf697,09180221318,96050346117,Tariq,Suleiman,M,1981-05-06,2025-09-13,prepaid,churned,El Fasher,4495.64
479a4205-a377-4b82-8732-a5f53840d2fb,09161233559,16491566303,Mona,Salih,F,1994-04-04,2021-09-12,prepaid,active,Sennar,1538.65
e40a3bb1-13be-44ff-8294-a5d2354269a4,09164352501,91653647066,Mohammed,Bashir,M,1998-04-23,2025-04-26,hybrid,active,Wad Madani,3125.32
e6aa7671-b5c9-4932-b4c4-65517512c753,09165244864,91535090435,Mustafa,Abdullah,M,1966-10-22,2024-06-05,postpaid,active,Ed Damazin,1893.09
9c5bdf5b-add4-42dc-b256-9bda804eeacb,09186513271,00499126438,Nasr,Idris,M,1983-10-19,2024-01-06,hybrid,active,Atbara,2804.58
90b9c406-d3ea-4589-a303-22cb8825cb8c,09129163392,36259328657,Ahmed,Issa,M,1970-09-28,2020-12-11,hybrid,suspended,Atbara,844.16
f3a3cfec-a6f0-4842-bd57-2715304910a5,09183006238,18392451679,Ibrahim,Nour,M,1968-01-04,2024-03-13,postpaid,active,Dongola,3576.5
a89c33a4-b0cb-4059-8b28-ac2a96517c1a,09127292335,91335315356,Somaya,Abdullah,F,1975-01-12,2024-08-15,postpaid,active,Sennar,1555.48
8622c1ac-73a4-45ee-8439-49edcd709f01,09184147716,82898218244,Mustafa,Adam,M,1994-08-23,2024-08-27,prepaid,suspended,Omdurman,2000.89
34bae584-7e5b-4f59-aef1-be94b6659396,09186473223,22426378368,Fatima,Ibrahim,F,1967-01-19,2021-05-07,postpaid,active,Kassala,1711.78
359697e9-debe-4d45-aebe-dadb6aa36624,09165904474,17643441057,Abeer,Idris,F,1986-11-15,2020-04-14,postpaid,active,Bahri,3778.31
f0776498-69b2-4c89-9b08-2a840b60551c,09164834519,95508977547,Ibrahim,Idris,M,1972-03-23,2024-08-16,prepaid,active,Dongola,2252.35
631e3565-5e3b-403b-8e5d-6b0527de96d5,09180162204,37714948724,Rania,Issa,F,1982-06-16,2024-12-20,prepaid,active,El Obeid,859.49
dbf1a3bb-6ef1-4c50-9721-96572ac19522,09168208082,07809882209,Ahmed,Musa,M,1971-08-10,2023-01-12,prepaid,active,Khartoum,3233.71
84d732b4-7eec-410d-9661-ed51eab63b04,09185479130,27929902510,Zainab,Ibrahim,F,1961-05-21,2021-06-05,prepaid,active,Wad Madani,4622.46
d384a69c-51bc-49e7-a1ad-824497103674,09188835943,26032240807,Widad,Mahjoub,F,2002-06-28,2025-06-17,prepaid,active,El Fasher,3860.98
db21a548-4889-406f-9852-58b343db7aa5,09168524608,88959208515,Babiker,Mohamed,M,1967-07-24,2021-08-03,prepaid,active,Wad Madani,2083.24
8fe7b5da-e9ca-44e5-9c69-1eb2230cba25,09189749411,71590364873,Ahmed,Mahjoub,M,2002-04-11,2021-01-25,hybrid,active,Dongola,4008.74
2328c383-7e28-445f-b4cb-228312905910,09189684834,32978671542,Ibrahim,Musa,M,1990-06-25,2025-04-12,hybrid,suspended,El Obeid,4015.99
fee12b15-ff1d-433f-9133-296ad857fc5b,09120719103,53363592172,Widad,Fadl,F,1978-02-13,2026-01-10,prepaid,churned,Gedaref,3156.67
ab23ef63-4fa2-4f04-af9d-e15c4e3ffb11,09124387061,15421188959,Dina,Osman,F,1983-01-14,2025-01-30,hybrid,suspended,Atbara,739.73
e23d685b-221f-403e-9f40-59ca8f851169,09127336664,81431374001,Intisar,Musa,F,1965-03-18,2020-12-29,prepaid,active,Nyala,1240.08
6d116836-0f73-40d5-a39a-aa84b8b5f85b,09126549518,98197855179,Nadia,Osman,F,1970-02-12,2022-12-12,postpaid,suspended,Nyala,2895.55
5c51e6f1-9b2f-441c-a6e2-11a93c162431,09169489304,94080910069,Hassan,Idris,M,1989-03-27,2023-05-30,hybrid,active,Atbara,2678.92
d7fa801b-89c2-4813-9080-fb68e432666f,09169266403,07505999064,Khalid,Yousif,M,1961-11-05,2024-05-21,prepaid,active,El Fasher,551.29
84dad0f8-b505-481f-8598-3c477234bd1c,09161059208,65374945583,Somaya,Yousif,F,1976-11-19,2020-09-21,hybrid,active,Kadugli,3654.05
cfdc5250-f67f-4131-ae53-1fa881b513be,09124781268,88107863201,Nadia,Mahjoub,F,2001-08-28,2020-05-03,hybrid,suspended,Khartoum,2452.65
ed135188-52c0-4847-9297-0ab4152819e6,09123255881,19127761518,Abdelrahman,Hamid,M,1962-08-23,2023-10-29,hybrid,suspended,Kassala,634.07
841528b6-0699-4034-9cbc-63a4fbfa71f5,09162597657,12544584795,Fatima,Mohamed,F,1967-11-14,2025-01-22,postpaid,active,Atbara,4268.8
be92d726-dc9b-4bb8-9b5a-c953a6f89604,09189054449,62521653897,Mustafa,Adam,M,1979-06-23,2024-12-13,hybrid,active,Ed Damazin,2018.5
20c6029a-f251-4970-8232-2b141c485c27,09164203157,99706581124,Mona,Hussein,F,1993-01-30,2020-06-30,postpaid,active,Port Sudan,2177.8
b29bec1b-bbfa-44b7-8009-76159d02647c,09129227166,23935260177,Sawsan,Mohamed,F,1975-07-22,2023-07-18,postpaid,active,Omdurman,4189.35
821aeefa-82ac-4fae-9ea5-98b3449c5f90,09164270182,33200253046,Mariam,Ibrahim,F,2002-04-05,2022-08-17,prepaid,suspended,Omdurman,2722.71
1806bd9f-24c2-4042-bcbb-01da9822fb96,09121564835,62875318483,Amal,Osman,F,1981-04-30,2023-03-22,postpaid,active,Omdurman,1723.11
7436dc11-fb93-493a-9e94-99206332883a,09187166393,03221688070,Nadia,Issa,F,1968-07-31,2024-05-09,prepaid,suspended,Omdurman,4159.09
673ff42f-ddd2-4ac4-8382-da6f43e60c2d,09161251218,83340179194,Leila,Fadl,F,1983-11-17,2022-11-28,hybrid,active,El Fasher,4477.53
d17870f5-b1f8-42ac-82df-bdd20f5a4038,09126711712,03457417565,Zainab,Issa,F,1975-06-30,2021-10-08,prepaid,active,Bahri,924.58
b461c9a1-23c4-4427-9258-3a6f7c16b28c,09126643335,19997211152,Ali,Bashir,M,1974-07-04,2023-10-05,prepaid,suspended,Atbara,4655.75
3387612d-3494-4430-b59e-63860bdf17a5,09164201173,10109104600,Omer,Fadl,M,1989-09-29,2021-07-31,hybrid,churned,Kassala,2927.01
2a41ea15-0484-47ee-b767-a5b8553e23eb,09185103895,37227839290,Abeer,Yousif,F,1974-12-09,2022-11-24,prepaid,active,Kassala,2644.02
9433db0a-4299-44ee-87b0-9eaa137b1306,09186577654,39592891463,Mahdi,Hamid,M,1966-07-17,2021-05-31,hybrid,suspended,El Obeid,3418.66
aa1892a5-0c79-4157-9a8c-ede0c434fc86,09126084781,82223449447,Intisar,Abdullah,F,1987-02-06,2024-07-22,postpaid,active,Gedaref,3324.26
66d5bdea-440b-4182-80c7-b6be2f62e478,09124215729,91426071339,Samira,Musa,F,1967-08-27,2022-04-18,prepaid,churned,Bahri,2203.37
48e89e37-4994-4a05-986b-1b69a4fcb0f3,09129554525,91372067730,Mariam,Hussein,F,2001-05-06,2024-10-10,prepaid,active,Atbara,3059.35
eceec487-4ea9-4902-996e-c41d2f3f5450,09120753919,19382891835,Abeer,Yousif,F,1961-03-07,2023-10-06,prepaid,active,Kassala,2661.1
3c7350f6-e3fd-46b9-81ea-2e232762398d,09126815114,62785662176,Fatima,Issa,F,1974-07-16,2023-12-06,hybrid,active,Port Sudan,4090.11
3a266dd6-45f6-4d58-9422-8d979faacf9e,09165149975,30144633845,Nadia,Issa,F,1989-02-04,2022-06-01,postpaid,suspended,Omdurman,625.56
3b5b547b-85ae-472c-8617-3d7859d421a2,09188481312,05930898930,Nasr,Nour,M,1973-08-21,2021-07-29,prepaid,active,Bahri,3587.41
0c1fedae-58df-4266-a48d-6291aa8d369b,09169706838,28266740009,Mahdi,Hamid,M,2003-02-20,2024-02-24,prepaid,active,Kadugli,1468.18
189cf5f3-d657-4dae-8fd7-f7604be3d1a9,09169012135,53012534364,Babiker,Suleiman,M,1994-11-19,2023-08-27,hybrid,active,Khartoum,2130.95
2dab27f9-9975-4c0b-b104-59a8066c7322,09123148221,19457205553,Samira,Salih,F,1974-08-07,2020-11-09,postpaid,suspended,Ed Damazin,3680.18
0291277e-5d8b-498e-8f21-5353fa04dc3e,09122694505,83607228849,Mona,Musa,F,1977-11-17,2024-12-06,prepaid,suspended,Kadugli,2660.38
e7bce6dc-9d55-4282-be15-eaab72977311,09188010652,85443052361,Hala,Nour,F,1982-11-03,2020-10-24,postpaid,suspended,Ed Damazin,4848.9
f672e1e9-cb98-41ab-be26-ce19c3c73248,09164200502,94079939778,Abdelrahman,Ali,M,1967-06-23,2020-05-26,postpaid,active,Atbara,501.49
d340e366-6777-4f62-89cf-20447d6a2cab,09124878404,14714088779,Babiker,Idris,M,1991-05-02,2020-08-28,postpaid,active,Nyala,3049.38
c4635db7-b22d-434f-9741-78ac644fbb16,09183790168,84047633099,Kamal,Hassan,M,1987-10-19,2024-01-03,hybrid,active,Kassala,512.37
e770c362-251e-4e7c-a402-407f204089fc,09127677416,53746678563,Tariq,Salih,M,1999-10-08,2020-11-10,postpaid,active,Nyala,340.32
bdf18f99-a6dd-46a6-9e24-9c9c43191d01,09185952417,16874782563,Omar,Yousif,M,1984-06-24,2021-09-25,prepaid,active,Khartoum,612.8
c5cc5dfa-447e-4fd1-84ee-377b1b185d44,09121491410,11201747481,Jamal,Nour,M,1988-02-09,2025-10-04,hybrid,active,Atbara,4349.14
2a6591d1-5abc-45ce-aeeb-84868a9e47a4,09124582470,80709278574,Yousif,Abdullah,M,1977-04-27,2023-06-26,hybrid,active,El Obeid,1372.56
68d09853-7f0a-4f59-8bf8-0d98d8fbf4de,09169154666,92072972231,Amira,Ali,F,1999-04-07,2020-03-20,hybrid,suspended,Sennar,1204.15
99d7b765-2316-408e-900a-7ad6dd50170f,09129750829,03856980284,Nadia,Issa,F,1984-12-25,2020-01-06,prepaid,active,Port Sudan,2099.49
d6b16ddc-e0ae-4439-b9fd-7eaa1c3a0509,09184147904,47515379260,Abeer,Idris,F,1998-09-10,2020-03-06,hybrid,suspended,Kadugli,645.84
48ef07d5-8608-4bcf-b156-c9d3db5129bb,09122978067,82465530922,Ahmed,Adam,M,1976-03-27,2021-06-12,prepaid,active,Wad Madani,517.47
d98b6c5f-84b4-4229-8d61-ca8064335a28,09122232723,44241608388,Osman,Bakri,M,1967-04-23,2022-03-01,hybrid,active,Atbara,1355.13
22e1804a-229d-478d-b1ed-ef1bb42dabf7,09183228466,19997108186,Yousif,Ibrahim,M,1977-08-27,2021-03-31,prepaid,active,Port Sudan,2230.46
9fb37d2a-c75a-48a1-b2fc-03487f8b45d3,09165544722,70048997442,Rania,Abdullah,F,1975-09-16,2022-12-02,hybrid,active,El Fasher,1003.2
760c11cd-7534-45da-b85c-aff2b7ab6063,09180837432,00608307736,Sawsan,Issa,F,1994-04-03,2024-02-09,postpaid,churned,El Obeid,2907.8
468fee9e-b927-44e0-861b-3f69e9d88a77,09163335383,79023894056,Huda,Musa,F,1985-12-19,2023-11-25,postpaid,suspended,Atbara,843.85
1d936c5c-25fc-49b1-a316-4d9530241fce,09169624809,95224275617,Ibrahim,Mohamed,M,1982-01-07,2023-10-19,prepaid,active,El Fasher,4255.44
6088798d-0d1f-4920-91ba-e8a5379d3d20,09165556774,73510674449,Khalid,Hassan,M,1963-10-23,2024-03-05,prepaid,active,El Fasher,3139.43
3ca79669-ff70-4a9a-a83b-e761c02a17f4,09124923008,33418715503,Ali,Adam,M,1977-05-31,2020-06-19,prepaid,active,Kadugli,4679.87
bd3b699a-8747-44eb-bf1b-d893fb12d91a,09123731295,04888198759,Nadia,Ibrahim,F,2001-06-28,2021-12-10,prepaid,active,Dongola,2916.53
b09aea42-e192-4d25-802b-46ebf390a022,09189283986,39106204678,Sawsan,Mohamed,F,1997-03-17,2021-09-02,prepaid,suspended,Wad Madani,317.92
f82a098b-88ba-4905-a8ca-86df586757e0,09186707698,64449118510,Kamal,Idris,M,1969-06-28,2022-12-01,postpaid,active,El Fasher,3891.0
f5ef68d8-606a-4c38-9331-d3681d77c5c2,09121808725,84230227275,Widad,Osman,F,1974-03-12,2020-12-22,hybrid,active,Bahri,2435.76
823afa69-3fd0-4913-a260-52bc7d6dcf76,09124341663,82677597277,Ali,Abdullah,M,2001-10-27,2020-12-06,hybrid,active,Sennar,1375.55
44d69289-5b98-4180-a9d8-02e507344559,09996053908,34869871646,Abdalla,Yousif,M,1974-03-14,2025-03-23,prepaid,active,Gedaref,2487.52
ea703f03-1e8b-4acb-917d-4196decefd2c,09127783182,63741987032,Ahmed,Adam,M,1976-09-06,2022-09-14,prepaid,active,Omdurman,3122.46
97036a12-94da-4247-85f7-49e8e790561a,09164545447,27879244771,Yousif,Fadl,M,2000-11-15,2022-08-26,prepaid,active,Nyala,2790.27
694632aa-50a8-4518-9193-be04bcb9c241,09186137698,23761825930,Zainab,Adam,F,2004-03-03,2024-05-27,postpaid,active,Atbara,349.93
5f276216-717d-4d12-a389-b7c8c5e9cc49,09126358156,71026225193,Yousif,Abdullah,M,1977-03-23,2022-09-11,postpaid,active,Gedaref,2537.42
52c98159-bc60-4bac-aea8-39410377ab29,09182840125,20043209182,Mahdi,Ali,M,2004-11-19,2020-12-31,prepaid,active,Ed Damazin,3089.02
d975cd59-be1c-4631-95b5-3716a246a2ff,09120317294,09937513768,Widad,Nour,F,1983-02-18,2024-07-06,prepaid,active,Dongola,508.55
e7f8005a-6e92-4d9f-a833-a1be06642d2d,09181845192,08496538519,Nahla,Mahjoub,F,1983-07-16,2020-05-01,postpaid,churned,Wad Madani,1450.15
65ecb503-da9a-4ea8-90f0-244d6fc88009,09120752879,97225750225,Mustafa,Mohamed,M,1982-04-17,2020-12-31,hybrid,active,Gedaref,923.25
5d6e4d18-fdf2-46ee-ad20-8bd4b1c87f62,09189550307,95825467723,Nadia,Salih,F,1993-08-28,2023-10-04,hybrid,active,Port Sudan,2817.68
f65323da-35fc-441a-96d0-d50bec122b16,09128066267,94099073722,Huda,Hamid,F,1969-12-28,2024-03-31,postpaid,active,Khartoum,1087.52
b68f35fe-6121-4bcc-9ddc-c9887a6fc531,09122919565,,Samira,Idris,F,1980-02-02,2022-10-16,hybrid,active,Sennar,668.83
0e0d6547-ddda-40d9-8b83-3d188752678d,09187486369,38058460704,Huda,Abdullah,F,1980-07-13,2022-11-13,hybrid,active,El Fasher,1872.9
162e4381-0672-4724-8684-2ab710a9fbd3,09120845631,47961265088,Rania,Hamid,F,2003-08-19,2023-01-23,postpaid,active,El Obeid,972.59
741cd096-56d5-43ac-8f69-0ce3749f1ded,09126680965,11988874473,Abeer,Nour,F,1976-03-17,2020-09-16,postpaid,active,Wad Madani,3823.55
3eb4fcb1-050a-42da-a539-2d1b085fffd9,09187060855,88348564327,Samira,Fadl,F,1992-10-04,2022-08-15,prepaid,churned,Omdurman,3630.12
a2db5797-880b-4622-a3e5-fe9a65f06ef9,09160156266,99818052792,Zainab,Fadl,F,1962-05-18,2020-05-20,hybrid,active,Nyala,1190.8
4f8c5b75-f72d-4d00-a5aa-87f6b7d4da13,09166493237,55838833314,Dina,Mohamed,F,1982-05-04,2021-04-25,postpaid,suspended,Wad Madani,1623.48
50c68ce9-bfc2-496e-a980-0788a0c929a6,09180666534,79710900281,Tariq,Ali,M,1960-01-04,2020-05-01,prepaid,active,Bahri,3737.53
b357336d-b924-4618-887a-e4ab880538dd,09128864499,16277650294,Abdelrahman,Bakri,M,1974-07-08,2023-01-06,prepaid,suspended,Bahri,665.56
7a28d244-cf23-4c2b-b671-50daa64eebba,09163759271,97661624293,Babiker,Ibrahim,M,1979-01-27,2024-07-06,prepaid,active,Dongola,242.26
1677bc2b-61f4-45fa-af60-33ad695700fa,09164460834,86491750783,Omar,Bashir,M,1968-07-15,2021-02-14,prepaid,active,Kadugli,1594.28
6c3bda93-0b29-4a1c-943b-ea14ac30c34a,09162174103,75141648668,Somaya,Fadl,F,1976-10-10,2021-08-12,hybrid,active,Dongola,4362.01
d468cb2c-7808-4ffd-b9c2-db3fb9e82319,09160284963,55501219914,Abdelrahman,Nour,M,1991-03-22,2021-02-05,postpaid,active,Ed Damazin,1684.41
7e618298-03df-47dc-8f31-ac06fdd5566d,09165497059,44599145210,Khalid,Mahjoub,M,1972-04-10,2020-04-26,hybrid,suspended,Wad Madani,2726.39
73613435-0911-405a-9b74-a16264a41267,09186042121,00468797521,Huda,Osman,F,1963-08-18,2020-07-06,hybrid,active,Nyala,1568.58
6b68f3ac-4db2-4e08-b239-9d3e45c88c42,09162229054,41710567392,Dina,Nour,F,1979-06-04,2025-06-25,postpaid,suspended,Kadugli,164.76
fc6e78fe-ba6a-4e37-b492-a9e7c956a0b3,09187235838,95175204770,Nadia,Nour,F,1963-07-28,2022-08-09,hybrid,active,Khartoum,3435.49
0726dbff-3d8e-4070-9e84-9162b4fe6464,09125538274,38326225063,Abdelrahman,Osman,M,1987-04-13,2024-07-03,prepaid,active,Ed Damazin,3732.72
7468ce47-54c8-40ee-bb15-45a09c35a722,09166467503,80954185203,Ahmed,Abdullah,M,2004-05-28,2020-11-22,prepaid,suspended,Omdurman,3460.71
915c4c1a-47eb-4bed-a797-b77b8227fc47,09992527768,34096008768,Sara,Ibrahim,F,1986-03-04,2024-06-24,postpaid,active,Wad Madani,3353.31
9c39b9b7-3c0f-4bb3-9352-cfef12c0aaad,09164292775,01932526749,Mona,Hamid,F,1985-01-21,2021-03-03,prepaid,suspended,Bahri,450.87
401ee65a-6ec8-41e5-bb18-0bad10f42956,09181498714,20357779312,Rania,Ibrahim,F,1982-09-27,2020-06-06,postpaid,active,Wad Madani,1916.26
235b37b3-d71e-4598-a98c-6c96d6683fab,09127553373,47763065858,Zainab,Osman,F,1972-10-25,2023-11-11,postpaid,churned,Kassala,4618.94
940eda23-2769-4373-ae2c-21eaf3e0e267,09125897303,78581442983,Somaya,Mahjoub,F,1996-08-16,2024-07-11,postpaid,active,Atbara,105.47
4b21957f-e6e3-417a-aece-6ae2e4d550ec,09125551074,98188696115,Hala,Abdullah,F,1962-06-20,2020-07-18,postpaid,active,Wad Madani,2191.9
6b0e0135-3e5e-4eb8-ad6d-5f7cfebded08,09182683156,24206051169,Fatima,Abdullah,F,2003-03-12,2023-07-21,hybrid,active,Kassala,1233.85
f61c0b4e-e54a-4bda-bb54-b2f0c659b12c,09181947190,23271073257,Abeer,Hussein,F,1992-10-14,2025-04-20,prepaid,active,Bahri,1200.47
8182d85c-1d3f-48a3-a390-a334d66ec2ce,09995054459,72104631186,Abdalla,Nour,M,2000-10-22,2020-02-20,hybrid,active,Wad Madani,2474.68
99e32f05-0f38-4123-9a8f-3f45aa2325b5,09125470997,34135054076,Ali,Hassan,M,1982-10-20,2024-02-08,prepaid,active,Kadugli,3408.62
a3694e6d-d573-4fc6-a549-561da6fdf978,09181314539,48072078458,Sara,Hamid,F,1984-11-07,2022-10-19,hybrid,active,Bahri,660.8
17ef35a6-1ec4-4357-a321-11ead7022cd7,09121806672,52793444519,Hala,Adam,F,1963-06-07,2023-06-14,postpaid,active,Dongola,718.7
7743e251-fcbe-4385-a2c9-10196b12c9ba,09126344371,08425754237,Jamal,Ibrahim,M,1981-05-18,2022-11-14,prepaid,active,Atbara,4266.16
fc4fc7d5-9408-49bd-aa53-3dcd09248af7,09189832253,50227746903,Sawsan,Hamid,F,1980-08-21,2024-05-27,postpaid,active,Omdurman,1098.63
da0ae49a-7839-4904-8bca-c72cf05d3e1b,09167522212,00402342033,Osman,Nour,M,2002-12-07,2025-06-13,prepaid,active,El Obeid,4596.63
b12583a4-e27c-4209-80da-d4ba17f74284,09121563836,66943658694,Amira,Mohamed,F,1966-05-12,2025-02-25,hybrid,active,Sennar,4375.41
bd652985-bcac-4236-8ee5-f510b32a3e45,09165532967,73759428318,Ali,Salih,M,1995-05-04,2020-12-03,postpaid,churned,Nyala,1147.9
e20da8ea-1adf-43d7-9363-05561f52d4bf,09181154168,24977054911,Tariq,Mohamed,M,1983-05-21,2020-04-08,postpaid,active,Kassala,4937.29
4e492151-237d-41a7-b18a-eab506295fa7,09164907535,13834562933,Yousif,Hamid,M,1987-02-03,2025-02-08,postpaid,active,El Obeid,542.97
df08a0a4-462f-47d3-9f68-53b87f201eda,09129476059,67656124983,Ibrahim,Ibrahim,M,1980-08-24,2022-07-16,postpaid,active,Nyala,2428.79
d024f5c2-4e9b-4fae-919a-79a0857a8d98,09189252914,93735290831,Intisar,Ibrahim,F,1967-03-15,2023-04-29,hybrid,active,Nyala,2238.41
0d812603-e774-4483-8ad8-d2653165cdf3,09168732071,81169441826,Widad,Nour,F,2004-09-07,2020-09-12,hybrid,active,El Fasher,3432.61
a3b9fc7f-a14e-4b7d-b7fd-2994e7daf417,09187405419,19994985117,Amal,Mahjoub,F,1985-11-23,2021-06-08,postpaid,active,Bahri,709.3
e81d6fe1-ef9a-4d8e-9c02-e85042362fa5,09122285893,70810357431,Abdalla,Issa,M,1970-06-17,2020-04-25,prepaid,active,Kadugli,2911.96
81078cd0-2e51-4482-8954-8d57c30ae113,09128549972,63150810866,Amira,Hassan,F,1999-09-08,2020-06-13,postpaid,churned,Gedaref,646.51
583c394e-2179-4d63-832b-50ac06e5d4ad,09125406428,23598488769,Somaya,Adam,F,1967-01-22,2024-07-28,hybrid,suspended,Kassala,4830.17
726c9ad1-07a2-4128-afa7-047fc14b7711,09122349605,93706272352,Huda,Ali,F,1995-02-09,2022-04-19,hybrid,churned,Port Sudan,1907.77
78a25b7a-d196-40e3-9459-44d3f8aa463d,09161629847,54870096461,Amira,Musa,F,1983-12-12,2023-03-12,hybrid,active,Wad Madani,1224.06
ab4fe380-1798-47fe-b954-17cfbe0dadc4,09126685867,78953249753,Hala,Mohamed,F,1978-10-08,2020-05-08,prepaid,active,Ed Damazin,379.12
6acf7416-8ec9-4508-9c78-8eb3f46e83e2,09180386157,42368378037,Ibrahim,Yousif,M,1967-02-19,2023-12-22,prepaid,active,El Obeid,2690.77
8871b5fa-15fd-48bb-b953-b2ce3d167ac4,09122046545,65663636381,Samira,Yousif,F,1978-09-26,2025-04-07,prepaid,suspended,Gedaref,702.67
ee443e2a-5bfe-4fd9-8ad3-5b9b62a6b3c0,09120379982,04879370123,Abdalla,Ali,M,1978-01-08,2022-11-07,postpaid,suspended,Atbara,4059.26
c1a6a877-83f1-422d-a4f6-e4a1f819a45e,09180129299,29201337045,Nahla,Issa,F,2002-07-20,2022-04-09,hybrid,active,Wad Madani,4444.56
6dfad4df-476a-41fa-b1de-ebd1b2a67933,09993833673,36964938268,Samira,Suleiman,F,1980-02-13,2020-09-29,prepaid,active,Sennar,96.37
6c63b81e-ed4b-46de-a8bb-b114a023db50,09180476194,56158181106,Huda,Salih,F,1985-11-17,2021-04-14,hybrid,active,Ed Damazin,1179.77
3723a84a-167b-41ae-99b4-6f71ef483936,09185893201,08981072322,Sawsan,Mahjoub,F,2004-08-26,2022-07-21,hybrid,active,Port Sudan,4004.58
5855da62-61aa-46ce-ba4b-3e46bed01a0b,09999283109,53742494178,Nadia,Hassan,F,1989-09-29,2024-09-01,postpaid,active,El Fasher,216.64
37fefd02-3858-4e40-9c83-671e36dab264,09120439792,34102425059,Huda,Suleiman,F,1994-12-28,2021-09-23,prepaid,active,Nyala,-803.08
bc08f673-d332-4b28-9548-6fdf2d223b4d,09166896176,87296204297,Jamal,Bashir,M,1992-12-02,2024-08-23,hybrid,active,Omdurman,3442.56
7de3a295-5350-40af-8e3a-596ee1bf5ed1,09182592306,51176825152,Mohammed,Adam,M,1962-05-06,2020-05-10,postpaid,active,Nyala,4708.2
c5f26268-82ed-453f-bbef-b933a052f1e3,09125084951,70420473087,Dina,Mahjoub,F,1999-08-02,2022-10-26,prepaid,active,Bahri,827.02
af600971-0ad9-4e59-a6f0-9460487c16e6,09123358021,03770023358,Samira,Hassan,F,1972-07-03,2021-09-08,postpaid,suspended,Kadugli,117.41
a89dabb1-f392-47d2-838c-e996d4b86a30,09160883286,04161435434,Huda,Issa,F,1970-01-27,2024-04-11,hybrid,active,Kassala,4123.39
d8b64f18-7a83-48fb-95ea-72df276bd15e,09184333040,30581815853,Samira,Hamid,F,1990-10-15,2020-01-10,postpaid,active,Bahri,1803.37
194b73c0-def5-49f9-a177-6a5c54f2a3d6,09169194373,33129386556,Nasr,Suleiman,M,1990-08-05,2020-07-03,prepaid,suspended,Khartoum,3192.44
d037ebf6-0f69-4c44-9870-338eedaaff57,,24651835914,Jamal,Salih,M,1999-01-02,2020-12-18,hybrid,active,Omdurman,3650.84
b2fce144-36bb-47cc-9848-cc8d2e3ee053,09127716010,83173499632,Mustafa,Adam,M,1968-07-20,2023-02-17,postpaid,active,Gedaref,1205.33
083f5b42-6b25-42f1-9978-260b91bf3a48,09127528612,24000259375,Leila,Ibrahim,F,1967-07-03,2024-07-14,prepaid,active,Dongola,225.56
f8bd1d8e-530f-4b6b-9114-2c8c21b13ff8,09188975784,23518026421,Nadia,Adam,F,1987-01-21,2024-12-23,prepaid,suspended,Sennar,2552.66
9cd3c92f-3c3b-4d80-9c1f-51845497e6a3,09167927969,39205515704,Mustafa,Salih,M,1991-11-06,2026-06-14,hybrid,active,Khartoum,1447.25
24b53d76-6974-40e5-864e-b2d4eb4dcb29,09188268744,33731402903,Babiker,Mahjoub,M,1961-10-21,2020-06-06,hybrid,active,Dongola,3981.18
73ccc157-3648-44e4-9523-a7d827990cf0,09184075597,86216348443,Khalid,Hassan,M,1965-04-28,2022-11-02,prepaid,active,Kassala,4656.34
d1ec0cae-3108-4a58-813d-a7b27b9ca83c,09128238288,81613719588,Leila,Issa,F,1962-08-03,2024-03-04,prepaid,suspended,Kadugli,717.64
6e996910-096a-4ffa-9f88-86419c5a1111,09165428468,63872032383,Hala,Osman,F,1973-11-24,2021-01-28,postpaid,active,Atbara,1307.93
8e403918-9cf8-409f-b55e-de75ba9169db,09122655859,24580233108,Mahdi,Salih,M,1968-12-01,2024-04-16,postpaid,active,Sennar,2681.74
af955f8f-6d2c-4cb7-bbe7-8714ca5ba00b,09128827374,90994471813,Huda,Idris,F,1972-12-09,2026-02-24,prepaid,active,Ed Damazin,358.46
ce952a26-3d89-4951-ab39-f73b347decab,09992396652,56348141577,Babiker,Idris,M,1969-12-08,2024-09-30,prepaid,active,Ed Damazin,1258.58
09a904e0-412c-4132-bdc4-0bffa3f3a04a,09129082745,74565992507,Mariam,Idris,F,1998-07-11,2021-08-14,prepaid,active,Sennar,3989.86
318da337-b927-423b-ba83-f7ba49846c05,09161214630,70095830428,Babiker,Osman,M,1995-03-20,2021-11-05,prepaid,active,Khartoum,885.59
fa5f76b4-b026-48be-8ace-bc3b5f3eb6ba,09164493667,35216083402,Nahla,Salih,F,2000-12-01,2022-05-17,prepaid,active,Gedaref,4193.46
47772025-92c5-48a7-8d2c-ad2a832975a0,09167935395,62154262671,Somaya,Yousif,F,1974-03-05,2023-06-26,hybrid,active,Omdurman,1042.62
01e79519-d17e-4136-8ced-6a9b758df0d8,09163221775,94144772045,Omer,Yousif,M,1980-03-27,2021-11-26,postpaid,active,Nyala,-2009.57
e75fe527-0b96-41ec-8041-2ccada5fe07c,09124396063,00798233891,Abdelrahman,Yousif,M,2002-07-07,2024-04-02,postpaid,suspended,Dongola,3136.43
ef5145e9-7a17-436d-abbf-2b0e025ab62b,09121878162,69877351059,Nasr,Ali,M,2001-06-21,2021-10-21,postpaid,active,Ed Damazin,2059.6
aa713c14-c00e-4b13-a644-50cee35a463a,09167947929,36166290879,Mohammed,Suleiman,M,1971-11-28,2024-11-04,postpaid,active,Ed Damazin,1916.41
b2b5386b-765e-4477-b8c9-1b1c46d2021f,09163966352,73600755040,Nahla,Bashir,F,1984-09-25,2020-12-20,hybrid,active,Wad Madani,1157.17
a6fa2330-8d01-4458-a3b4-0832e9076fcb,09165282079,07798861825,Omar,Abdullah,M,1997-03-01,2020-08-01,postpaid,active,Khartoum,4437.74
3b44784c-285f-443b-ae82-057cecf9885e,09122224466,16517586662,Ibrahim,Bakri,M,1996-03-11,2023-01-07,postpaid,suspended,Kassala,4534.65
4329b28d-37ed-4ce9-9cd7-3e2d360587f0,09123840991,26917649857,Hassan,Mahjoub,M,1999-11-14,2022-07-10,prepaid,active,Kadugli,1575.51
dae19a54-6169-40f9-8fa0-95ef62ac51a9,09125472092,64652967947,Amira,Bashir,F,1969-12-08,2024-04-05,hybrid,suspended,Omdurman,3508.3
91bfd868-49f5-4550-879c-601589c4c979,09181001797,76600220036,Mahdi,Osman,M,1987-08-18,2021-02-10,prepaid,active,Bahri,1241.19
ac50de36-a56a-4159-866b-5be48ceaa3bc,09161245621,20254094113,Ahmed,Suleiman,M,1996-02-17,2022-11-01,postpaid,active,El Obeid,3472.7
65fb6ddd-ffe7-4508-8cf5-5615c392b545,,09262897572,Leila,Hamid,F,1965-04-29,2021-08-18,hybrid,suspended,Kassala,3462.24
e0c8fc42-8da9-4305-a936-d38fa16416be,09188589947,09906998189,Amal,Ali,F,1971-07-15,2021-11-23,postpaid,active,Kassala,1516.5
0acdba7f-6a7a-463f-bf32-1c7d6f391c49,09186468906,,Omar,Osman,M,2001-04-28,2024-02-12,hybrid,suspended,El Obeid,955.5
25bcf436-1717-4f02-8f29-cb572b53bf91,09189534297,03977338004,Huda,Nour,F,1968-02-10,2022-03-06,hybrid,churned,Port Sudan,824.93
6d380201-20f3-40f0-a0cb-3c22697a7af9,09184104232,00865862334,Somaya,Salih,F,2003-08-03,2024-06-15,prepaid,active,Kassala,4294.57
a75f083e-65e2-4769-9541-1648909f4957,09184675732,51415617312,Abdalla,Bashir,M,1985-02-07,2021-12-03,prepaid,active,Atbara,2290.93
b6cca767-7204-47b9-8059-2c07a24c6e45,09127403530,05684172734,Nahla,Yousif,F,1965-01-01,2023-04-29,hybrid,suspended,El Fasher,4050.05
3f2dc219-cec7-4c68-b540-e2de17b8cd31,09120150892,29830922133,Yousif,Yousif,M,2001-09-07,2020-04-04,postpaid,active,Gedaref,3500.62
fc32fa8f-1f08-4fc5-8961-c54b79120ce8,09129430628,73451295197,Fatima,Fadl,F,1973-02-01,2024-07-26,hybrid,active,Wad Madani,1918.2
1d2ac575-4de9-43ed-b540-dc75e90b5b52,09122786348,76561280695,Omar,Yousif,M,1988-07-10,2021-05-05,prepaid,active,Sennar,4115.82
a55c0c4e-73e7-466a-b784-3804272ff111,09125667859,71341129288,Khalid,Yousif,M,1966-01-07,2020-01-27,postpaid,active,Port Sudan,2754.78
e50b156d-b41b-4de5-95e0-944255cada73,09186554508,55488598069,Mustafa,Bashir,M,1964-07-06,2022-08-08,prepaid,active,Wad Madani,2375.27
d87de1c9-e883-48e7-b66c-cb744a500c95,09164060269,09594052198,Somaya,Bakri,F,1961-08-28,2021-08-05,prepaid,suspended,El Fasher,2324.73
09ee362f-6ad2-440a-8a97-bda66605c166,09122933367,70529792538,Osman,Osman,M,1987-08-05,2020-11-10,hybrid,suspended,Ed Damazin,4191.11
8fe20e33-576d-4965-8a3e-18d824b93336,09163325888,40416274221,Ali,Hussein,M,1971-07-18,2020-12-14,prepaid,active,Gedaref,4176.78
48d43eaf-b50c-4d30-912d-dbdd065b7005,09160246101,68107137797,Samira,Nour,F,1980-10-06,2020-02-15,hybrid,active,El Obeid,4700.42
63204d6a-aa2f-449d-a745-ca7182348bc1,09127204032,40440121785,Fatima,Bashir,F,1998-02-08,2025-06-11,prepaid,churned,Gedaref,1551.9
7ea12aaf-4f04-40b6-8666-973ecb6ca05a,09121290431,28686677564,Leila,Issa,F,1995-10-30,2025-03-10,hybrid,suspended,Port Sudan,1914.0
8f39ae9f-4f9c-4c19-9201-9dcac953fc48,09168168531,99908701461,Mohammed,Mahjoub,M,2002-02-17,2020-06-25,hybrid,active,El Fasher,3487.25
50ad26df-fb37-40c1-bae7-be6f4864c1e3,09168314642,50882324396,Mustafa,Yousif,M,1998-09-29,2025-05-01,hybrid,active,Sennar,3357.08
5d735b89-2a9b-4e86-8221-8c0e81fd55c5,09127249292,13324061869,Sara,Hussein,F,1985-11-21,2023-06-09,prepaid,active,Atbara,4065.32
addc43a8-7f19-4784-b142-f158783d9b33,09125695826,16913438125,Nadia,Issa,F,1964-03-21,2021-07-30,postpaid,suspended,Bahri,416.85
feadd821-8ddf-4ec4-8e1c-4b1b7addb3df,09164042414,26562616046,Dina,Mohamed,F,1986-08-20,2022-02-04,prepaid,suspended,Khartoum,2193.41
bf9cbf58-b0c9-47a8-aa09-11699bc179a2,09163139783,74766937772,Hala,Adam,F,1987-05-17,2021-07-01,postpaid,active,Wad Madani,1559.47
a5a93f09-cde2-495c-be4a-b97c6171d96c,09186128261,24998779994,Jamal,Fadl,M,1966-07-28,2024-12-15,postpaid,active,Khartoum,2035.27
01dcdccc-ab51-4265-a916-14cb774de77a,09161040867,32586848106,Abdelrahman,Issa,M,1974-04-30,2022-05-07,postpaid,active,Nyala,1737.07
ec03dfa8-161c-4d30-be1a-33d2f3b51493,09161205415,28078647701,Jamal,Hamid,M,1997-09-16,2024-12-10,postpaid,churned,Ed Damazin,82.68
b4ba6418-07a3-426b-9214-63c3dc6250b6,09127065381,37895623543,Hassan,Yousif,M,1992-10-13,2020-07-29,prepaid,active,Khartoum,1557.08
4fb0bef3-9a2c-435c-96a1-469934b47301,09169524050,04510666058,Amal,Bakri,F,1963-12-21,2024-12-02,postpaid,active,Dongola,1305.18
b9227e78-1e68-44b9-bfdb-d8ef4e771aaa,09188322570,21168660289,Osman,Nour,M,1976-04-27,2024-06-18,prepaid,active,Wad Madani,3029.83
bba213b3-f9eb-4e6e-92b0-c8942c357cde,09187815483,61153833664,Intisar,Hassan,F,1985-07-23,2025-01-08,prepaid,active,Sennar,1409.89
90996836-4363-436f-bf6b-9a66551e7707,,55681609640,Zainab,Hamid,F,1993-03-14,2023-09-25,hybrid,active,Nyala,2087.57
94d9bc76-3606-4eaf-83eb-3ad6a840b713,09124730748,02797273019,Nasr,Yousif,M,1998-05-04,2025-04-25,hybrid,active,Kadugli,1864.78
6213bd7d-b196-4eb9-9246-03285ddc104e,09165658988,43868443806,Omar,Fadl,M,1984-07-19,2020-11-26,postpaid,active,Ed Damazin,2877.6
c1754229-70b7-459c-923a-db239470fe5e,09125679972,81561302327,Sara,Bakri,F,1996-02-16,2021-10-31,hybrid,suspended,Nyala,3556.08
c3150437-c505-4baa-bb4f-3c0087978185,09129768765,96471817534,Somaya,Fadl,F,1963-06-30,2024-12-09,postpaid,active,Dongola,2871.33
6ee24130-3a8f-4465-a013-23867457daca,09127563440,60210916269,Mona,Hassan,F,1997-04-05,2025-04-12,postpaid,churned,Bahri,3859.25
0e671dbc-ba8d-40b7-91c4-bf0e019324c6,09126373196,82436981200,Hassan,Ali,M,1998-08-16,2024-01-08,hybrid,active,El Fasher,789.76
1340fc11-9dab-4812-a360-6c04b2ec6970,09124701298,39454164607,Dina,Mahjoub,F,1969-08-23,2022-12-27,prepaid,active,Dongola,3475.9
01aea199-7578-494c-a665-9048eddc060e,09120045578,68592222006,Jamal,Musa,M,1991-01-30,2025-04-22,postpaid,active,Kassala,3208.51
33309feb-28d1-42af-9ded-daf25a3c7439,09180342068,72170466870,Mohammed,Abdullah,M,1970-11-04,2024-02-28,hybrid,active,Omdurman,402.85
b60935a8-f606-4176-ae16-8e04b3f7972a,09124658365,99801665813,Ibrahim,Osman,M,1997-11-07,2023-06-20,hybrid,active,Gedaref,4799.09
ac0de398-a968-4226-b737-1c9f96f9a5f2,09120213050,96399478348,Jamal,Yousif,M,1966-06-11,2022-04-06,postpaid,active,Dongola,4921.37
3db85f9f-44d4-485b-8fd2-bf966929572c,09127943444,17566619621,Widad,Salih,F,1979-12-18,2021-06-12,prepaid,active,Bahri,3102.76
6b885312-1345-4cfa-84c2-325e356acc17,,87267051193,Hala,Abdullah,F,1979-03-13,2020-07-11,hybrid,active,El Obeid,3133.45
ba5d9abd-d3a4-4b8a-8e1a-4c0e55a301ca,09129304201,85905273118,Rania,Suleiman,F,1999-05-05,2023-05-07,postpaid,suspended,El Fasher,4613.39
714faa57-a919-4a88-b19e-7a7a5a84ecf6,09165038410,19599222492,Yousif,Nour,M,1984-05-05,2022-03-02,postpaid,active,Sennar,1999.83
9baf6912-a0fc-4469-8844-7320838b705a,09182220976,48618382559,Babiker,Mahjoub,M,1970-08-29,2022-07-04,prepaid,active,Omdurman,3976.6
8a984dfd-314f-43b3-8340-fa7a3b5518fd,09160518208,08617808713,Mustafa,Issa,M,1990-07-07,2021-11-26,hybrid,active,El Fasher,4310.45
56810123-886d-4f2d-9707-b1850c3587f0,09185703659,59257072792,Zainab,Mohamed,F,1960-03-01,2022-03-24,hybrid,active,Atbara,4765.62
eb03a41d-9b08-4732-a471-d7347a5a9333,09121370261,67167270224,Khalid,Bashir,M,1967-02-10,2020-04-27,prepaid,active,Omdurman,82.78
a0d4dbcf-68a5-4464-baea-211fa69ad566,09181431938,41531189230,Yousif,Adam,M,2003-03-22,2021-12-19,prepaid,active,El Fasher,713.35
36b30bf4-0f1e-4200-98dd-e7ba533348ce,09167130423,87680900779,Rania,Nour,F,1998-04-19,2022-05-25,prepaid,active,Ed Damazin,2283.72
0f2b0199-e779-45ff-ad74-0ee23e279de4,09125399138,54131744851,Sawsan,Issa,F,1992-03-04,2025-12-07,postpaid,churned,Dongola,1114.58
675813ff-12db-4989-bf29-d41f5612e04e,09165108892,17108748531,Abeer,Nour,F,1990-06-18,2025-02-12,hybrid,suspended,Kadugli,-3563.2
7a0de316-6989-4a3d-8f4f-d9847e97f9dd,09182547775,38817683532,Jamal,Bashir,M,1984-09-14,2024-01-05,hybrid,active,Kadugli,3582.17
fd24ef87-8387-4411-8e0a-caa7453e592b,09129897446,93168151649,Omer,Hussein,M,1970-04-22,2026-01-20,prepaid,active,Dongola,1354.56
001403ef-f129-4770-afaf-f4fea534990c,09123066190,17484252467,Samira,Mahjoub,F,1970-09-15,2025-02-05,prepaid,active,Sennar,4567.66
0b9670cd-4026-45b4-a1aa-49ff1de94180,09189087535,89832435951,Nahla,Ibrahim,F,1981-02-23,2021-08-15,prepaid,active,Sennar,4664.93
89240212-c613-4eea-804c-dda3692c08a0,09123246935,51697883777,Nadia,Ibrahim,F,1974-03-01,2020-06-15,postpaid,active,Atbara,4985.73
448ca9ed-7c0d-49d6-b961-2e857c691fcb,09126965645,53928403476,Zainab,Bashir,F,1996-01-06,2022-07-20,hybrid,active,Kassala,4651.17
a3b59442-1344-490f-8607-d94f608d5641,09189425328,36930801187,Hala,Nour,F,1975-09-08,2020-12-18,hybrid,active,Wad Madani,3634.63
d95ed5bc-8ebe-4c6e-bf71-6960ecf3573d,09166572386,16018619136,Mohammed,Adam,M,1984-04-14,2020-07-02,hybrid,active,El Obeid,4728.79
931be947-606c-485c-9a09-8065f6f89820,09993660235,31884974163,Huda,Nour,F,1976-05-17,2021-05-27,hybrid,active,Nyala,4286.37
7face93c-035e-4ad3-82d5-73d0e6f4b6df,09182118289,13051027190,Mahdi,Mahjoub,M,1991-07-19,2025-06-14,hybrid,active,El Fasher,4991.68
04b1c8ba-38c8-4d06-9f8b-d923d0e50f24,09162330947,97688543464,Amira,Musa,F,1989-02-21,2024-04-21,prepaid,active,Kassala,2014.54
5d19f66a-ed3e-4328-a81d-151ddee362b7,09120030471,66234253012,Sara,Osman,F,1967-12-31,2025-01-16,postpaid,active,Khartoum,543.05
aeb0e76d-6c1f-4558-bc92-5075c54cc61e,09168187414,65663707043,Zainab,Mohamed,F,2002-08-07,2021-08-29,postpaid,active,Omdurman,1276.16
ef468462-9409-48f0-9bf8-c7536bae35ed,09184622284,76600974909,Osman,Issa,M,1968-03-08,2021-04-23,postpaid,active,Port Sudan,1867.61
1e38dda3-dc72-4fb5-9c87-101ef0a5268f,09185940048,,Abdalla,Hassan,M,1984-05-31,2025-01-30,postpaid,churned,Sennar,3505.25
90d6cda5-e723-4bd7-bad3-205d08e59297,09161234001,52290401507,Mona,Issa,F,1998-08-14,2021-05-27,hybrid,active,Kassala,853.32
9cc88f1c-9ea4-43ea-879e-eea465451679,09120943422,08241985778,Abdelrahman,Hussein,M,2002-07-31,2021-10-17,postpaid,active,Sennar,-4254.9
8193d422-0ced-4c14-b846-8b8baa115583,09161361877,49789535258,Amal,Musa,F,1988-08-06,2025-09-29,postpaid,active,Sennar,3091.87
c50b1f14-8b60-4541-b617-2e96855851e7,09160438724,30884860641,Abdalla,Osman,M,1986-10-09,2022-07-21,hybrid,active,Sennar,4041.25
bb9b6d42-032d-4186-863e-d16a458a2e7c,09127579015,50880639584,Intisar,Ibrahim,F,1989-10-24,2022-04-23,postpaid,active,El Obeid,4485.04
46941be6-c328-4b8e-96c5-a0d5dbaa7f58,09163704768,09856835051,Nasr,Yousif,M,1981-04-11,2022-05-08,postpaid,churned,Bahri,2288.91
60359d31-9f07-4deb-a5f0-5a1414aa768f,09162950336,93683402110,Amira,Hassan,F,1984-02-12,2022-12-10,postpaid,suspended,Wad Madani,205.93
c99d6e41-5342-4016-a4d3-e519aafd263f,09165349309,66634916605,Hala,Adam,F,1988-12-30,2024-03-11,postpaid,churned,Kadugli,3607.38
dbe82b6c-54dd-4044-be94-1c353ccf2389,,12108110387,Leila,Salih,F,2002-04-13,2021-08-16,hybrid,churned,Ed Damazin,2740.63
b7a1fe05-2cb2-481e-8e77-d6eeac1102ad,09181968706,66884331650,Abeer,Suleiman,F,1979-03-07,2021-11-30,hybrid,active,Bahri,2451.9
85d38ac7-d464-4fc6-8249-8624432f90ad,09125439346,98984738439,Omar,Idris,M,1988-05-26,2021-10-28,postpaid,active,El Obeid,3608.29
cadd17d6-3523-4ff6-88d3-c3a38383e783,09184962003,23020192686,Amal,Issa,F,1965-06-06,2026-02-01,postpaid,active,El Obeid,1616.42
561d9e08-06fe-4b64-9f57-ed2e07779df8,09127614266,24436770411,Mariam,Bakri,F,1961-06-04,2024-04-06,prepaid,active,Ed Damazin,893.38
b5c1fafb-8f49-4618-af0f-b15d50918b94,09125974895,64252753177,Somaya,Hassan,F,1966-04-18,2020-01-21,postpaid,suspended,El Fasher,874.55
d16c0304-d657-428c-b7c2-9da010e2f203,09127343488,91900002420,Hala,Osman,F,1966-06-25,2021-02-15,postpaid,active,Gedaref,140.39
09e2c06f-384e-4310-8b85-23803d3c151c,09167874411,28484217274,Babiker,Mahjoub,M,1973-04-29,2020-08-29,hybrid,active,Khartoum,3296.86
ad53ed4f-b653-4d93-9201-80157278b512,09181367161,68498991263,Abeer,Mahjoub,F,1971-05-21,2023-11-03,hybrid,active,Kassala,1752.01
5aebcbf1-941f-4122-888a-3becd3ebad5f,09163330987,03824298527,Fatima,Mahjoub,F,1965-05-03,2022-06-26,hybrid,active,Dongola,1156.67
0d06765c-f7b8-4bcb-a77e-61b27852668a,09184647496,59131101522,Hala,Ibrahim,F,1966-08-22,2025-04-25,hybrid,active,Ed Damazin,3777.74
7f5d2701-e3da-4754-b4fb-867d3f20c417,09168866088,23235113952,Yousif,Ibrahim,M,1975-06-28,2022-09-29,hybrid,active,Dongola,3978.42
f1ad1f5b-cd81-484f-90db-c0f1a582e61a,09166810132,47073081414,Hassan,Abdullah,M,1976-03-11,2021-11-23,postpaid,active,Kassala,3542.93
27f444bd-6037-4562-a189-ddb6a0a87b55,09123016548,76578159166,Mariam,Bashir,F,1991-09-07,2022-11-09,hybrid,active,Omdurman,3953.42
c5ad5492-972e-4c7d-8825-6f4810cbf580,09123601714,72229453196,Nadia,Hussein,F,1988-06-21,2020-09-09,postpaid,active,Kassala,4393.9
2771ceda-4661-4f9a-8666-fa9cd62e81ff,09120853809,,Osman,Idris,M,2001-07-16,2025-01-10,hybrid,suspended,Nyala,1645.71
8771afb4-cf17-4433-bde6-7f3dbcc3b2d4,09187087815,74916716567,Omar,Hassan,M,1964-05-28,2024-11-22,hybrid,suspended,Nyala,2461.31
92d34312-826e-478d-b272-8d0556886bb4,09182038528,57940154150,Mariam,Hamid,F,1995-10-17,2024-05-16,hybrid,active,Omdurman,528.43
2dcb7194-ccfd-406d-a43d-46025330df3e,09187873480,85149667571,Khalid,Yousif,M,1994-02-23,2024-11-10,postpaid,active,Bahri,960.08
c3129794-77f0-43b6-ab7c-5b2492920b3a,09186839699,57139570016,Abdalla,Ali,M,1986-03-22,2022-12-16,prepaid,active,Bahri,3661.69
ab9dc079-460d-4785-b6f6-6a5752d478c6,09187893038,14760409626,Yousif,Osman,M,1972-12-08,2024-10-15,prepaid,active,Gedaref,4746.2
5f345be3-2894-48d5-89cf-a81ced010e84,09162109853,27272066754,Sara,Bashir,F,1961-05-03,2023-02-04,hybrid,active,Khartoum,1202.53
164e4781-ccfd-4315-9d4a-3a397f32d5e2,09160883068,29481704967,Mahdi,Idris,M,1973-05-13,2024-12-18,postpaid,active,Sennar,3100.53
6ba2a8af-0562-49fe-a399-b1ef52f1c9e0,09994244310,02888239797,Omer,Ibrahim,M,1960-03-29,2024-10-10,postpaid,active,Kadugli,345.46
213cc29a-0d46-4eb7-a698-a4d28b20e59f,09122103674,00925427098,Nasr,Mahjoub,M,1979-04-24,2020-12-01,hybrid,suspended,Kadugli,609.75
1c9d6595-049e-4d88-ab95-954529215dac,09127148830,54508275986,Mustafa,Ibrahim,M,1993-01-30,2024-09-18,prepaid,active,El Fasher,1400.71
bd0cc844-6f0d-4dc2-8953-84f0428a878d,09168223286,42504647174,Dina,Bashir,F,1972-06-10,2023-04-16,postpaid,suspended,Wad Madani,2724.24
84e357a7-2504-437a-b720-c98b75b9165f,09122450116,01241811607,Omer,Hamid,M,1995-08-21,2021-07-08,hybrid,active,Atbara,4688.83
82bbdfae-0c93-4d8e-a4ff-a012f83f6ad2,09126847202,06314109244,Omer,Ali,M,1979-03-26,2021-07-19,hybrid,active,Ed Damazin,4965.9
7d6d31ae-cd54-4d87-b38a-5f6514adefe3,09997445719,24727318897,Dina,Nour,F,1963-04-30,2023-09-10,prepaid,active,Nyala,710.59
c14f92cf-0c76-4afb-9132-2126ab0796d7,09162142114,07813664929,Nahla,Ibrahim,F,1960-11-23,2024-03-16,prepaid,active,Gedaref,1108.43
692ba515-c7b8-40db-a847-8a132a5bfbf0,09183424706,49222571640,Abdelrahman,Hassan,M,1962-07-15,2022-05-20,hybrid,churned,Sennar,2856.94
e8af7e18-5828-41fe-8bb0-a7c560162fb6,09124564663,97180120633,Mariam,Idris,F,1991-09-30,2024-03-15,postpaid,active,Atbara,3562.16
c237a412-0335-456e-afa9-7eecbc2a2c83,09165646676,67491348169,Leila,Yousif,F,1984-12-20,2020-02-07,prepaid,active,Gedaref,709.07
ede99e4b-b5eb-4846-bcb3-df4dc700678e,09182442146,10049835900,Mona,Ibrahim,F,1989-12-30,2024-04-09,prepaid,suspended,Wad Madani,959.51
a9a32650-e2e9-45d3-967f-a6b66e952919,09125918376,53979005783,Hala,Mahjoub,F,1982-12-04,2020-10-10,prepaid,active,El Fasher,1789.62
a8e10d83-1ee9-4ad1-82da-c4499614c57d,09164513640,29422085950,Amira,Ibrahim,F,1977-02-25,2020-11-05,prepaid,suspended,Sennar,4181.84
48521a1d-9bb6-41e3-b0b3-46fc1b7695c5,09185924197,16655360181,Intisar,Suleiman,F,1969-10-17,2025-06-29,postpaid,suspended,Port Sudan,649.18
ef391c9d-13ad-48d3-8996-d6e6493583fd,09996117370,17921651481,Ibrahim,Issa,M,1965-09-01,2020-11-05,postpaid,suspended,Nyala,2765.19
1b8b22fe-404a-4c20-8779-3a3c8113e40d,09165035599,67313121312,Sara,Bakri,F,1987-11-03,2021-09-06,postpaid,active,Nyala,1897.87
c9d40ca0-d409-4588-8b70-2b7f9b4b9b09,09121539440,60146120584,Hassan,Yousif,M,1985-03-30,2022-03-11,postpaid,active,Atbara,1000.46
4022f7ee-da47-4804-a185-b23fd567a5af,09181335333,69417518007,Mahdi,Salih,M,1991-05-21,2023-04-15,postpaid,active,El Obeid,4793.01
b81a4651-8b3c-4652-9db8-3499ee238409,09186123587,90507309072,Tariq,Hamid,M,1982-06-10,2024-07-01,postpaid,active,Gedaref,1241.62
ccdfa2db-e3c0-4bd6-aee3-23b19698d45e,09129628633,89754701121,Sara,Hassan,F,1985-10-11,2021-09-03,hybrid,active,Kadugli,3992.84
4de0e82b-6e5c-4ae8-a6e8-e5b783da07fa,09127282881,56596040287,Kamal,Idris,M,1985-04-06,2022-08-05,postpaid,active,Khartoum,1923.0
1b8005ed-e103-4e3a-b062-fc3d3348e718,09168299244,23506884393,Ali,Musa,M,1979-12-31,2025-04-15,postpaid,active,Sennar,724.84
fd507afc-ae81-4932-b93d-4f21d8e9e7f8,09129294787,45456031868,Ali,Suleiman,M,1994-08-03,2023-01-25,hybrid,active,Atbara,4131.45
f4767794-e307-47b0-93fe-cdb67ca4df6b,09186454827,71959119941,Yousif,Suleiman,M,1980-05-23,2023-05-25,postpaid,active,El Fasher,2353.63
f5a3a25d-bb58-4391-baf4-e2bb5ac4f546,09164014708,23196172588,Jamal,Nour,M,1971-12-24,2024-05-22,postpaid,active,Ed Damazin,3666.62
13332674-202b-4a78-8a49-1586c5aa5099,09165591289,95121744756,Tariq,Adam,M,1980-07-23,2023-05-01,postpaid,active,Wad Madani,1088.47
0ec9c1bf-1fe8-4870-98c1-ae8c0333554b,09122371250,68212035813,Abdalla,Bashir,M,1999-11-18,2025-04-07,hybrid,active,Atbara,3967.94
d7194b04-62a2-4e2f-963d-44b494438271,09162405589,72359199885,Rania,Idris,F,1992-02-15,2021-05-01,prepaid,active,Atbara,2194.38
47049b6b-2e80-4a03-b0cf-c31c365593f0,09184585542,20548729129,Babiker,Mahjoub,M,1996-01-29,2023-10-23,prepaid,active,El Obeid,3380.79
b139b464-3c54-4ffa-aca9-3688844b4b7c,09183230017,19557632951,Fatima,Hamid,F,1995-04-04,2023-07-10,prepaid,active,El Obeid,3453.63
6abbb2d3-640b-4e9e-84e8-b97505b07661,09186374703,03663860268,Nadia,Bakri,F,2000-10-26,2020-12-28,hybrid,active,Ed Damazin,2513.22
ddbe69f7-b41c-4189-9c3e-6576d439919c,09128865852,28876172746,Osman,Osman,M,1965-03-13,2020-02-02,prepaid,suspended,Omdurman,0.27
2b190158-86d2-4918-94f5-fcdf88a514b0,09123517199,49745009706,Tariq,Bashir,M,1983-12-26,2022-03-12,prepaid,suspended,Sennar,2363.72
4c5f9bc8-e805-4ea7-9f03-a5e89e17477e,09166115552,40278201581,Osman,Osman,M,1970-04-10,2021-12-12,prepaid,suspended,Dongola,4471.56
c5fd23df-ae2a-47ea-a1b4-371d47b5575c,09169515223,45089607137,Omar,Abdullah,M,1994-05-25,2023-04-05,postpaid,active,Kadugli,2803.37
545e5b20-8079-4978-923f-ffda9577b15f,09995317324,83284014407,Omer,Mohamed,M,1961-10-26,2022-04-29,prepaid,churned,Atbara,4439.89
d9709606-190f-41e7-a83f-06f1b0acbe42,09124113414,81268926583,Mona,Ali,F,1989-06-03,2025-05-30,prepaid,active,Wad Madani,1023.26
655058d6-61a0-4cb0-adec-e029b1a70890,09166069456,84709319579,Sawsan,Bakri,F,1998-06-25,2022-10-23,hybrid,active,Dongola,1220.6
14960997-0248-49ea-b3c6-e0b683942522,09183078457,84490230771,Somaya,Idris,F,1987-10-10,2023-04-14,postpaid,churned,Khartoum,3268.0
36084ffc-f4d3-4652-ae48-ca00b59032b6,09121183769,10818981378,Jamal,Hamid,M,1964-12-08,2020-12-15,prepaid,active,El Fasher,16.34
58c1f9bb-2c9f-479b-82e4-731ad82b8493,09165325672,11951109452,Nadia,Idris,F,1996-01-25,2023-01-03,hybrid,active,Bahri,354.28
c67f357c-3761-40f9-835e-00b352dcea12,09120008888,76414377222,Abdalla,Hamid,M,1993-01-28,2022-10-09,postpaid,suspended,Sennar,3424.27
69e149a5-b9e0-4282-a4f1-d1d0e2f9504c,09164881073,27619903777,Intisar,Osman,F,1982-03-01,2025-11-05,prepaid,active,Bahri,4090.53
68e64084-e299-4044-ada6-4eff1824d74b,09125851514,94007467239,Intisar,Osman,F,2001-02-05,2025-04-18,hybrid,active,Omdurman,520.5
aa94eea8-8065-437b-9821-fe41723668b8,09166059558,70425377696,Omar,Mohamed,M,2002-12-05,2022-02-14,prepaid,suspended,Ed Damazin,1356.1
3f893c6a-37ea-4c15-98c2-ef19fe8093c1,09128737238,05712166296,Mahdi,Adam,M,1994-08-20,2024-06-11,hybrid,suspended,Bahri,2387.92
93b61abe-cdf4-45d8-85ca-bf3f213f4570,09168544606,88958993219,Mustafa,Ali,M,1966-12-02,2021-12-13,prepaid,active,Ed Damazin,1389.59
4eebd741-3747-4ae4-a135-5b1307bbe062,09124856450,44624044163,Somaya,Musa,F,1968-03-24,2023-08-12,hybrid,active,Sennar,3756.78
c2002571-b6b4-4e4b-bed8-c927b8e7b44a,09120033790,47421206605,Mariam,Fadl,F,2004-11-29,2020-03-22,hybrid,suspended,Gedaref,1629.83
115e8b30-069c-4fc4-ad3b-0bbe1ea0ab76,09189170888,07242075308,Ibrahim,Bakri,M,1999-11-23,2023-12-06,prepaid,active,Kadugli,2992.89
ce36487c-a209-4739-8d0a-02463b9f3411,09169586015,00858549146,Widad,Osman,F,1991-05-31,2020-07-28,postpaid,suspended,Gedaref,4218.87
1dc944ca-e7a4-4765-a56a-d2392eb73520,09129526171,86709683720,Ibrahim,Bashir,M,1966-01-27,2023-09-19,postpaid,active,Ed Damazin,1574.77
826f15d9-4e49-47c1-96b2-1c327bba5961,09125819634,81300436256,Ali,Osman,M,1970-04-28,2022-10-31,prepaid,churned,Dongola,3637.49
d226016a-cf24-4b52-b73c-0a32f818822c,09181876240,46610106195,Ahmed,Musa,M,1966-02-08,2023-03-13,prepaid,active,Port Sudan,3578.29
6fcced0e-5f2f-4840-a794-2214e4e3cb80,09166145018,18785037436,Leila,Ibrahim,F,1966-09-17,2021-07-03,postpaid,active,Bahri,3789.43
1c57d8ea-7da6-46f4-8cb7-1d2f0fa1528e,09181241521,21933873006,Mariam,Nour,F,1963-06-29,2021-12-30,hybrid,active,Ed Damazin,3995.96
159f8ce7-1594-4e51-b7ee-6f573ed33a67,09167564108,94520725940,Widad,Osman,F,1977-04-26,2024-03-18,postpaid,active,Kassala,3470.74
ee57e3ae-a053-4868-a70f-be26deedc1ea,09184552255,49422851413,Ahmed,Mahjoub,M,1995-03-04,2021-09-21,prepaid,active,El Obeid,2639.55
6a1e1809-c0bb-426a-8a76-d63332fe084a,09183305613,11137236790,Ali,Ibrahim,M,1976-03-08,2021-01-22,prepaid,active,El Obeid,3630.38
62045660-1126-4546-a6f1-41f7f82d74ed,09121890983,08799333091,Khalid,Hassan,M,1976-11-20,2024-05-23,hybrid,active,Dongola,3224.17
5f147243-ddc5-4b14-a093-78f3bc21e2e3,09128289681,81433586283,Fatima,Ali,F,1993-02-15,2024-04-19,hybrid,active,El Obeid,4893.38
c6107dcf-ee5c-4a88-9080-32e730984bdf,09168076879,02446442359,Nahla,Mahjoub,F,1994-03-26,2022-04-24,hybrid,active,Sennar,3627.85
ef98bbbe-e425-4abf-a80b-66d9ad3e837e,09129075422,48980147689,Mahdi,Adam,M,1978-08-01,2023-06-01,prepaid,active,Atbara,3771.97
00c98701-f07b-4522-ae16-debb7e8a7115,09166814034,84545367932,Mona,Nour,F,1997-05-16,2021-08-13,prepaid,active,Dongola,2224.7
4a242627-0a85-4090-a978-3d524e85eb18,09169661446,65849089571,Khalid,Fadl,M,1964-05-29,2024-02-10,prepaid,active,Omdurman,1284.18
73918e2a-1e15-4473-aefa-706db7120043,09185960658,55229509443,Yousif,Ibrahim,M,1999-01-07,2026-04-29,hybrid,active,Wad Madani,4058.89
b85989e6-4f1e-48bb-af66-304ff812f31f,09127457576,82636900897,Huda,Bakri,F,1980-12-29,2020-05-26,prepaid,active,Atbara,3499.34
28059bf2-619c-4cf7-98ba-bd6196baeb3d,09167433409,70555013334,Widad,Idris,F,1980-05-24,2020-10-04,postpaid,active,Dongola,2434.12
10084a30-64ec-4da3-85ca-34e9900df00d,09188534026,10158526323,Amal,Hassan,F,1967-07-07,2020-05-22,postpaid,active,Gedaref,2600.9
580d4e99-2155-4cec-9eab-52cb96bd1fc5,09188462054,20118668272,Nahla,Fadl,F,1995-10-27,2021-12-05,hybrid,active,Omdurman,3902.32
8ede109f-ba38-4ff7-9e70-ced74b6a42f9,09187418182,71513194828,Intisar,Bashir,F,1972-07-30,2023-12-21,postpaid,active,Kassala,1049.62
d0e40c0a-f33c-4f37-bf71-cfbad47a17b4,09161886835,47374571472,Amal,Issa,F,2000-03-20,2022-03-31,hybrid,active,Atbara,4616.9
3d71f79d-2f8d-4763-90ea-b4dad07292dd,09123367812,15542373997,Abdelrahman,Abdullah,M,2000-07-22,2020-03-03,postpaid,active,Kassala,4160.5
a38a765d-9cd4-4a76-98bb-b8a957bc333b,09164323590,63287755484,Huda,Ibrahim,F,1963-05-13,2020-02-18,postpaid,active,Gedaref,18.88
e08db5f2-5fc7-4535-a3cd-a154274e92b0,09185760196,66793992783,Intisar,Nour,F,1994-11-12,2025-06-06,hybrid,active,Gedaref,3520.45
5ec551cd-bb27-4ddb-b7cc-be86e3f49bba,09188920798,33810136240,Kamal,Fadl,M,1977-02-16,2020-09-10,hybrid,active,Dongola,749.48
043084d1-8a53-461b-ab77-a82fb81a48b4,09164456322,50546788488,Nadia,Yousif,F,1961-01-12,2023-03-09,hybrid,active,El Fasher,1434.2
7658fac6-703d-4728-bd02-84b4b12d8010,09182343714,,Jamal,Mahjoub,M,1974-01-28,2024-07-21,hybrid,suspended,Kadugli,159.21
3b1bf2a0-d950-4425-8946-8f0c79f7b3f1,09128537512,20721598056,Leila,Fadl,F,1960-06-29,2021-07-04,prepaid,active,El Fasher,3259.65
4219f975-0e09-4fb5-8182-8ae79952f4c1,09168006840,96429385550,Ali,Ibrahim,M,1999-05-15,2025-05-02,hybrid,active,Gedaref,4992.66
d2eb828b-732d-42eb-8c9d-bbaacc6c5b8f,09182449130,61085570419,Tariq,Hussein,M,1976-11-25,2023-06-20,postpaid,active,Gedaref,4406.62
cc477873-2745-4a40-a759-02588c1e62ce,09128222413,29501023232,Babiker,Hassan,M,1970-11-11,2021-11-06,hybrid,active,Dongola,678.72
ed98d9be-e9b3-43ea-91f2-93f7fd547dad,09162735022,14916101995,Sawsan,Hassan,F,1980-01-25,2021-03-17,prepaid,active,Atbara,2397.11
f1db1adb-0afe-41c6-8cb4-291fe5e78fed,09163519419,97981763019,Jamal,Abdullah,M,1969-03-14,2020-12-01,postpaid,active,Ed Damazin,1045.02
2ea45237-9a40-4203-a44e-e74f169f8795,09124104882,06456200983,Widad,Mohamed,F,1975-10-30,2024-03-17,prepaid,active,El Obeid,725.44
cfaee841-f4b1-48be-b2bb-b26e8a04ac9a,09125205656,79167127944,Nasr,Bashir,M,1961-09-12,2020-10-28,prepaid,active,Atbara,2252.7
2a4e9b6e-ab00-4cf5-8441-4bfd0430baf5,09169707306,86887861920,Ali,Ali,M,1972-03-29,2021-03-14,hybrid,active,Kassala,225.5
9dce9c77-a26d-4d14-9ff4-893c38d19e96,09168450156,22584819060,Huda,Hamid,F,1986-01-20,2022-10-29,hybrid,active,Wad Madani,-2254.11
3724c244-345b-4b8f-b27b-366cea41f171,09186497172,91269815334,Amira,Musa,F,1992-03-27,2021-12-01,prepaid,active,Kadugli,1041.91
de591fda-beb8-421e-978e-b0088ee274ee,09168833102,08520564598,Omer,Suleiman,M,1960-11-15,2021-08-10,postpaid,active,El Obeid,2685.56
36b7ce18-1b29-4326-94fb-05e7a8d9076f,09129743950,44492095455,Somaya,Issa,F,1984-04-03,2025-02-15,prepaid,active,Wad Madani,1053.78
076b9e28-f247-4c73-8d9e-2895ee56b2b8,09184422832,99587427963,Intisar,Salih,F,1960-04-25,2022-05-14,hybrid,suspended,Kadugli,3233.43
e5fb4612-ae51-4ed7-a4c0-4dceb3ff6867,09991166556,28105925121,Widad,Bakri,F,1970-10-14,2024-04-14,hybrid,active,Kassala,1905.71
60396c2c-a861-4af2-a612-738a88841829,09124335901,56407556941,Amal,Adam,F,1983-09-28,2023-04-26,hybrid,churned,Port Sudan,1701.03
6d373065-85ee-454d-baaa-4bbffd5234d9,09189625774,16165665764,Tariq,Ibrahim,M,1961-03-22,2023-05-19,prepaid,active,El Obeid,1701.55
4a9b7e96-67bd-462f-935e-d534a7bba522,09126967969,39249623443,Mariam,Abdullah,F,1997-12-15,2025-02-09,prepaid,active,El Obeid,417.51
b0cfdefe-5dea-4b4e-a11d-e249a80bd014,09167741733,36010786760,Mahdi,Suleiman,M,1992-12-26,2021-10-29,postpaid,active,El Obeid,182.72
5eaa39f8-d85f-4bdc-a1d6-18acc36693ca,09169806184,64876085764,Omer,Issa,M,1998-06-30,2020-03-20,prepaid,suspended,Ed Damazin,4395.36
da6e3d1b-2f79-4469-91d6-d82ad8f6a466,09166227192,17366566739,Zainab,Bakri,F,1965-01-04,2023-03-19,hybrid,suspended,Khartoum,4657.46
acd0e129-ff1d-43b4-998b-0da5ab69e363,09183657614,76657164022,Nahla,Ali,F,1995-06-07,2020-12-07,hybrid,active,Bahri,4088.44
d4fbec2d-89a1-4b26-abb0-8519e9bc15c6,09124491764,82614810995,Leila,Bashir,F,2002-11-29,2024-05-12,prepaid,churned,Port Sudan,1018.21
6345e446-5fc8-4ce9-aee3-b724d56b0b50,09123156670,53308519838,Mahdi,Adam,M,1994-08-01,2020-06-27,postpaid,active,Sennar,913.78
a7cf2cdd-3816-446b-8ef8-2d46006d30e6,09121030897,58638040441,Dina,Mahjoub,F,1994-11-14,2020-08-19,postpaid,active,Dongola,4930.79
0510d92f-f1ce-4713-b5be-e34e11702e7e,,04808805749,Salah,Ibrahim,M,2003-06-29,2023-01-24,hybrid,active,Kassala,3910.12
48af2378-c761-48f7-b8cf-16f383516ce8,09123899279,35444589057,Tariq,Bashir,M,1978-02-22,2020-07-12,prepaid,active,Atbara,1611.92
1a7130b4-27b9-45e7-8be3-b50a7c7eeace,09188245663,63051281637,Mona,Bashir,F,1999-01-24,2021-12-11,prepaid,churned,Port Sudan,983.93
d927a1c4-cdd7-4e63-a6a7-9f1d8bde0c67,09183695700,15034316292,Hala,Bakri,F,1978-01-17,2022-09-26,postpaid,active,Kadugli,1193.09
66e94120-e396-46cb-aacf-d80e4514a702,09122057492,13860682897,Babiker,Bashir,M,1971-12-10,2024-05-07,postpaid,active,Kassala,1850.24
88355afe-80a1-44ed-b65a-7860437158f7,09180769070,09608967443,Amal,Hassan,F,1988-12-19,2024-12-25,prepaid,active,Dongola,4661.14
c220b313-9de3-43d8-ad3c-e924e1c02e37,09186336061,01323123036,Mariam,Issa,F,2004-08-02,2021-05-10,postpaid,active,El Fasher,1143.86
7ccc6d9f-536c-48d2-85b6-617b8b40915f,09123503420,62895804248,Omer,Suleiman,M,1989-08-12,2020-11-05,hybrid,active,Nyala,2627.01
411d534e-d962-4048-aa1a-57802410f851,09121436785,87334667668,Kamal,Ali,M,1971-07-19,2025-03-28,prepaid,active,Khartoum,3699.19
0f6cd212-7582-4686-bbb1-eaaadec3c546,09167464385,08825704455,Ali,Nour,M,1982-10-05,2021-05-23,hybrid,active,Dongola,2559.37
d5dad386-eb27-48bb-8693-a72873eb33f2,09129438054,79489830186,Rania,Hassan,F,1964-06-11,2024-07-22,prepaid,suspended,El Fasher,1838.07
bea827b9-a43d-4191-9827-e287a9abf91d,09189856760,04270983965,Kamal,Osman,M,1986-03-02,2024-06-20,hybrid,active,Ed Damazin,1499.05
029a55a3-7d91-4dcf-a0d5-9377e3288346,09185363471,67804780544,Tariq,Adam,M,1991-03-23,2021-02-11,hybrid,active,Wad Madani,931.92
65554f83-5de9-4ec6-be6d-43520c5b38be,09128745921,89310587686,Abdalla,Bakri,M,1983-01-20,2023-03-26,prepaid,active,Kassala,4228.04
31e04dd2-b903-409e-b318-91ab0687e589,09127874105,66326246302,Huda,Idris,F,1990-07-07,2025-06-05,postpaid,active,Nyala,1685.01
08851353-10f2-40b3-ae67-cdf5579d3260,09166736032,11245861547,Abeer,Yousif,F,1986-10-09,2022-04-04,hybrid,active,Wad Madani,3391.92
a0c282c9-03e8-4b7b-878f-f89625c38e12,09992722437,82371059602,Sawsan,Ibrahim,F,1977-09-14,2021-12-02,hybrid,active,Khartoum,1382.17
bce4c4f4-d0fa-45cc-9924-0e11252f769c,09125969718,51147771631,Omar,Hamid,M,1988-05-04,2025-03-27,prepaid,active,Atbara,3970.45
961cf29a-85be-4274-967a-1223b96bb8c6,09121891928,34402608358,Sawsan,Yousif,F,2001-09-04,2022-05-26,hybrid,active,El Obeid,3227.83
2b8fdf32-7422-4aa3-89ae-10df1b6fab4f,09999241337,87675675386,Abeer,Salih,F,1996-09-10,2024-10-07,hybrid,active,El Obeid,4995.99
fa6d4e2f-d4f2-4c4b-aecf-51ce02620687,09128194448,90208427359,Salah,Salih,M,1969-10-16,2024-11-11,prepaid,active,El Fasher,4946.82
aadeb962-6ca6-4848-a54a-af2463f52f06,09129612052,87001906246,Nadia,Nour,F,1993-06-05,2021-04-17,prepaid,active,Gedaref,630.25
a9a8f82b-58ea-4fb1-b827-c86e5c173d25,09163762920,66545667037,Zainab,Idris,F,1964-04-21,2023-09-28,prepaid,active,Khartoum,2829.88
2ee8b9e6-e0bb-453f-8b08-0653e376c88d,09163882578,43711718569,Mona,Fadl,F,1969-08-03,2020-07-13,hybrid,active,Kadugli,4102.77
5ac69c42-13e0-48df-9ad6-5142cbe46e8c,09991000471,39378408719,Leila,Nour,F,1992-08-29,2024-01-21,prepaid,active,Nyala,4933.81
c2dbc417-555e-4d4a-bf3c-6ce648d1328f,09185685900,37086146391,Amira,Hamid,F,1964-11-06,2021-03-16,postpaid,active,Bahri,1086.17
cb3b7082-2b2c-4616-aaf7-6637058af0cb,09123147012,60562926692,Abdelrahman,Hamid,M,1980-12-22,2023-04-19,prepaid,active,Omdurman,4958.97
8409203c-8f23-4c2a-8e2e-b24a709be7d6,09188763029,86281180319,Omar,Idris,M,1995-01-17,2024-06-05,hybrid,active,El Obeid,2949.41
d4d025e0-9007-4505-b0f8-8918e9410cc9,09186374788,82459198781,Sawsan,Ali,F,1979-06-06,2021-10-24,hybrid,active,El Fasher,742.91
58b8bdf3-ffa2-4877-97e4-a4e905b59bc3,09127541387,05544054755,Ali,Suleiman,M,1977-03-28,2021-07-22,postpaid,churned,Ed Damazin,1007.28
289c2e0d-e083-49ea-8dc8-c567b8e1f609,09124991410,71787896753,Mahdi,Mohamed,M,1994-05-02,2020-02-02,prepaid,active,Gedaref,4759.16
2645247f-151e-4c51-a857-8b1483fcaace,09184275373,73269537244,Leila,Fadl,F,1984-07-30,2024-11-04,postpaid,active,Omdurman,817.13
a34efbf3-e318-4ded-a401-52abe362e562,09183692009,12585340297,Huda,Salih,F,1961-07-06,2024-04-27,hybrid,active,Wad Madani,4977.01
7e19da2f-2166-4e09-8e4d-b7ea60addab9,09184013748,96782637692,Fatima,Hamid,F,1983-08-02,2023-05-20,prepaid,active,Sennar,4581.31
1b57f399-d0e6-42b5-a96a-19b5ade36a38,09124479405,05159490603,Omar,Bakri,M,1989-08-12,2023-07-28,hybrid,suspended,Bahri,2306.51
36666ab4-ac9c-4f5f-b609-48bb3b918a02,,95372817740,Huda,Adam,F,1987-12-11,2024-01-10,hybrid,active,Dongola,1061.06
cb9a7218-4717-48a0-8ced-49d80aadd1c3,09164339828,83670097418,Leila,Abdullah,F,1997-03-29,2024-09-09,prepaid,suspended,Dongola,4438.89
32251edb-752e-4003-a421-c932fe272a36,09129887230,75578616584,Mona,Fadl,F,1968-12-30,2021-09-02,prepaid,active,Kadugli,3100.02
d95e615d-5422-40ce-a76c-aca80476b894,09166206672,98361941028,Ahmed,Hamid,M,1975-12-06,2025-01-27,postpaid,active,Gedaref,2554.63
8d011b5b-d2ff-4e44-b347-c3f460b5d4de,09182803151,,Samira,Suleiman,F,1990-12-12,2023-12-25,hybrid,active,Port Sudan,4895.43
e9245301-5650-407e-a144-e3921fb61708,09183252600,11812307388,Ahmed,Musa,M,1965-06-27,2020-08-25,hybrid,active,Omdurman,681.03
1b2b4793-2d48-4e32-9c03-51fae092b5c4,09120107452,05009911971,Mona,Hussein,F,1988-11-05,2024-04-16,prepaid,active,El Obeid,3138.89
2d7d46a7-fc1f-4f14-8354-45d538d6d6d5,09184122501,12875082670,Osman,Adam,M,1977-07-03,2024-10-24,prepaid,active,Port Sudan,-1918.25
67b0337b-9981-4e50-8bec-503c4fd39988,09995912753,46881756109,Mahdi,Hassan,M,1991-05-05,2024-09-22,prepaid,suspended,Kassala,2697.24
9a2d5a5a-9004-41e8-9807-d2bd0eab2e43,09189052334,75091783563,Abdalla,Fadl,M,1993-11-01,2022-04-19,prepaid,churned,Ed Damazin,3156.71
878f357e-bdd6-416d-a1d7-d50088b4b9cb,09121855771,70775766271,Sawsan,Bakri,F,1965-03-26,2023-04-26,prepaid,churned,Kassala,862.72
82e4deb0-f61f-4dc6-9642-9392abbc3c85,09125386828,15978007861,Ahmed,Fadl,M,1998-06-23,2025-02-22,prepaid,active,Wad Madani,1588.09
1a032f13-aed2-495b-90d7-392e60713e52,09127481444,39446926626,Leila,Musa,F,1979-06-09,2025-01-28,postpaid,active,Sennar,2611.53
828a5fb8-419b-475a-bf1f-aab9fc25999d,09124941552,99277771358,Jamal,Osman,M,1996-12-04,2020-12-30,postpaid,active,Omdurman,1025.14
40e56229-d39f-4d6f-8827-7d1800ef9fbc,09128797892,93090772584,Sawsan,Bashir,F,1964-05-12,2020-06-09,hybrid,active,Kadugli,2073.22
0e8182ba-b12b-44c9-9e95-e40de1fed53f,09166660506,89025528897,Fatima,Mahjoub,F,1977-09-23,2023-11-30,hybrid,active,Khartoum,2209.63
2ab7e5e8-2056-4f28-920d-8c0afb3d1bb7,09124161772,,Kamal,Adam,M,1965-01-11,2020-12-26,hybrid,active,El Obeid,621.58
0033572a-2665-4260-8850-3d7d26fdb0c5,09168550231,37447156503,Widad,Adam,F,2002-06-22,2020-11-03,postpaid,churned,Sennar,4537.89
e68a9e66-1fea-4aa9-ab4c-2bb0c1996d15,09128268201,20215262076,Abeer,Nour,F,2002-04-30,2024-11-13,postpaid,active,El Fasher,-4480.21
1580a3bb-e6f3-47a8-814d-06e48f069986,09125006973,65879492315,Somaya,Bashir,F,1969-09-21,2020-12-08,prepaid,suspended,Dongola,2788.72
05bd58a2-864a-44cc-8d46-b8c01be6ea67,09167190936,61765881883,Khalid,Osman,M,2001-10-01,2023-03-19,prepaid,active,Dongola,3512.43
ada37697-e20a-484a-a7d5-cb882e59f1ba,09165849391,78264083444,Leila,Mohamed,F,1978-08-01,2026-05-29,prepaid,active,Wad Madani,2609.67
fab4d663-ac48-4782-ab85-5f2befb87baa,09167175663,57903818683,Mohammed,Nour,M,1974-06-28,2020-07-08,prepaid,active,Sennar,1019.37
461c57c3-9a60-4390-b18d-ecf590c53270,09127011269,92897224976,Leila,Salih,F,1968-01-31,2025-03-12,hybrid,active,Kadugli,2674.76
9ac58ff5-7c71-42f6-8b7f-4dccad3da20d,09121098624,53115718265,Amira,Hassan,F,1972-01-23,2021-07-14,postpaid,active,Khartoum,2012.28
9aa86de5-ff01-402e-83bc-68c9a0d366de,09165840429,10374973645,Dina,Issa,F,1997-03-26,2024-03-20,prepaid,active,Omdurman,3513.83
c3e17a2c-1951-40cc-81dd-7d0e60a65301,09125572131,91396839028,Dina,Salih,F,1974-05-04,2024-11-26,postpaid,active,Sennar,882.24
4e13bf63-a4fe-446f-a947-a3fb45ede808,09125033668,94949278367,Huda,Abdullah,F,2003-03-07,2022-05-17,postpaid,active,Bahri,4787.51
fb7e6d50-eec2-4ed8-8d94-1d328b4534f2,09164968472,76041281771,Kamal,Musa,M,2003-08-09,2020-10-07,postpaid,churned,Atbara,4865.41
ece4f56d-a8d5-42ff-87fb-1828de60206c,09188396324,70042955471,Samira,Ali,F,1974-10-28,2020-06-03,prepaid,active,Omdurman,1914.34
a28d11a5-ca91-419c-8f30-a9649e440439,,67532999839,Salah,Bakri,M,1969-01-26,2024-09-07,postpaid,active,El Obeid,3036.17
f42f8a69-7516-487a-88e1-ede373096535,09184824641,18803467006,Mariam,Mahjoub,F,1969-08-09,2023-08-05,hybrid,active,Gedaref,1326.51
03caa40d-7548-4e7e-bcb1-5ef3508978e1,09127072185,08226163405,Ahmed,Yousif,M,1985-04-16,2023-04-25,postpaid,active,El Obeid,4950.89
f9ac956f-05da-4ed8-aa66-24925b98ffdf,09124001755,04935781412,Mahdi,Issa,M,2002-04-29,2024-02-17,prepaid,active,Gedaref,3662.12
f3cc8e26-959a-4a82-b7e3-9174da2811a4,09188392912,38118740074,Somaya,Hussein,F,1980-01-18,2021-03-21,postpaid,active,Ed Damazin,3634.99
59475921-13cd-4606-8e0c-1e6452942f2d,09160356729,44247222647,Ali,Fadl,M,1973-05-22,2024-04-07,prepaid,active,Port Sudan,1523.44
40fd1332-158b-449b-a248-878134aa5bf0,09122275617,58344173098,Amira,Ibrahim,F,1967-07-06,2024-05-20,prepaid,active,Atbara,3548.34
aa5a8996-8fd6-4d8f-abf8-c0699299fe3c,09122963597,52288320939,Zainab,Idris,F,2003-12-19,2022-03-24,hybrid,active,Kadugli,132.76
55772500-e84e-4eeb-a520-ce2fea90ae11,09167785145,54944442973,Nasr,Osman,M,2003-11-22,2021-04-01,postpaid,active,Bahri,3960.67
ebf13f8c-ca2f-4882-ac75-0430de5ff0fc,09127557378,51393116531,Abeer,Ibrahim,F,1973-01-06,2023-07-29,postpaid,active,Nyala,3473.45
072a4f9d-c233-41b9-87f8-02a693a16c3b,09125717159,18333356255,Mona,Bashir,F,1961-07-14,2021-01-15,prepaid,active,Wad Madani,1525.42
d22e9884-6b66-454a-8110-24fae88cb12f,09121373202,20173822606,Ali,Idris,M,1995-05-03,2025-05-09,hybrid,active,Dongola,2069.19
9bbbb0e2-21f6-456f-8488-bb103c1bcaf3,09186488639,98756819299,Fatima,Suleiman,F,1989-10-14,2024-11-18,prepaid,active,Khartoum,643.54
85f68b46-51d9-4d05-a692-2bbd14b8c71f,09183509327,53296948632,Intisar,Ibrahim,F,1964-12-13,2020-09-11,prepaid,active,Gedaref,65.38
349d6402-fe20-4d3a-84eb-cd967d2d4c2d,09123969118,66411516446,Sara,Ibrahim,F,1989-11-23,2025-02-22,prepaid,active,Nyala,3884.89
b5744d01-b5cf-42ae-94c8-94c1ed0e1b62,09169008004,70322600888,Abeer,Hussein,F,1987-06-16,2021-08-12,hybrid,active,Sennar,4927.57
53372e69-0b74-4392-b635-541e847b9c3b,09163888931,29044282361,Omar,Adam,M,1998-09-12,2020-04-13,prepaid,active,Atbara,4532.73
8f62eca3-a365-4a5c-8792-0b721fe3ff4a,09122101510,60978497042,Jamal,Ali,M,1963-01-05,2024-12-12,postpaid,active,El Fasher,4167.36
303d44c0-5ec1-4acd-ac43-a938b9c39679,09120945319,42236532714,Amal,Hassan,F,2003-03-16,2021-07-09,hybrid,active,Khartoum,2409.25
8146730b-b254-4e60-8677-94f677323fbc,09127509444,83174936016,Hassan,Osman,M,1967-05-01,2023-09-17,hybrid,active,Sennar,3917.28
cb4b3a35-3955-4f5c-80b2-926e9aff5fa0,09127225758,48363917013,Ahmed,Fadl,M,1969-02-20,2020-01-19,prepaid,active,Kadugli,2208.26
1353bc72-0258-47d7-baa6-65df2bc60cfb,09185862342,23422641014,Hassan,Osman,M,1984-08-22,2021-03-14,prepaid,suspended,El Obeid,1905.16
e80d845b-8686-496c-a859-ac52e14265dc,09160612517,43421084398,Widad,Bashir,F,1977-12-08,2024-10-27,prepaid,active,Omdurman,2176.35
792abf04-b59e-4834-bd9d-9790af6e0366,09122687485,11766124768,Dina,Nour,F,1989-03-31,2024-12-24,postpaid,active,Kassala,3924.03
e14d04f0-6eeb-4391-bbc3-8212d854c39f,09180282774,69482545763,Mona,Suleiman,F,1986-06-01,2022-07-05,postpaid,active,Bahri,204.18
859dd6bd-681e-44b4-a92d-739f93fb9e13,09125281372,42046535217,Hala,Nour,F,1965-07-17,2022-11-14,postpaid,active,Gedaref,2474.83
282ccf96-f272-406b-9430-75d965e1d7db,09120304330,77900121532,Mohammed,Mohamed,M,1982-01-30,2024-04-10,hybrid,active,Kadugli,2850.11
ee2aded0-e9af-4ea4-b738-0f997f090751,09127181063,19854480667,Fatima,Hamid,F,1994-03-20,2022-04-21,hybrid,churned,Bahri,3181.89
bfbde37a-6493-4f81-a4d0-eee64ac7f986,09126512654,73704214152,Omer,Musa,M,1981-02-18,2024-09-20,postpaid,active,Gedaref,3754.67
3ff279be-ad33-4733-87d5-8e174ac8a22c,09188545069,35763381235,Ahmed,Adam,M,1986-08-27,2025-06-27,prepaid,churned,Dongola,1070.83
afbcd14a-8965-4a11-bfa6-82a2908dc04d,09127602070,73736680316,Zainab,Adam,F,1999-09-03,2023-09-14,prepaid,active,Atbara,-1780.66
14670373-61c1-4f31-8ea1-df28021b7256,09992555741,49916159028,Leila,Mahjoub,F,1999-05-10,2025-03-08,hybrid,active,Bahri,2082.54
6826ccfb-e5c1-4a64-affb-d364d39aae23,09189066036,34091616931,Mona,Mohamed,F,1982-01-05,2021-09-06,prepaid,active,Kassala,1614.3
baf73b97-e007-44a6-97db-db404e4ae004,09122644458,16494615286,Mustafa,Osman,M,1970-03-04,2022-10-15,hybrid,active,Nyala,2331.63
ff117eaf-9e43-4c95-ae1a-9e69e658e1d1,09169179060,81257060298,Mahdi,Mahjoub,M,1974-11-11,2021-04-04,postpaid,churned,Atbara,4460.97
a86ac6c9-e515-40d1-8254-f65d15b58020,09167596500,02197976470,Nahla,Mohamed,F,1987-11-02,2024-09-25,postpaid,active,Omdurman,2017.56
0593fda4-0917-4595-a638-a5a64c1e176b,09162569512,51628026142,Abdalla,Hamid,M,1973-08-25,2024-06-21,hybrid,active,Kassala,1922.65
54bde1f1-6581-4e05-9145-af95c2e1f937,09168194804,46358002729,Mariam,Ibrahim,F,1968-05-23,2023-10-19,prepaid,active,Omdurman,669.71
2cb482af-bb39-4fcf-953e-9f746c95b125,09188419362,63134946078,Babiker,Nour,M,1966-03-09,2024-05-06,prepaid,active,Ed Damazin,4647.74
149fa6e8-693b-4892-90ea-324411490266,09122293114,23115479704,Jamal,Musa,M,1980-06-04,2020-08-30,hybrid,churned,Khartoum,1893.81
1ff310d9-e570-47c5-9ee6-5e366d4fc6c5,09163284512,,Kamal,Musa,M,1999-04-25,2022-06-28,hybrid,suspended,Kassala,4814.65
ad8c5604-b420-4186-86fd-6860a5645222,09120092018,87069832924,Rania,Bashir,F,1965-01-05,2020-09-04,prepaid,active,Kadugli,2548.87
28b203cb-10d0-4d62-b229-286877c990c0,09163281975,07721889066,Abeer,Mohamed,F,1991-06-02,2025-11-26,prepaid,active,Nyala,1808.34
59c9dea4-47c4-4ff6-853e-9c1f689d3006,09167161727,75399543161,Mohammed,Hussein,M,1966-08-07,2024-08-04,postpaid,active,Omdurman,4418.62
82d0531d-0f27-4a62-80e1-47bd91fe13c2,09169293004,49229468976,Omar,Nour,M,1969-02-22,2023-06-20,postpaid,suspended,Omdurman,2677.44
108f13f5-ef3a-4983-b616-e01dd5ac9881,09182073786,65571955729,Khalid,Adam,M,1963-11-04,2021-08-16,postpaid,active,Port Sudan,2732.03
deb94893-c16c-42cf-b733-8a3329c505ab,09163727259,06359312151,Abdelrahman,Yousif,M,1964-03-04,2020-04-04,hybrid,active,Atbara,541.25
e19050b8-00ea-41fa-902d-ce9e95228847,09161311035,80771091204,Mustafa,Nour,M,1990-08-19,2024-12-08,prepaid,active,Atbara,1799.89
f14f803a-b84c-4949-a41c-e0032e500bd3,09184535468,19662300373,Amal,Nour,F,1995-01-27,2021-09-02,postpaid,suspended,Dongola,4866.95
6994bfae-4965-4894-9a07-c1fb184e1a7e,09161807783,36826144645,Tariq,Abdullah,M,1992-09-09,2023-10-24,postpaid,suspended,Omdurman,308.03
3452062d-736c-4e14-a2ed-bcb19034e8d4,09189742757,14891255291,Omer,Hamid,M,1996-05-16,2025-12-18,prepaid,suspended,Kadugli,2477.93
ac21ceb3-bc15-47b2-8c97-1492154b71b3,09186684927,25452832402,Khalid,Musa,M,1976-11-22,2020-04-10,hybrid,active,Ed Damazin,4708.38
c2d7d794-d6f6-4a9a-ac6d-7e47c2d6eb55,09129715010,23941429009,Kamal,Salih,M,1987-02-25,2026-06-14,prepaid,active,El Fasher,4128.53
8cf0cf1c-7803-4911-8103-59b7795d493e,09183249511,09670249116,Kamal,Ali,M,1980-01-11,2022-07-16,hybrid,active,Wad Madani,3837.31
6a5cc928-64bf-4f19-8136-b50707326922,09166793072,17821927900,Nasr,Fadl,M,1996-04-11,2024-05-12,hybrid,active,Kadugli,1967.6
c091c589-071e-4d1f-87fc-371cd7b1b206,09167635873,11135492586,Amal,Salih,F,2002-02-22,2022-05-01,postpaid,active,Ed Damazin,1454.08
79ec6b2d-9582-4acf-8931-fcc2d105b5ff,09181561368,23329046084,Hassan,Ali,M,1994-08-24,2023-10-05,postpaid,active,Bahri,1438.9
6c05bbb9-9732-4611-b845-90e566668843,09169997179,08481527711,Omar,Nour,M,1992-03-14,2021-05-18,postpaid,active,Khartoum,2328.89
0ad21981-94ab-44ab-9785-39b4e28d6f4b,09122040632,23628197991,Omer,Abdullah,M,1969-05-14,2020-09-11,prepaid,active,Port Sudan,4953.6
31dc680d-d1b9-4d0d-b763-febcef29f741,09187969781,62667141682,Widad,Hassan,F,1996-07-06,2023-02-03,hybrid,active,Khartoum,2225.93
b1781e6c-2072-43b3-9f9a-2fbfdf4d123d,09122151970,96273167349,Ibrahim,Bashir,M,1973-06-08,2024-09-17,postpaid,active,El Fasher,2597.96
9301a361-3778-45e2-b78e-c321abf7aaa9,09125485120,61268737014,Sawsan,Idris,F,1983-11-19,2025-04-05,hybrid,suspended,Kadugli,2511.01
a30439fe-c9e0-47b4-a89c-f64e5404cf9a,09182781259,83399197936,Sawsan,Suleiman,F,1997-09-24,2022-04-06,prepaid,active,Omdurman,403.44
d8012204-3a91-4df1-b5a5-d439bfb3a0ca,09181282775,65399837673,Huda,Adam,F,1974-01-25,2023-08-02,postpaid,churned,Bahri,2178.3
ff0c6473-4bf3-4dd2-9366-e5710713c2ae,09121423527,94340716276,Widad,Ibrahim,F,1999-02-11,2022-03-16,postpaid,active,Kadugli,3485.73
3e27d2c2-1cb8-4b4d-a7ce-8f8f72b8b08c,09161310666,02972945135,Osman,Yousif,M,1996-11-03,2020-01-20,hybrid,active,Omdurman,3286.09
8d8bb86d-2651-4306-b514-ae32d06ad4c1,09120659503,63262375054,Salah,Bakri,M,1978-10-19,2021-04-23,prepaid,active,Khartoum,4865.52
464c3715-8f09-43e7-abd6-ade060d2e799,09160683759,45870230710,Hala,Ali,F,1989-06-14,2023-03-17,postpaid,active,Khartoum,2063.07
d17910c4-b7cb-43f0-87c2-8aa799f47ac1,09167952408,74155075764,Babiker,Nour,M,1987-06-20,2024-11-30,postpaid,active,Kadugli,3879.89
a84a687b-8e4f-4306-9883-7331b818694c,09186424043,65451916002,Abeer,Hassan,F,1972-05-18,2021-04-16,postpaid,active,El Obeid,4544.63
86d24796-e396-4f70-b292-8229bde025a8,09124341781,48089658614,Omer,Yousif,M,1996-07-18,2025-03-19,prepaid,active,Kadugli,4578.21
15fba1c7-9a21-4830-a333-f9db7572867c,09165741228,76704447186,Salah,Bakri,M,1986-08-10,2020-07-16,prepaid,suspended,Khartoum,1269.75
183cd6d0-b84e-4fc0-9bec-5540074c2752,09183557142,70931912125,Zainab,Nour,F,1990-01-19,2021-12-12,postpaid,active,Bahri,3597.66
f8c15c08-d95d-4d08-b5de-d55ca8c1d745,09162068566,09028854111,Omer,Hamid,M,1970-09-04,2025-05-31,prepaid,active,El Obeid,168.66
907c2c63-4318-4241-b52a-a827a8ccf72b,09162771410,45288764688,Osman,Issa,M,1961-12-01,2025-04-04,prepaid,active,Kassala,4641.3
e1caec23-75bc-449f-be69-d88245dedf96,09161854641,37281122314,Salah,Adam,M,1983-07-08,2024-10-01,hybrid,active,Port Sudan,2076.62
0d93858a-6d41-46fb-8097-fbdf0a177e03,09164859975,26570056284,Nasr,Musa,M,1985-06-16,2021-08-22,prepaid,active,Khartoum,3552.96
6517461e-d26d-4c25-a0d9-c0225d46f6c2,09129629395,61361510037,Khalid,Hamid,M,1983-02-19,2025-05-03,hybrid,suspended,Dongola,741.61
ebdf97db-d720-465c-b2e3-5af3088bd244,09188600775,71555623947,Nasr,Hamid,M,1997-04-28,2022-08-17,postpaid,suspended,Sennar,3083.37
df857f60-d3e5-4ede-a966-376f834a901e,09169095198,09599056032,Widad,Nour,F,1994-12-19,2023-06-14,prepaid,active,El Obeid,3666.0
c3a077e4-d1cf-44de-a263-49d36c4ade7d,09128703302,,Babiker,Osman,M,1998-02-13,2022-07-01,prepaid,active,Khartoum,4917.88
fc56fa07-d798-4667-8c46-d71a6f3d5d59,09182996722,48551570343,Ahmed,Fadl,M,1985-05-28,2024-11-16,prepaid,active,Ed Damazin,383.53
d8c50c94-3296-444e-8e0a-e531f2d30714,09998636934,43747506368,Osman,Fadl,M,1990-03-31,2021-10-10,hybrid,active,Ed Damazin,3444.17
c4e1dbff-98e1-44a0-8282-a3ea1ff48a4a,09125641650,64330540696,Khalid,Issa,M,1993-03-04,2020-11-06,postpaid,active,Nyala,4274.63
d4775416-8dab-4c2e-87ef-f4e13e25f754,09163930092,24117715536,Zainab,Musa,F,2004-01-08,2022-01-22,prepaid,active,Gedaref,1455.04
baa170bd-6768-4ae5-8aff-49173b3b6e82,09121926936,09970739955,Omar,Musa,M,1968-12-26,2021-12-23,prepaid,active,Port Sudan,3150.57
66f67bf1-ba56-4406-8b36-b3fc613f12b7,09163594123,07567453770,Abeer,Nour,F,1995-06-22,2022-02-26,prepaid,active,Nyala,1041.97
7c1a6a47-ea0b-4178-8bf5-25839cbf23c9,09121219144,23814540327,Omer,Adam,M,1984-05-21,2020-11-14,postpaid,active,Kassala,915.53
4b0bb555-3021-47a5-b6f9-b960de7309a6,09129207441,14862978328,Ibrahim,Fadl,M,1985-08-18,2022-09-30,prepaid,active,Gedaref,827.57
463358e2-9a59-4f8d-86de-2f558e518fb6,09124009893,68701721518,Omer,Hamid,M,1983-09-15,2023-12-19,postpaid,active,Khartoum,310.44
441f876d-5ca5-43c0-91f5-f2f86ff237de,09122649232,72445038934,Khalid,Ali,M,2003-03-08,2023-08-11,hybrid,active,Atbara,2923.31
9085e37b-1b07-4202-be5a-c7d2a53ab29e,09127742267,16484351454,Ibrahim,Musa,M,1996-04-18,2021-02-21,postpaid,active,El Obeid,1143.91
717970ba-9dc3-4d80-bc4b-2a6b71b0f9f3,09185991890,34774499585,Mona,Bakri,F,1978-12-24,2025-03-02,prepaid,active,Kadugli,3984.2
b8a51a0d-c6c9-4711-9490-a477d6ad9760,09998100749,25197310298,Jamal,Ibrahim,M,1982-04-18,2021-11-09,prepaid,active,El Obeid,4660.04
6f7a6053-925d-4a5d-9ea0-a1471a0ae44b,09164840438,00866658153,Huda,Adam,F,1982-04-05,2023-03-20,prepaid,active,Ed Damazin,1208.14
2c6ec924-ade8-4131-82a6-af31ac0aa5bb,09169549465,92054888507,Salah,Idris,M,1979-01-19,2021-04-11,postpaid,active,Omdurman,2043.73
2bdadca6-3538-4ce9-b707-29146c18aa9c,09126925232,09966272507,Mahdi,Fadl,M,1961-01-04,2020-08-03,prepaid,suspended,Khartoum,4266.45
8b814d6c-41a3-428a-aa98-b5bc3d9bfd4d,09182227248,59931785878,Mona,Nour,F,2003-05-16,2021-09-29,postpaid,active,El Obeid,1164.28
026ab0f2-6a42-490d-aeb1-8e1f7d4c9521,09160373796,72803671999,Hala,Bashir,F,1982-07-04,2023-06-09,hybrid,active,Khartoum,441.05
4c8d5abd-529c-4979-aaf2-46d18644feec,09122394970,83406262953,Nahla,Nour,F,1995-07-26,2022-08-28,postpaid,active,Wad Madani,4269.8
5b8099d5-1ec8-486b-9cf0-6a3c457f9f57,09189418836,80898809320,Samira,Musa,F,1999-05-16,2025-02-02,postpaid,active,Sennar,2633.9
1583f770-4e9a-44c5-af65-ad704004a6ba,09125391255,25003089737,Mona,Issa,F,1996-09-30,2020-06-06,hybrid,active,Wad Madani,2369.83
e7b04816-3a1a-49f9-a327-430d330c87b1,09185836303,92858674360,Ibrahim,Hassan,M,1986-03-12,2024-04-14,hybrid,active,Wad Madani,1173.46
3af4054e-9d48-4b38-b099-e71ed5fc1d83,09126094718,88069513191,Abdelrahman,Musa,M,1984-09-18,2021-05-22,hybrid,active,Port Sudan,3893.14
352216f1-248a-498b-a4c8-27f4823d4fa7,09183864610,78127794917,Abeer,Yousif,F,1998-02-01,2022-10-08,postpaid,churned,Ed Damazin,3052.89
7c99b38c-5faa-4074-8dea-2d3ae17cad7c,09162704914,18562333831,Nasr,Abdullah,M,1996-01-04,2024-03-29,prepaid,active,Khartoum,1173.17
3c04ef12-cdfb-4abd-b0a8-8138c5c5f7b1,09189419513,07455290035,Nahla,Mohamed,F,1975-03-02,2025-06-11,prepaid,churned,Ed Damazin,2390.9
7d10fa2c-ff52-4ae3-95bb-980e94dc4733,09182263030,78371642946,Jamal,Ibrahim,M,1969-01-22,2021-03-31,hybrid,churned,Dongola,4027.45
24e842d5-e89d-4c75-9f85-ca34364c330a,09121603089,92563114021,Yousif,Ibrahim,M,1991-05-17,2021-10-13,prepaid,churned,Gedaref,73.74
7089b80d-996d-4ff8-9089-6e938558da15,09127781289,33234542231,Abdelrahman,Hamid,M,2002-11-01,2024-03-31,hybrid,active,Nyala,888.46
90a199de-7642-478e-84ed-3ea7f35b92e7,09165657076,21416350214,Rania,Fadl,F,1976-10-19,2020-09-13,prepaid,active,Omdurman,610.06
50391ba2-1491-4ae3-a6bc-27d1314176df,09165582009,41244516194,Mohammed,Yousif,M,1996-07-24,2022-10-30,prepaid,suspended,Khartoum,3123.05
e158dce9-de0b-4735-915b-5409a30d0b20,09122323677,09895342517,Somaya,Nour,F,1965-05-20,2021-01-13,prepaid,suspended,El Obeid,2502.97
17098f52-78e5-427d-80b9-faf41fe5eede,09165248993,08713016188,Omar,Issa,M,1962-05-25,2022-08-17,prepaid,active,Bahri,4435.48
6d77ba06-a8ba-4522-af47-0390e166a36a,09994835574,67469778034,Salah,Hassan,M,1977-06-09,2020-11-21,postpaid,suspended,Sennar,2969.85
1bc14a59-f727-4e8d-b64c-6f9db69ea7ed,09161771556,48964322469,Widad,Salih,F,1994-08-31,2021-12-24,prepaid,suspended,Dongola,503.42
fd45d6ee-e48a-4848-9e3f-45e6aaeaf421,09183263430,92620482401,Fatima,Mahjoub,F,1991-02-28,2021-03-27,prepaid,active,Port Sudan,2698.37
5acb0925-e4c0-4fd5-b553-cdb6bca9739b,09182471525,,Amal,Ibrahim,F,1994-10-13,2024-11-02,postpaid,suspended,Kadugli,2600.83
c024cf50-553e-40b5-ae2a-beb3465a8218,09127343190,85734698675,Abeer,Idris,F,2002-07-02,2020-07-07,prepaid,churned,Sennar,3464.8
3983475e-a7c4-4abb-a286-a824b74ade76,09129557720,05368890896,Ibrahim,Fadl,M,1984-07-11,2021-11-16,postpaid,churned,Gedaref,4732.9
f739b9de-c06d-4f78-9600-4725406d8f61,09187767129,44115309127,Mohammed,Hassan,M,1965-01-21,2023-10-13,prepaid,suspended,Nyala,893.12
33d89ad7-b910-4963-b710-c9a9e6f35b47,09124470996,74507162392,Zainab,Fadl,F,1991-12-29,2021-02-17,postpaid,active,Dongola,4037.32
aa12950a-fea3-4a6a-a839-260ce81431d6,09168112005,65553040743,Leila,Bashir,F,1978-04-19,2024-07-07,postpaid,active,Dongola,2246.92
e260b4c7-1541-40b1-8b0c-189f568a9181,,44823289017,Somaya,Ibrahim,F,1965-08-10,2020-04-23,postpaid,active,Wad Madani,4701.36
f077b9d1-fd04-466d-b751-83ffea7a5dde,09185434571,28403840588,Jamal,Ibrahim,M,2001-08-14,2020-01-21,postpaid,suspended,Sennar,4805.98
5af527b9-b8b7-45e9-9379-f24826c3c406,09187323351,,Omar,Bakri,M,1992-08-23,2024-10-26,hybrid,active,Dongola,1221.63
485d6b42-5fe9-416b-a696-8eba56318a9c,09127873358,05829989598,Ali,Ibrahim,M,1966-01-31,2022-05-29,hybrid,active,El Obeid,4723.82
3b180673-54d4-450c-aff8-75667ef10399,09164642273,00636470487,Leila,Hamid,F,1965-05-16,2022-07-01,prepaid,active,Dongola,224.26
aee81c3f-c213-4883-ae49-d6e446812a07,09184476337,79938047013,Nasr,Hussein,M,1960-10-16,2021-09-10,postpaid,active,Khartoum,4581.95
5d5c7a98-51f4-404f-bb39-2dd07db4ef5a,09187057973,10802713622,Mahdi,Suleiman,M,1988-06-28,2023-02-15,postpaid,active,Omdurman,4996.89
9d309111-e4dc-42e8-97ea-8281acd0c248,09121388691,,Ibrahim,Hussein,M,2004-06-28,2021-05-10,postpaid,active,Nyala,2787.16
85e2169c-4678-4bc9-842d-3e74309dadc9,09186981053,40534749230,Mona,Ibrahim,F,1965-12-02,2020-06-04,postpaid,active,Atbara,4509.28
8e670fc3-793a-4e49-81b2-e1f9e1d32aca,09161390726,74533962599,Mona,Yousif,F,1967-01-06,2023-10-01,hybrid,suspended,Dongola,3571.17
072f1d85-d4ca-4fd2-a8b2-c39e8ce9ecc4,09127372263,86171681383,Osman,Ali,M,1990-06-07,2024-06-20,prepaid,suspended,Wad Madani,473.7
fd31d1cf-6f72-4112-a0ee-2d89435fa1b8,09123578354,21135796144,Abdalla,Musa,M,1986-08-16,2020-03-12,prepaid,active,Atbara,2844.97
f976a93a-d18a-4f22-b84c-3004a5092861,09162279110,74655065302,Amal,Abdullah,F,1960-08-09,2020-03-20,postpaid,active,Nyala,3953.58
fbf4820e-cca2-4d55-8369-c27c1c1fd87e,09162042247,04284850136,Yousif,Mohamed,M,2003-04-17,2021-03-04,postpaid,active,Wad Madani,3076.96
4f3be5c0-02d5-4634-af03-3adc80768623,09168752193,26944643102,Ahmed,Nour,M,1970-05-31,2021-02-22,prepaid,active,Nyala,3264.61
b907a636-e374-4689-a80d-85b7aac9dc5b,09127862089,27997934832,Babiker,Fadl,M,1982-08-18,2024-06-02,prepaid,active,Bahri,2010.45
57d4f275-0ba9-4260-a27f-95b1ad74628e,09121775475,03168157366,Abdelrahman,Issa,M,1987-11-27,2020-02-13,hybrid,churned,Sennar,2086.5
fc393907-4969-41b9-83d5-058d94cac188,09129081970,,Ahmed,Adam,M,2004-11-30,2022-11-07,prepaid,active,El Fasher,812.74
e8b6bece-ecd5-404e-b0ae-ce9ff031cca6,09128482960,46208738432,Huda,Bakri,F,1975-01-25,2020-11-05,postpaid,suspended,Port Sudan,3946.09
ba5f60b2-a629-4a72-9c51-a01ea94068e8,09168252381,54743299557,Nasr,Fadl,M,1991-09-28,2022-08-30,prepaid,suspended,Wad Madani,1145.68
5cc56893-a181-4eb9-9956-08ad287a6b6e,09998889702,97920222123,Nadia,Abdullah,F,2000-08-16,2020-01-26,hybrid,active,Dongola,4073.86
636f6c5b-d441-437a-a79a-a7e5c64f967c,09185206108,41069777532,Fatima,Mohamed,F,1981-09-24,2024-09-02,postpaid,active,Dongola,2421.76
5b129f35-4108-4997-877a-ffbf97d71f1d,09127857228,04369174238,Samira,Hussein,F,1964-10-03,2024-07-20,postpaid,active,Omdurman,2906.51
95375e9c-1f51-476f-9607-0011890ad196,09127455275,,Kamal,Bakri,M,1974-05-14,2024-10-10,postpaid,active,Omdurman,343.43
526db139-f9eb-4247-9cbb-5c7d3875702e,09189313649,03657168897,Amira,Osman,F,1973-04-01,2025-01-06,hybrid,active,Atbara,150.2
4205a03d-7fca-46ab-ba98-3f5830b07de8,09993736230,70381717474,Jamal,Issa,M,1961-12-31,2024-01-13,hybrid,active,Bahri,2629.55
34b3dcfa-8a12-481c-8109-240d2f10025c,09180726693,18585218625,Hala,Hussein,F,1979-11-21,2025-02-11,postpaid,churned,Port Sudan,2904.95
dc2fc95b-82ec-4f61-9b95-cff1b76106dd,09124349093,42692634448,Samira,Ali,F,1978-11-12,2020-01-20,postpaid,active,Khartoum,4234.78
645520df-d291-4164-8563-a4b65267730b,09160193772,86756680734,Sawsan,Suleiman,F,1990-05-13,2023-11-27,prepaid,active,Omdurman,2290.09
51672bd6-a40c-41a4-91f8-62f19fb90dd1,09126472231,46420207657,Leila,Mohamed,F,1998-08-18,2025-11-23,postpaid,active,Omdurman,3453.84
7ab7a79e-aae3-4102-bfde-642458c0e240,09186236966,37861204597,Widad,Bashir,F,2004-08-04,2023-06-27,postpaid,suspended,Dongola,4847.84
7386ad59-4cd0-406f-a1b3-fdcb26028660,09126925191,15565292781,Somaya,Issa,F,1977-01-02,2023-06-13,prepaid,active,Wad Madani,53.83
8bc2d45c-301f-4b36-8ba9-888fbbd60d1c,09183383950,27862631413,Nahla,Fadl,F,1988-06-06,2020-04-15,prepaid,active,Atbara,2253.67
78f98a6b-f197-4c4e-b9f4-b3ce23bc4d68,09122011906,77368523747,Huda,Salih,F,1997-04-16,2021-01-14,prepaid,active,Wad Madani,3671.21
25bb467f-0718-431d-9a56-00441218db13,09160081105,21240766786,Sara,Nour,F,1969-02-05,2025-03-22,hybrid,active,Nyala,1448.23
30969a8c-5fd9-4d30-aab1-08751dd3ad43,09121074760,31077735339,Abdelrahman,Osman,M,1996-09-24,2022-03-30,prepaid,active,Kassala,452.5
67594744-647d-431f-89df-40813e0a6d07,09188027209,93525120987,Nahla,Mahjoub,F,1992-02-23,2022-11-24,postpaid,churned,Nyala,2492.96
3cc30b85-9a73-4a87-ade4-6f3b4d43e067,09168701280,87034116386,Abdalla,Fadl,M,1966-08-18,2020-04-19,prepaid,active,Port Sudan,268.24
7cd5cf08-10de-491c-b226-3c9a56a39dcc,09180056088,63841962841,Zainab,Bashir,F,1983-06-19,2022-03-27,postpaid,active,Atbara,144.9
eb01c45c-6b6c-48c3-aea2-d17dc4c24697,09181839576,85389335624,Ali,Ali,M,1970-02-05,2025-03-04,postpaid,active,Ed Damazin,3823.93
01f6d5f6-1d85-495f-8832-35a9fdd82e5d,09127869856,87967379956,Jamal,Mahjoub,M,1962-12-03,2024-05-27,postpaid,active,Atbara,3293.42
3bd10fe3-ed67-49c2-8c4b-ca6ecaf1d0db,09163487864,80105118426,Zainab,Hassan,F,1987-04-23,2021-01-19,hybrid,active,Bahri,4055.71
fa318a0a-4b28-4598-b726-f436e3f9c38d,,26273827606,Osman,Mahjoub,M,2000-11-24,2020-04-21,postpaid,active,Khartoum,4650.01
81dcaa57-6665-4877-a3a2-624487e113cf,09161198095,60699323236,Somaya,Ali,F,2003-12-26,2022-01-16,postpaid,active,Dongola,1277.9
0152721a-1923-4b4d-9eae-a43f3535d19b,09187311120,27221631741,Khalid,Mahjoub,M,1979-12-23,2024-08-28,hybrid,active,El Fasher,1212.81
5d6f3268-4362-4ccb-9f02-3841c4cef06b,09186354692,32662429966,Nasr,Musa,M,1980-01-02,2025-01-09,prepaid,suspended,El Fasher,1386.12
bbd8dfa1-fb43-4007-bd17-9404f0f72638,09189122800,23706093141,Sara,Ibrahim,F,2001-02-10,2022-02-01,hybrid,suspended,Nyala,562.76
50a0d704-5f03-49a0-a9fb-ab367be58059,09128945497,51523858972,Hassan,Bakri,M,1991-03-24,2020-03-06,postpaid,active,Omdurman,1123.24
3b94be8f-cbd1-4371-a192-c96c40bdf03a,09180313464,43901533958,Abdelrahman,Adam,M,1980-02-19,2021-08-10,hybrid,active,Dongola,2117.97
71da7fd6-742a-4216-8fb3-04934e6bd13f,,45903006799,Omar,Ali,M,1966-02-04,2021-09-22,postpaid,active,Sennar,197.26
ef01b559-479c-4c04-9e1c-3b7e6d9e0e22,09127472672,34068877275,Huda,Hussein,F,1977-10-20,2024-08-29,postpaid,active,Atbara,3448.32
f67d7467-e544-4bec-9b06-139b84652742,09182180893,16982379953,Sara,Salih,F,1987-01-15,2021-02-19,hybrid,active,Khartoum,1647.32
b02cdc44-4c31-42d5-88fb-9c891102f3e5,09162675652,98053036100,Abdelrahman,Osman,M,1984-02-10,2025-05-01,postpaid,churned,Ed Damazin,101.15
b4caab6f-59e2-4324-8209-5be20d106157,09129950098,72646271675,Ahmed,Adam,M,1971-08-27,2020-01-30,postpaid,active,Ed Damazin,3813.56
94407f60-d2fa-4361-a4b0-7a29dbcb716d,09167239742,47425891995,Nadia,Abdullah,F,2004-02-11,2022-08-19,postpaid,churned,Omdurman,2871.68
dbbae817-058b-4609-b9c4-8b502109d41c,09181603288,89489789417,Hala,Ibrahim,F,1971-05-04,2023-08-30,prepaid,active,El Obeid,667.81
49d8f8e5-ea32-459a-8401-d0782dcbe436,09121430252,00298904269,Tariq,Ali,M,1964-01-27,2024-08-11,postpaid,active,Ed Damazin,1579.69
aa66b4a9-a8fb-4d10-8906-236ad724b8a0,09187850616,13121788881,Fatima,Mahjoub,F,1998-12-26,2025-06-28,prepaid,active,Ed Damazin,2012.92
642cb5b9-39c4-4533-9a3f-c4fe6f580c2c,09123844461,17954957117,Zainab,Ali,F,1960-12-08,2022-07-04,hybrid,churned,Dongola,3505.4
02207651-8046-4a63-a98c-6a480ee03aa6,09161451831,32181670491,Babiker,Ibrahim,M,1992-04-03,2023-05-06,prepaid,active,Khartoum,4621.71
346296ab-55ee-4d0c-a1c5-e2406867285f,09185164064,00584451282,Abdelrahman,Yousif,M,2003-04-08,2021-03-11,hybrid,active,Bahri,4467.93
c1379bff-7048-49ee-9377-b2a88eabaf10,09164972483,25957485913,Omar,Hamid,M,1978-06-29,2024-03-31,postpaid,active,Gedaref,991.37
0b962c03-055b-45eb-b2fc-2825e4d0db19,09181871694,67568929247,Hassan,Bakri,M,1996-06-20,2024-05-31,prepaid,active,El Obeid,2344.1
97df8c69-4771-4620-86a3-18321e2f17a4,09125463676,21360629494,Huda,Ibrahim,F,1983-11-30,2023-12-15,hybrid,churned,Gedaref,2493.23
ce1d7a29-4122-42ec-a249-ba8e6456dbbd,09189987511,94893336399,Nahla,Yousif,F,1998-09-21,2020-04-03,prepaid,active,Kassala,2463.14
e6769814-9a7b-4d07-a32f-0e722f793e0a,09184459596,14097741841,Nahla,Abdullah,F,1972-10-10,2023-03-27,postpaid,suspended,El Obeid,4247.82
4db40a48-36db-4a7a-996a-53f589d3eb5e,09122276973,05721864532,Zainab,Suleiman,F,1999-01-26,2020-10-13,postpaid,active,El Fasher,4906.1
e1070ac7-b416-4545-8ce7-5edf90b748d7,09162279180,55470068873,Nasr,Idris,M,1960-05-28,2025-04-26,prepaid,suspended,Nyala,3264.23
0dca6942-718f-4dc4-aa99-bf37a10998aa,09126409762,82712882631,Dina,Osman,F,1961-10-05,2025-12-30,postpaid,suspended,El Fasher,4539.02
75a5d312-e895-410b-b25f-3415dba5439d,09997887242,28127731774,Nadia,Bakri,F,1975-02-06,2024-02-04,hybrid,active,Dongola,3832.34
a153d910-898f-41b9-8f9c-8a449ccb3464,09186505809,53164705948,Mustafa,Adam,M,2001-10-28,2022-11-17,prepaid,active,Khartoum,2414.72
9630c89b-1da1-4315-bd70-b0abc455599a,09184568893,22817108228,Yousif,Bakri,M,1970-09-28,2024-10-22,postpaid,active,Port Sudan,1284.31
fdeb300e-29f3-4224-b34c-f00df962ae9a,09123678358,84549086781,Mona,Suleiman,F,1978-10-17,2024-04-13,hybrid,suspended,Bahri,3753.08
4f8549eb-f2fb-4802-93a9-b45f3c3fe52d,09167647583,35663882822,Omar,Suleiman,M,2000-01-23,2020-01-28,postpaid,churned,Ed Damazin,3154.84
aa43799f-b218-4cd0-9b92-55cecb231689,09120842985,07702368104,Widad,Fadl,F,1997-12-04,2021-12-20,postpaid,active,Bahri,3719.09
eb273db5-0bba-47e9-996f-1e0c14b36fa9,,86731941949,Samira,Yousif,F,1973-05-16,2025-06-25,postpaid,churned,Dongola,1594.96
41b9e5a0-7fff-4f24-8b38-fcb462641ab3,09120231521,80961249201,Sawsan,Mohamed,F,1986-09-10,2021-12-19,postpaid,active,Atbara,2372.93
6cb49313-4ccf-4890-b3ef-58fbcec372ec,09162738016,58456324540,Omer,Musa,M,1992-03-31,2021-12-03,postpaid,active,El Obeid,2110.28
22b9b1d0-5672-4903-86b4-b9a11242b91f,09188521772,96229234671,Nadia,Adam,F,1986-12-28,2022-04-25,postpaid,active,El Fasher,948.12
5dae2d95-75ab-4729-adf6-22bce3dbf4d4,09166740018,47669953596,Ahmed,Bashir,M,1962-02-08,2023-10-10,prepaid,active,Ed Damazin,4673.98
53a88001-1d58-4338-ae01-2e423288b8d7,09162056224,71803881437,Nahla,Yousif,F,1969-04-06,2020-07-05,postpaid,active,El Obeid,3214.17
c7348371-15a3-48e2-a6f8-182db3b329f8,09180075079,75221780667,Kamal,Yousif,M,1999-10-28,2022-08-03,hybrid,active,Atbara,4897.94
c9cd3358-d358-4a9d-a5b1-86000237afc1,,61891355965,Salah,Ibrahim,M,2001-01-09,2021-05-18,postpaid,active,El Fasher,4141.11
b830b116-ab0c-44d3-a380-8f5fa6e32cb8,09166238026,70946186771,Mariam,Salih,F,1996-07-09,2022-05-15,prepaid,active,Kassala,4599.54
f9c0f052-a5af-4cce-b463-efb43da8f6ee,09183632280,29798013472,Ibrahim,Mahjoub,M,1963-10-19,2024-10-20,postpaid,active,Port Sudan,-3063.75
8ac9158f-54c1-4301-94d2-f1895b06b74d,09166703927,49914383975,Mona,Ibrahim,F,1960-01-29,2022-11-30,prepaid,active,Ed Damazin,3125.52
d69f840e-02a1-44e1-bef8-b9f56fc4e77a,09166715118,88827032248,Amira,Hassan,F,1965-10-10,2022-01-05,postpaid,active,Ed Damazin,976.37
9a4f26ee-ed47-4a01-b46d-0ebe994abf81,09163940819,27584827759,Widad,Yousif,F,1987-03-19,2023-11-04,hybrid,active,Bahri,2321.43
0b0c8b52-0a41-467b-9e1a-60af81017613,09124675957,96337119351,Khalid,Mahjoub,M,2001-08-10,2020-04-05,hybrid,active,Omdurman,2081.56
e40d39e9-2e39-41b9-b0b4-d12e4e7c8f0e,09994475398,28169453845,Abdelrahman,Mohamed,M,1990-10-18,2022-07-13,prepaid,active,Gedaref,3226.55
92890f40-62cd-410c-b07b-9970bbdb9dbd,09168292379,25996865066,Mohammed,Abdullah,M,1962-04-17,2021-01-09,prepaid,active,El Obeid,2630.46
9f170d7b-362b-46f5-b0b1-e3643dd17516,09160355581,80066056772,Mariam,Abdullah,F,1969-06-01,2021-08-06,postpaid,active,Wad Madani,3973.1
b304fe08-36d7-4fd3-899a-25e61afac101,09126399378,23691099787,Jamal,Mohamed,M,1975-02-25,2020-07-20,hybrid,active,Nyala,989.68
40ab9475-1c10-4309-b6dd-dc0997551410,,15357009358,Omer,Musa,M,2000-05-14,2020-09-06,postpaid,churned,Ed Damazin,930.9
ac9c5c2b-b331-4c32-8660-7c598dfab81e,09121878900,52994232554,Leila,Issa,F,1978-02-13,2021-09-03,postpaid,active,Dongola,3869.25
37b55ad7-0ea8-43d1-9cac-7fe255739545,09120258330,36132276904,Yousif,Salih,M,2003-05-19,2022-03-30,postpaid,active,Dongola,4343.51
6143c33b-d8fe-4b96-98bc-9dcec34b5ae4,09187808766,,Omar,Adam,M,1986-08-29,2021-11-11,postpaid,active,Omdurman,3394.32
565775d7-da9f-4842-b4a4-dec035907ac4,09186136375,06050335116,Hassan,Ibrahim,M,1981-03-14,2024-01-26,hybrid,suspended,Kadugli,1438.22
b32255f6-44ba-4d94-ab22-50818581c678,09125303426,02732269927,Amal,Hamid,F,1972-02-09,2025-05-31,hybrid,active,Bahri,922.18
3381127f-cd75-4781-948c-4b20a8e8064a,09187511029,39409965678,Ahmed,Mahjoub,M,1992-02-22,2025-05-16,postpaid,active,Sennar,1774.75
3dfbeb71-4bca-4922-a606-1bb840877f52,09120329284,42213843321,Abdelrahman,Abdullah,M,1981-10-15,2021-12-16,prepaid,suspended,Dongola,251.56
10f1f4b5-8b5d-4e1a-b505-9f578d5057a3,09160302930,95872020752,Nasr,Musa,M,1964-07-03,2020-03-02,hybrid,active,El Obeid,1964.2
49bfb478-5d52-451e-8bbe-0fd4339f86cc,09182314387,44373053596,Fatima,Hamid,F,1971-11-07,2024-02-25,postpaid,active,Khartoum,3678.59
c4ce4626-6fd9-4c81-8314-df3de20914e2,09182527397,67488139142,Hala,Osman,F,1960-09-14,2021-12-18,postpaid,active,Nyala,3079.79
60269c88-f6bf-45c0-828b-dfa8807db2fa,09160139887,84295337189,Amal,Abdullah,F,1982-12-06,2021-08-05,hybrid,suspended,Khartoum,3960.47
bf0877ec-bdbd-443e-ad31-c767b1d8442f,09180285212,00416485155,Dina,Osman,F,1996-05-11,2022-03-23,hybrid,churned,Kadugli,157.83
733b1ffc-ac27-493f-93db-69277e156f29,09160395088,88423594021,Omar,Nour,M,1996-12-11,2024-11-22,hybrid,active,Ed Damazin,2127.85
3e6fe039-f568-4887-b3b3-35a87bfc00f1,09186224462,,Hala,Ibrahim,F,1990-11-21,2020-09-18,postpaid,active,Kassala,4755.52
903acd20-b9aa-48c8-aa9f-36ac8e9d7562,09169944617,35360684470,Abdelrahman,Mohamed,M,1997-11-17,2024-02-29,postpaid,active,Sennar,317.15
3259d65c-f079-4e31-be49-9c4302b604e8,09160071106,48023258699,Ibrahim,Nour,M,1961-06-09,2020-07-11,hybrid,active,Kadugli,4844.11
91d44b60-045e-4f36-81d9-a18f6c03a31b,09166541124,22960691382,Abeer,Suleiman,F,1970-10-01,2024-01-12,hybrid,active,Gedaref,3121.36
060f8aab-16c4-4fb3-9743-306c96fdbb40,09167823967,56765948637,Jamal,Hamid,M,2002-05-17,2025-06-16,hybrid,active,El Obeid,2948.74
2b821223-be93-4402-968e-7eb3360e453c,09187248187,06337874726,Khalid,Nour,M,1999-09-23,2021-10-19,prepaid,suspended,Sennar,2594.48
d490ca0d-2004-41d4-ac60-b1d400439bb4,09126407620,28207495962,Osman,Suleiman,M,1984-12-31,2020-10-03,hybrid,active,Gedaref,715.24
806961c0-be4a-4c37-9cfd-a630a5f0f455,09181414215,82545143438,Ibrahim,Osman,M,1973-04-19,2022-12-08,prepaid,active,Ed Damazin,3634.57
1ea1963b-7cd5-4689-afb4-879192bc66b9,09120341594,92834942835,Mohammed,Issa,M,1972-02-25,2023-10-06,prepaid,active,El Fasher,2411.93
51d30748-2b33-4b43-9eb1-50169e8c0443,09166423691,70324223417,Mustafa,Suleiman,M,2001-01-02,2024-12-29,hybrid,churned,Bahri,3814.6
b4431351-d255-4bd3-b341-e33657d50ab2,09125245960,90127172098,Abdelrahman,Mohamed,M,1985-11-15,2020-02-20,prepaid,active,Khartoum,3215.0
1dbce187-b545-4396-9671-b64a72256270,09121199717,86256156368,Khalid,Issa,M,1995-10-05,2022-04-27,hybrid,active,Dongola,1690.39
eb3bf73b-77e0-4081-ae6f-7218ff754d96,09993112706,74928187113,Hala,Mahjoub,F,1996-11-09,2021-12-26,postpaid,suspended,Port Sudan,4858.63
f35b5455-8f74-4243-93c5-f56cbf31fd89,09168399049,79103033799,Leila,Salih,F,1970-05-16,2023-06-11,prepaid,churned,El Obeid,3580.4
63974c27-4bc4-490a-9f5f-b76ce1620c9e,09126440930,57761406926,Hala,Bashir,F,1961-12-27,2020-05-15,postpaid,active,Wad Madani,2070.95
ed7f5fdc-0af4-4f1b-918b-bdd8e78dc936,09188517444,41388258235,Nadia,Mohamed,F,1990-10-20,2021-03-25,postpaid,active,Port Sudan,1226.63
9c983137-4926-4bf1-8e8b-8df4039291ce,09169989043,81006310595,Mariam,Fadl,F,1962-07-04,2023-12-05,postpaid,active,Khartoum,3355.7
01b490e1-6d15-47f9-8da5-2d1bf21ae18e,09180733821,09200911498,Mariam,Hamid,F,1972-05-15,2020-12-29,hybrid,active,El Obeid,4401.8
74a1aa6e-4857-4061-9a92-f96e4793ecca,09129836469,06109603382,Widad,Suleiman,F,1973-03-30,2021-10-13,hybrid,active,Bahri,913.55
e8a4a472-c32d-48a6-b238-409800eccb16,09187270592,50188720696,Leila,Musa,F,1992-04-16,2023-10-03,postpaid,active,Sennar,3853.44
7cc81204-4a4e-46e9-8d88-e7dbdaa7355f,09128483972,00663295689,Mariam,Ibrahim,F,1993-09-23,2023-01-04,postpaid,active,Gedaref,2930.35
04fed5ab-fcd5-4556-96b9-112727072aff,09180619750,03814043880,Salah,Bashir,M,1967-12-03,2023-01-03,prepaid,active,Ed Damazin,31.63
b33862f6-8598-46ab-9430-ae83a20b92ce,09168584255,61417843760,Babiker,Ibrahim,M,1968-10-17,2024-06-08,hybrid,churned,Bahri,3895.13
a6848afa-32fe-4e18-bb5d-0e154143f064,09163524693,60425990401,Salah,Suleiman,M,1981-09-10,2024-11-16,postpaid,active,Wad Madani,2872.53
bb27b006-c00d-472a-b78e-f8a5be10afd3,09164574342,,Amal,Ali,F,1979-12-05,2025-05-11,hybrid,active,Khartoum,2176.18
c672aa98-586f-4c99-8018-db9280c38b3c,09180073590,13257044148,Zainab,Hassan,F,1972-11-07,2021-04-06,postpaid,suspended,Gedaref,4909.32
75867a9a-e843-432e-8121-c7c761e071c5,09188855739,39742608550,Somaya,Musa,F,1972-02-27,2023-05-06,prepaid,suspended,El Obeid,3962.12
f0e2355f-42c0-4f54-98c9-dd87932f6c7c,09163959569,17207036798,Mustafa,Osman,M,1978-04-02,2024-01-13,prepaid,active,Ed Damazin,4087.83
58080062-2459-49e1-b1be-0a32967d24cb,09995587825,48789052918,Mahdi,Fadl,M,1985-06-29,2022-06-18,prepaid,active,Khartoum,4250.44
5b6e44df-3ee4-4790-99f6-a6949c0725f7,09122203735,40533401647,Omar,Ibrahim,M,1992-05-25,2020-07-07,hybrid,active,Khartoum,3121.89
9e15146c-57fe-4161-bf1c-2265fe9f42c4,09188658510,21465481932,Mahdi,Abdullah,M,1974-12-17,2020-03-09,postpaid,churned,Omdurman,1764.84
74a31509-5f92-4098-849c-1e293d9b94ca,09127798795,04700622501,Khalid,Suleiman,M,2000-07-07,2024-03-13,postpaid,active,El Fasher,3428.38
a54b1471-90b6-457e-a845-e72365aaab74,09129360447,07066057965,Nasr,Ali,M,1971-06-26,2024-01-08,prepaid,active,Gedaref,3971.09
0f7ed10b-5a14-4add-ac88-2724bb82e725,09125982218,98701624445,Khalid,Hassan,M,1966-04-29,2023-05-14,hybrid,churned,Omdurman,1075.83
0f8c1026-24fb-4aca-bf22-e21e20fb9c54,09184978531,,Fatima,Bakri,F,1969-01-29,2023-03-27,postpaid,active,Atbara,1405.21
3b122713-c39c-428e-9bb6-a1440f6ff80f,09998452813,07250933302,Mohammed,Mahjoub,M,1964-07-03,2023-07-21,hybrid,active,Bahri,66.74
3d813bae-3850-40e0-91aa-53f9053ada69,09165232661,03821186205,Sawsan,Musa,F,1963-11-11,2021-02-02,postpaid,suspended,El Obeid,329.11
bd37121d-74b9-4cee-a0c5-b6bc73951240,09162649770,,Rania,Suleiman,F,1972-04-05,2024-02-15,postpaid,active,Kadugli,550.25
ddd06496-2a99-4c99-a09b-c5a762eb7320,09184190454,90654782924,Nahla,Issa,F,1965-01-11,2025-03-25,hybrid,active,Gedaref,2137.72
a00909d3-f6b5-442f-b003-90f90007688b,09120749890,06180203155,Tariq,Bashir,M,1998-10-02,2023-12-14,postpaid,suspended,El Obeid,-4023.22
6a53d9de-f0c0-4220-bb5d-a1566400e27c,09165076547,88915593989,Mustafa,Idris,M,2001-10-31,2024-03-05,postpaid,churned,Dongola,4478.12
da0244be-a120-43b2-aa83-80327b2cb3f7,09188074221,20373600145,Zainab,Musa,F,1976-09-28,2022-01-21,prepaid,active,Gedaref,3116.63
7650f953-97ab-490c-ac98-633cf6d670dd,09127939538,43071846609,Mohammed,Idris,M,1962-04-14,2022-01-27,hybrid,active,Dongola,1346.72
3470b3b4-fb93-4110-b040-17bd92cc2428,,20731156762,Hassan,Osman,M,1981-05-08,2024-04-11,postpaid,active,Bahri,2025.33
bd570f35-d7ea-40ef-a590-7953960b6756,09123038794,26340547551,Huda,Nour,F,1989-11-04,2023-06-03,hybrid,active,Ed Damazin,783.07
682f4b39-b5de-4ace-aba2-7a7cbf7064bd,09128091917,70198277179,Jamal,Abdullah,M,1990-02-23,2023-06-10,postpaid,active,Dongola,2804.93
3ba68e6f-2cf1-42e3-a67c-ffedbaa5d209,09127744415,65743759824,Mariam,Hussein,F,1966-09-13,2021-11-01,prepaid,churned,Gedaref,4740.65
49e6a412-90e2-4532-af51-6a62ab219c3f,09185584457,35264071491,Omar,Ali,M,1977-09-24,2020-11-30,prepaid,active,Ed Damazin,3624.23
868d98a5-d725-4857-bcc6-58a3b2a4586c,09166454312,90382651294,Amira,Idris,F,2000-06-13,2021-07-30,hybrid,active,Nyala,3854.08
2b2d87d3-4b8c-4a9f-b0f3-e1c97ec622a0,09161139122,27615842511,Mohammed,Suleiman,M,2002-07-09,2022-07-08,prepaid,active,Omdurman,2801.78
9c4142bc-1737-4285-a83f-f1973f8b287b,09187570340,97181485436,Hassan,Ali,M,1973-01-08,2025-06-06,postpaid,churned,Kassala,2602.63
a7f82010-a339-4de3-9ec6-90333ea76a75,09121785297,64284685192,Jamal,Bashir,M,1996-02-20,2020-07-23,postpaid,active,Dongola,3840.62
676fbeae-3835-4f84-ae1c-e48062b93d79,09164290039,16102811117,Somaya,Hussein,F,1963-01-04,2022-07-21,prepaid,active,Ed Damazin,2482.12
6bc4786d-f620-420a-b69e-a008acdc01f4,09168052170,20739701631,Amal,Fadl,F,1997-12-10,2021-02-06,hybrid,active,Omdurman,4594.29
8b3f8a94-a827-46e9-99db-056a8099fe32,09186767416,60648588844,Nahla,Hassan,F,1983-11-05,2021-02-27,postpaid,active,Ed Damazin,1362.83
9e74f8b4-c44e-42d8-a548-fb22d55b3d21,09128684512,65276673155,Samira,Issa,F,1975-06-05,2022-09-08,postpaid,active,El Fasher,4148.87
d101679c-a39f-4059-b690-5833644d01fd,09126818685,06345856977,Khalid,Abdullah,M,1965-09-07,2020-01-05,postpaid,active,Nyala,2524.31
fd6c4825-f6b1-494c-b0ec-3cf082bb13fc,09162423592,88700525136,Omer,Osman,M,1976-04-29,2024-01-19,prepaid,active,Kadugli,2014.93
526a504a-d1d7-44d9-9d3f-ee9ce5e8424e,09128487426,15471216275,Khalid,Idris,M,2000-10-18,2025-05-13,prepaid,active,Sennar,920.35
82e4ef7e-2fd9-4244-be34-0e445c5aea5d,09998384607,97480233523,Mariam,Hassan,F,1988-08-15,2024-05-23,hybrid,active,El Obeid,2987.38
40cf6fb1-5e89-4e85-ab2b-1a8ccf256e9c,09181555613,96047510424,Salah,Suleiman,M,1972-04-19,2022-09-22,hybrid,active,El Obeid,2589.41
5d0d092d-8ff9-43a9-ac97-1043b32ceaac,09167176853,84994084772,Hassan,Osman,M,2002-01-23,2025-03-24,postpaid,active,Khartoum,3104.41
d1390ce1-5477-4d8d-a5a4-ce3d1dab7370,09120464087,98173618857,Huda,Salih,F,1990-10-27,2021-04-07,postpaid,suspended,Bahri,4558.73
bd25430c-405e-43f2-9e2c-5c1a4a9d4829,09128082954,85211215946,Mohammed,Abdullah,M,1982-01-28,2021-08-07,prepaid,active,Gedaref,4595.65
150a4b05-858b-4f73-8e1a-ecde7d600616,09169017706,90533701936,Zainab,Bashir,F,1980-05-23,2025-02-17,hybrid,active,Gedaref,3942.33
f094174b-f013-4cd5-9ea1-65fe8c71a2a4,09183646296,90545219092,Huda,Idris,F,1995-06-27,2024-01-13,prepaid,active,El Obeid,2685.26
c498cb9c-79e6-4d9a-ba51-2fa7ec5f1f09,09166083073,54600797407,Fatima,Salih,F,1999-03-18,2024-05-22,postpaid,suspended,Kassala,1291.39
d8f3cf56-a308-4cf2-8459-8750d5bbc47b,09183348869,54680022097,Osman,Musa,M,1997-11-07,2022-05-02,postpaid,active,Omdurman,3540.26
c773b809-4caf-4c63-8ffb-3edb2c16fbcc,09186274233,41283437037,Somaya,Musa,F,1990-07-23,2021-08-03,postpaid,suspended,Gedaref,2084.07
ab617892-4aa6-4426-81e7-06e26f53c827,09126913946,89332766163,Amal,Suleiman,F,1985-03-19,2024-06-14,prepaid,suspended,El Fasher,758.27
0f68cf1c-3ce1-45e3-ba60-43a71ae6b964,09167481532,46063981808,Mariam,Ali,F,1989-09-05,2022-12-26,postpaid,active,Gedaref,1957.69
b03dbb10-bd68-40ab-95a2-3ef89e8ab3f5,09120789493,50617723820,Nasr,Yousif,M,2000-11-27,2022-12-27,prepaid,active,Kassala,2797.46
ea0c232e-b02d-421e-a5fa-1859c8774aec,09188103202,24017328159,Intisar,Hamid,F,1988-11-25,2022-08-15,prepaid,churned,Bahri,1299.54
c277f269-86c6-4623-8d93-532fbfcbd7eb,09184043781,41195873606,Fatima,Adam,F,1980-10-28,2022-04-01,prepaid,active,Gedaref,4505.69
df91b522-f1fe-46ed-8f3c-dc7e8e01d40a,09167239532,,Mohammed,Mohamed,M,1997-07-21,2021-03-01,hybrid,suspended,Nyala,4878.12
02865dd1-823d-43a6-9865-412d120d2376,,21560232474,Leila,Salih,F,1995-07-25,2024-06-25,postpaid,churned,Bahri,4764.46
6056793f-a196-4253-b2ce-e89520bbdd79,09160359797,80878417867,Huda,Osman,F,1980-01-31,2025-03-28,prepaid,active,Port Sudan,2855.29
a0ef0a12-5fdb-4326-afc2-8e7c317c15b3,09122035210,48114681389,Nahla,Ali,F,1980-05-17,2022-01-27,prepaid,active,Nyala,994.53
434a5300-57bf-4fa1-bf68-639197d783b1,09125249371,04176285103,Intisar,Hussein,F,1960-08-09,2020-08-07,postpaid,active,Khartoum,3695.07
0c60b12a-a3be-437a-88ad-62ddbf5509b0,09121880690,43891148219,Hala,Hussein,F,1970-01-23,2025-08-31,prepaid,active,Kadugli,4802.36
52ea1d53-40fc-4f85-8f7c-c97518ffde54,09164150995,75681134315,Khalid,Hamid,M,1979-12-31,2021-07-25,hybrid,active,Omdurman,1295.96
381f2541-7743-4d24-8bd6-ab4fcf1353f9,09123596347,26247193916,Tariq,Hussein,M,1988-07-07,2021-05-31,postpaid,active,Ed Damazin,4884.63
2a8c7b29-ec8a-4079-8f12-bcb7045a7f3b,09162403648,00254064676,Ahmed,Bakri,M,1992-10-26,2020-07-19,postpaid,active,Sennar,2496.23
d6d41297-532d-42db-af8d-df5233f7a684,09122365564,41493001590,Yousif,Mahjoub,M,1979-08-16,2024-10-06,prepaid,active,Khartoum,1190.13
cc011e3b-8f32-411d-a1e2-ba60ea414ba4,09163644566,30906695804,Tariq,Osman,M,1984-04-16,2020-02-28,postpaid,churned,Kadugli,4717.09
f6392694-5e84-4b12-816a-de1e6663a385,09161792300,28834928445,Huda,Musa,F,1989-06-03,2020-05-08,postpaid,active,Dongola,4072.59
d0aa734f-e9cc-4541-b1f2-b9212cb265cf,09127944000,10568977903,Jamal,Adam,M,1998-10-11,2022-03-10,hybrid,active,Kassala,671.72
984cbf99-97ba-4d36-9f04-841e8fa7b3c9,09168928697,97934859635,Salah,Mahjoub,M,2002-07-01,2021-01-24,prepaid,suspended,Dongola,997.95
00c29acd-ac5e-4852-9b02-22d15109d7d1,09167948157,,Salah,Mohamed,M,1965-09-11,2021-07-12,postpaid,churned,El Fasher,1175.41
93bb62ed-902a-46c6-8f55-00c8bc0fe31d,09180203287,07896178322,Sawsan,Mohamed,F,1993-06-20,2020-06-29,hybrid,active,Gedaref,1841.44
4814f3a4-4d2c-4152-9ba9-7a757719ae4a,09122232601,75426988320,Amal,Ali,F,1967-03-06,2021-02-26,postpaid,active,Kassala,2761.68
8a12d12b-ce68-4347-be9f-a07da75039ce,09188456727,85730239484,Omer,Abdullah,M,2003-01-25,2023-10-04,prepaid,active,El Fasher,1168.57
b0b2fba8-f450-4868-b9cb-4209a80c8697,09123701832,74031694743,Nasr,Hussein,M,1983-05-10,2020-09-23,hybrid,active,Gedaref,3764.18
8f11f7e9-fabc-4f64-8dfe-707ed4fe952e,09125021864,59821941517,Dina,Issa,F,1996-08-15,2022-02-03,hybrid,active,Wad Madani,3270.8
d0af4fc2-6b8e-45fd-909a-58a521fc980a,09183032535,55995397205,Samira,Adam,F,1997-02-18,2025-10-09,prepaid,active,Sennar,3762.53
8dc70be2-45f5-4c16-8944-9d69fc786808,09187396707,10601130322,Ibrahim,Issa,M,1978-12-09,2021-05-10,prepaid,active,Kassala,-1396.96
1e46f82a-5ed7-4f17-b285-2e40cf78f7c1,09160267412,16382459622,Omer,Musa,M,1980-05-09,2025-04-13,hybrid,active,Kassala,3450.57
a65806b8-6141-440a-a95b-60476a573b21,09160996079,39105150710,Sara,Mahjoub,F,1966-12-12,2023-07-04,postpaid,active,Kadugli,1707.01
e3ba9fd2-17a7-4fb0-9a25-eafde806351c,09183209283,53424950152,Huda,Issa,F,1961-04-22,2020-06-13,hybrid,suspended,Kassala,4182.88
522a9b0b-73ff-4531-82fc-51fb1e52132f,09187993246,96492896389,Osman,Bashir,M,1996-12-05,2024-04-30,prepaid,active,Sennar,2106.65
52223ed3-f4e6-4dce-a3b1-9be31317032b,09164764249,44282818325,Mohammed,Mohamed,M,1992-08-11,2020-09-12,prepaid,active,Gedaref,4896.62
15123a51-c5df-481d-9143-d9e0696f072a,09127297213,69086602296,Mahdi,Bakri,M,1980-07-13,2020-08-18,postpaid,active,Khartoum,585.93
77fcfff3-eacb-4f8c-bb51-269471b8cbf9,09183417609,71377793864,Abdalla,Adam,M,1961-12-23,2022-03-24,postpaid,suspended,Kassala,4120.72
09061b5e-d085-4a13-8efa-9a948acd053c,09168635943,01226941535,Hala,Salih,F,1982-07-22,2021-09-07,prepaid,active,Gedaref,4631.66
81e4c41d-f78e-4fd3-bfc0-1b8fc0521bf9,09182216259,32240840749,Amira,Suleiman,F,1977-11-08,2024-07-07,prepaid,active,Omdurman,2035.41
333604cb-a739-4a9e-a3e0-558439d1567c,09187440291,33227603921,Osman,Hussein,M,1969-04-12,2023-06-30,postpaid,active,Khartoum,1942.4
26d2969f-0146-4d28-898d-18f64e191936,09129986631,80583097690,Leila,Abdullah,F,1986-07-28,2023-03-13,prepaid,suspended,Khartoum,2489.71
23bbf35f-8bd5-45e2-b762-dbaafcb108b2,09169377533,59409533243,Jamal,Bakri,M,1977-09-06,2022-10-14,prepaid,active,Gedaref,2630.94
cebbc571-cefc-4e58-8096-5204323b4753,09188902547,12780664485,Amal,Ibrahim,F,1996-06-25,2024-02-08,hybrid,active,Nyala,2575.86
8458fd23-99d9-4fc9-947e-c247b5a4408b,09127011836,06370554565,Leila,Hassan,F,1969-04-28,2022-11-04,postpaid,active,Kadugli,1391.45
492df326-fbef-42fd-aa3c-471f8c34a18d,09160941382,25814010119,Huda,Salih,F,1962-03-25,2022-12-05,prepaid,active,Sennar,1539.89
aa6fe193-8d0a-4f86-b9ad-b7e293b43bf4,09168081063,55197263445,Omer,Salih,M,1988-07-26,2023-07-17,postpaid,suspended,Bahri,1451.78
4a31576d-f359-490f-9c14-8bbdf5960e86,09165972205,01160026849,Osman,Bakri,M,1999-02-23,2024-01-18,postpaid,suspended,Nyala,3705.42
4975c5c7-f23c-4204-aa0b-a46b16941fbd,09166377555,79431936671,Ibrahim,Mahjoub,M,1968-03-20,2023-05-28,prepaid,suspended,Port Sudan,1676.44
818222c5-a3af-445a-b7f9-7950c3224ea5,09129187937,59372751315,Jamal,Yousif,M,1994-01-11,2021-03-19,prepaid,active,Port Sudan,4269.44
9274fafd-61f4-4869-ac67-23700e34845c,09188540794,53934112364,Nahla,Bashir,F,1996-06-21,2021-07-16,hybrid,suspended,El Obeid,245.01
6b98daf8-0077-4074-8c9a-34b4a6f992b2,09164740550,37501605570,Zainab,Adam,F,1984-11-27,2024-02-01,hybrid,suspended,Dongola,315.08
ca833b7c-f328-455b-b36c-9bd069263739,09187357685,64296539990,Mahdi,Ali,M,1988-01-21,2022-06-01,postpaid,active,Sennar,2192.51
81e242d3-13d0-4eb4-bd62-9b93eba22b5a,09167448996,15160080443,Omer,Nour,M,1992-08-18,2024-07-22,prepaid,suspended,Sennar,4994.76
c4c5ceb8-6fde-49b9-b07c-de0ffd162856,09127603453,00734152742,Omer,Fadl,M,1967-08-16,2021-03-15,hybrid,active,Port Sudan,4784.81
d9163005-2257-4837-b096-2d4f0cb653ab,09121808753,74126002674,Amal,Nour,F,1990-09-23,2024-05-12,postpaid,active,Wad Madani,2849.0
d8534721-4db1-4525-a913-031578ecad19,09162488782,02825365522,Zainab,Adam,F,1961-12-14,2022-09-01,prepaid,suspended,Kassala,4230.72
a19863eb-a567-45aa-ab35-bca24e3786d0,09125716195,,Yousif,Issa,M,1992-12-06,2020-04-25,postpaid,active,Gedaref,387.34
e47d2ea7-3c2f-4c81-b32f-720ab543ae06,09163547658,48854762069,Huda,Idris,F,1980-09-30,2022-05-31,hybrid,suspended,Ed Damazin,2421.88
d4fc644b-14bc-4c42-a82f-036efe162702,09166174326,41722551458,Omar,Suleiman,M,1989-06-11,2020-03-10,prepaid,active,Atbara,2926.02
df91fd29-cbd9-4934-907c-3126cf497b8d,09122639001,99073948834,Ahmed,Hassan,M,1960-01-13,2021-10-21,hybrid,active,Dongola,4.32
7c0aa594-1c9c-424d-bf5b-15537c3273c8,09129703450,58820244694,Jamal,Bashir,M,1978-08-13,2025-03-20,hybrid,suspended,Gedaref,2355.66
3fee987b-f590-46f1-838d-9890d8cfc059,09188304214,53823321301,Nahla,Fadl,F,1979-08-05,2024-09-01,postpaid,suspended,Dongola,2569.53
96506949-5e7b-4de3-a2d6-5e2590a6603a,09125611943,61475629788,Widad,Ali,F,1973-06-08,2022-02-06,postpaid,active,Port Sudan,4813.08
3156549a-0186-47fb-a09b-19ae83d6970a,09186904883,56347168801,Samira,Salih,F,2002-05-09,2023-11-22,prepaid,active,Wad Madani,3685.66
7a6de6db-b53d-486a-924f-f6ea97722b11,09126500235,64140771421,Mona,Idris,F,1962-01-10,2022-09-14,postpaid,active,Sennar,3962.71
75802ae5-7434-4f03-aee6-ba4e0c643494,,91080778585,Mariam,Nour,F,1967-09-07,2025-03-31,prepaid,active,Dongola,3379.92
08ebd2f5-39cb-40b6-8d42-7bdab49f6193,09160383478,62646161501,Dina,Mahjoub,F,1996-12-01,2020-03-07,postpaid,active,El Obeid,4906.63
f754f49c-05b8-40b3-bd7d-cdb4cc580778,09161140767,03470082637,Mahdi,Bakri,M,1986-12-05,2023-06-27,postpaid,active,Bahri,3314.1
4afc22b0-cc27-4b0d-9af4-3941e88360f8,09162198938,35930168497,Nadia,Bashir,F,1965-07-02,2023-10-03,prepaid,active,Bahri,1807.6
581a067b-5d8f-4299-9ca1-0bd1a679491a,09164034287,56731101766,Abdelrahman,Abdullah,M,1960-03-20,2021-07-20,postpaid,active,Dongola,663.98
5ed15359-8237-4685-a15c-44339aa9ba10,09188569103,93481003345,Nadia,Mohamed,F,1978-11-06,2024-11-18,prepaid,active,El Fasher,1549.58
b775f7af-fc59-4b81-be44-e4daffb01499,09188115791,36789537928,Omer,Issa,M,1965-05-03,2023-04-27,prepaid,active,Nyala,3348.15
008c8367-5b30-4753-9dee-4f56f941003a,09187131158,25084342112,Mahdi,Ali,M,1968-07-01,2024-08-24,hybrid,active,Wad Madani,3738.94
fe2394e6-f4c8-426e-bc40-a13d5aa91d24,09167054332,12595432443,Mustafa,Issa,M,1976-06-17,2021-06-24,prepaid,churned,Wad Madani,4859.21
6e511bf2-eb1b-45d3-822a-d2a0d8a55d6c,09189894081,67233693510,Osman,Adam,M,2001-08-19,2021-11-05,hybrid,active,El Obeid,4048.34
35aae231-06d5-4998-9ea3-13cb3b197e1c,09169415409,46174556378,Babiker,Hamid,M,1963-06-17,2021-01-09,hybrid,active,Omdurman,3592.4
5f702f59-de96-46da-afb7-1bafa4a8d37a,09124096129,92623618157,Ahmed,Yousif,M,2001-11-15,2023-10-07,postpaid,churned,Ed Damazin,-2347.85
b0fe662a-cf6a-4d7f-ac7e-544612deb0b7,09180475523,03350123290,Abdelrahman,Mahjoub,M,1964-07-13,2020-11-17,prepaid,active,Gedaref,1332.26
c2b51ff5-5f29-42d0-a4de-77594eb21824,09122121511,08809895066,Babiker,Nour,M,1993-06-06,2025-02-10,hybrid,suspended,El Obeid,1978.59
2410eec5-efef-410a-8f73-7846ee7099ce,09181452860,,Amira,Adam,F,1982-07-25,2025-02-07,hybrid,active,Bahri,694.21
d9719920-fca1-4685-b961-054315729810,09187639160,07694165870,Somaya,Bakri,F,1966-07-19,2022-12-18,prepaid,churned,El Obeid,261.53
3e1b4ac8-5d85-4274-9240-59ab7c6326b7,09126785304,45675981863,Osman,Salih,M,1972-03-13,2025-06-11,postpaid,suspended,Port Sudan,4901.04
27fa8c2a-7b82-42e8-849f-99cdc576afeb,09127481626,98520566059,Huda,Hassan,F,1977-05-14,2021-03-30,hybrid,active,El Fasher,3838.17
660040ed-b420-4a92-bff5-8abbd0d921c3,09125690287,61976813891,Sara,Nour,F,1961-12-05,2021-02-08,hybrid,active,El Fasher,3578.89
4d52edf6-088a-4b16-b518-c2ca96715722,09180031908,,Omer,Musa,M,1993-10-30,2023-01-09,prepaid,suspended,El Fasher,2491.85
c66ad1f3-d1e6-4401-ac68-0fc50b5471cf,09163781169,09727328557,Yousif,Issa,M,2001-06-02,2025-01-05,postpaid,active,Ed Damazin,1272.23
031c2bf8-d79b-47f5-b684-9c7823aecba3,09186198272,60657682996,Rania,Ali,F,2002-03-22,2021-04-01,hybrid,active,Kadugli,1536.92
52ec8379-6e09-47e4-88ef-14e028da4050,09180428878,92598672419,Sawsan,Yousif,F,1992-01-28,2022-06-15,prepaid,active,El Fasher,346.84
a0be5d41-e671-433d-b085-f176ef6805c6,09162892576,55514659983,Intisar,Yousif,F,1965-11-05,2022-04-14,prepaid,churned,Atbara,4623.58
09dcf35d-bdb1-450b-8f90-17a15f6bbc62,09189315305,86548338806,Yousif,Hassan,M,2004-10-21,2020-12-04,hybrid,active,Kassala,867.18
4690eb14-e608-4993-8bad-a5ce37e8712b,09185667175,24097586139,Somaya,Bashir,F,1980-08-22,2022-04-29,postpaid,active,Dongola,2903.45
fbc2997d-b9fd-46f9-8604-8a1e8b5f6af1,09161850060,30798436348,Mohammed,Salih,M,1995-11-02,2020-09-13,postpaid,active,El Obeid,2726.72
8123c37b-3888-45a7-90b9-dbaf8e6deb46,09184869384,13707870330,Abdalla,Adam,M,1967-11-04,2022-05-18,prepaid,active,Bahri,4554.17
329ce8bf-4eba-4130-a361-32b95e90ed42,09182179764,67057420500,Amira,Yousif,F,1963-05-16,2020-01-29,prepaid,active,Dongola,760.2
54c70289-cc84-47e2-9ae0-df082b0e73f0,09121990688,70909042326,Rania,Mohamed,F,1997-02-10,2021-11-25,hybrid,active,Nyala,1543.43
3f31082b-c881-4dad-b98f-d6eda2bcdb27,09184259220,,Amira,Fadl,F,1990-10-30,2024-10-30,prepaid,active,Nyala,4643.3
dbe17230-9092-4e12-a527-d11669ffa7d5,09125774416,62145984847,Mahdi,Mohamed,M,1967-02-10,2023-08-17,hybrid,suspended,Atbara,3461.65
a3e80e43-eee5-448f-907f-bd56f23a4ddc,09168268141,55014570040,Mahdi,Musa,M,1968-06-03,2024-02-16,prepaid,active,El Fasher,1670.52
1ab10c79-f8cf-46dd-b26b-490abb146f1e,09186131883,95570160161,Yousif,Nour,M,1993-03-14,2024-11-16,postpaid,churned,El Obeid,3466.67
b164631f-f1f6-4e1c-9a3d-ea7574e13199,09160942065,99954408099,Babiker,Osman,M,1988-06-09,2024-10-05,hybrid,active,Dongola,2592.07
1d1faedc-b57f-47c2-a3cf-7e517b5b0388,09186308397,72518833895,Samira,Mahjoub,F,1981-11-16,2022-07-26,hybrid,churned,Khartoum,891.79
8e9bcc00-78a6-4513-ba1e-43961658fab6,09125449970,75545388223,Samira,Mahjoub,F,1984-05-10,2020-04-03,hybrid,active,Khartoum,3873.87
7325c3cb-4ec5-4844-bc9f-d36ed907f4bb,09128267828,27598768079,Nahla,Salih,F,1966-02-23,2020-05-20,postpaid,active,Port Sudan,544.85
55d679f2-b44b-467d-9108-03ea0414068a,09123863458,72363628584,Kamal,Suleiman,M,1966-08-19,2020-11-24,hybrid,active,El Obeid,2435.23
766a1980-b717-45c0-a8f9-4fbb25874929,09168805074,51152471871,Amal,Bakri,F,1961-09-01,2020-04-29,prepaid,suspended,Khartoum,4498.38
40aac58a-dbeb-4f60-ba38-255ced98d831,09127286324,94878360029,Mahdi,Musa,M,1987-03-01,2025-06-23,hybrid,active,El Obeid,3664.77
356bfbd3-6f36-4559-8afa-938571b994a8,09181727018,91388721728,Abdalla,Yousif,M,1982-01-03,2023-06-05,prepaid,active,Nyala,2111.76
69cce9c9-1fc2-4c37-a7b5-9018982c0c48,09169493173,32206248072,Nadia,Bakri,F,2000-12-13,2022-06-02,prepaid,active,Wad Madani,3393.51
d9034c8e-96b0-4650-bff9-1407ccafd7e9,09164342050,24090508345,Ibrahim,Nour,M,1965-02-05,2021-08-31,postpaid,suspended,El Obeid,61.82
9c39e8c4-1c48-4158-b631-ed9e188c56fa,09162617515,41882287002,Intisar,Ali,F,1966-01-31,2021-11-07,postpaid,suspended,Omdurman,1080.34
fdfbe8e2-6fce-40de-af95-7ee0a2e0affc,09129874451,22760786607,Hassan,Hussein,M,1996-03-09,2022-06-22,postpaid,active,Bahri,3809.3
79373570-b4d9-4520-98e5-5b5241d23e70,09123599233,12899851186,Mahdi,Fadl,M,1960-03-31,2022-12-14,postpaid,active,Omdurman,4388.37
3c8cf349-2feb-40a4-a40c-eceb5d8d088c,09164894667,46550575194,Zainab,Issa,F,1980-10-29,2022-03-01,prepaid,active,Wad Madani,704.04
0e80da5d-2c40-4e8c-9bbf-22c445dd55bc,09181154947,50465342542,Jamal,Issa,M,1973-07-08,2024-04-05,hybrid,active,Port Sudan,3529.58
493804df-d6d7-4c1f-bd91-4db659070682,09184805796,87335201889,Kamal,Fadl,M,2000-10-01,2023-05-10,prepaid,active,Dongola,4412.76
a09f5e37-6c8f-4163-a586-7dd4ca7ead28,09128665358,18985791721,Sara,Mohamed,F,1983-10-30,2024-06-05,postpaid,active,Bahri,3179.79
697a84ba-c33f-45fb-a1c5-f336a46b0117,09185109346,67308804808,Mona,Hassan,F,1968-03-31,2021-06-20,hybrid,active,Bahri,4241.74
